source1_entity_id	matched_entity_ids
S1-844302466	S2-639592245,S3-771689156,S3-885386342
S1-337378131	S2-422055577,S3-943136322
S1-879368154	S2-589909864,S2-418924300,S2-464487670,S3-644894929,S3-608288417
S1-757190161	S2-768555052
S1-358099613	S2-716923867,S3-319492083,S3-31089639,S3-861540868,S3-783575674
S1-497627091	S2-827816098,S3-649680836
S1-762068854	S3-817872506,S3-768288904
S1-211327149	S2-779769158,S2-24196373,S2-60354856,S3-197471836,S3-590318053
S1-809486955	S2-616176319,S2-789263325,S3-665047727
S1-763573530	S2-400974035,S3-435168738
S1-261322243	S2-622544174,S2-953885580,S3-913336512
S1-619195306	S2-273702072,S2-889404086
S1-640017416	S2-321152885,S2-292658921,S3-298404461
S1-415420401	S2-957927065,S3-283520420,S3-711904658,S3-601549531,S3-240570327
S1-304246956	S2-582411050,S3-144832313
S1-297449553	S2-957518166,S2-899807302,S2-124304677,S3-862708281,S3-71807125,S3-64175692
S1-947487213	S2-685571857,S3-924468466,S3-649991377,S3-656939777,S3-456539148
S1-961361798	S2-886761546,S3-419155207
S1-861124835	S2-775346003,S3-164642336,S3-855926441,S3-491672720
S1-221456935	S3-137256516,S3-68040586
S1-807824930	S2-526283986,S2-933463661,S3-171340027
S1-274645083	S2-79842184,S2-839384948,S2-343146770,S3-385484771,S3-565414310,S3-78030992,S3-996694030
S1-649059800	S2-37041195,S3-762481728,S3-698638696,S3-585818774
S1-511662540	S2-264658112,S2-740726207
S1-986856247	S2-700032730,S3-675682531
S1-479017556	S3-65579866,S3-881053433
S1-964504078	S2-845408129,S3-804381692,S3-505113514,S3-979523897,S3-922909425
S1-131974799	S2-737652213,S2-905380307,S3-473579414
S1-991777339	S2-256144781,S2-960671272,S2-482266930,S3-368645934,S3-170143218
S1-889331466	S3-899856452,S3-121654191
S1-221416024	S2-977783829,S3-628948763
S1-505964867	S2-302136154,S2-738790644,S2-272242535,S2-136760410,S3-782973299,S3-284224961
S1-923697613	S2-193728525,S3-400102580,S3-786344388
S1-975687782	S2-308910276,S2-771444331,S3-939002535,S3-480782589
S1-149085861	S3-452989632,S3-63831741,S3-123506809,S3-348370127
S1-443020389	S3-159584526,S3-834687470
S1-423944966	S2-449136032,S2-59003629,S3-157942110,S3-193425176
S1-299464727	S2-948480752,S3-400985192,S3-835255690,S3-777817224,S3-302754971
S1-575596459	S2-255754375,S2-156526454,S3-973396519,S3-719443696,S3-316739636
S1-985088995	S2-440858908
S1-651305231	S2-621628969,S3-73575086
S1-623086010	S2-735857236,S2-590203126,S3-11851169,S3-182867033
S1-743077	S2-918708323,S3-215426397
S1-925413246	S2-704538166,S2-927964867,S2-130400017,S3-227680187
S1-425157341	S2-303361301,S3-566528668
S1-318463028	S2-331745686,S3-820106390,S3-596468325,S3-510686364
S1-652351136	S2-50018834,S2-375202242,S3-26134594,S3-651056095,S3-843648490
S1-507762214	S2-615046898,S2-194101107
S1-424013101	S2-110437665,S2-505384236,S2-269432840,S3-503958121,S3-496863444,S3-672446448
S1-647554453	S2-552952731,S3-496789502
S1-715432824	S2-718260987,S2-57759823,S2-547045078,S3-123341354,S3-180389189,S3-622375022
S1-361911412	S2-961505534,S2-816431231,S3-799344756,S3-125992071
S1-221243572	S2-640724033,S2-278747495,S3-400447411
S1-131462432	S2-712397924,S2-408463634,S3-141012176,S3-918225013
S1-807435019	S2-952349735,S2-222943251,S2-698183117,S3-75969216,S3-386233997
S1-457411277	S2-226581481,S2-135578018
S1-809260116	S2-443176122,S2-688358268,S3-728794047,S3-91575316
S1-152520689	S2-147302828,S3-608011259,S3-809848868
S1-23924497	S3-621422206,S3-896393378
S1-487566861	S2-608139013,S3-65553229
S1-306492911	S2-161972347,S2-574008861,S3-388154231,S3-766907532
S1-361965338	S2-752786708,S2-579049962,S3-741975572
S1-848564487	S2-146053603,S2-889282416,S2-988945294,S3-968648636,S3-455006771
S1-231366925	S2-213998167
S1-29136447	S2-965882272,S3-457194960,S3-990795695
S1-341991111	S2-646097546,S2-350447205
S1-918310578	S2-488417247,S3-719474220,S3-528891915,S3-428961076
S1-89992221	S2-394403550,S2-687348795,S2-745307411,S3-78208720,S3-777392196
S1-945887997	S2-887672034,S3-155452435,S3-200159446
S1-411612307	S2-787588575,S3-620609224
S1-168361188	S2-318993853,S2-858151293,S3-530268791,S3-595443631
S1-233141044	S2-994961078,S3-31719772,S3-542455619
S1-113812189	S2-793450600,S3-655905151,S3-998703543
S1-545010525	S2-611342269,S2-817160608,S2-910744153,S2-131880141,S3-860494409,S3-122296345
S1-706644009	S2-431318337,S3-838568809,S3-952181185
S1-805404376	S2-85607860,S3-940410603,S3-462260580
S1-342089557	S2-936577116
S1-214198119	S2-966905832,S3-501001233,S3-241298208
S1-256178305	S3-75193802
S1-922065924	S2-431838763,S3-827027050
S1-666454689	S2-130161055,S3-782074563
S1-514803875	S2-688755637,S2-617133515,S3-595080934
S1-148509444	S2-150018779,S3-874187156,S3-260853733
S1-367347915	S2-403311872,S3-761061854
S1-938695802	S2-347168621,S2-417060754,S2-79802778,S2-987260958,S2-128327075,S3-918562827,S3-54334265
S1-596747516	S2-491744790,S3-932338754,S3-959550992
S1-380495159	S2-344590520,S3-252629348,S3-562518047
S1-347460613	S2-103525629,S3-336382396
S1-686835511	S2-712325505,S2-128338846,S3-994817772
S1-450964035	S2-722111360,S2-505804010,S3-977696438,S3-892848868
S1-204584062	S2-492322557,S2-595941219,S3-556503721
S1-305345135	S2-623897903,S2-421765898,S3-493623410,S3-413545861,S3-869543605
S1-321438253	S2-751189293,S2-548095621,S3-629071356,S3-987612380
S1-134743824	S2-598360045,S2-376258694,S3-518332226
S1-853311807	S2-458729790,S3-183228072
S1-362300436	S3-940635946,S3-87442719,S3-709261167
S1-341958130	S2-681928011,S2-739343849,S3-833201241
S1-586240208	S3-685828515,S3-609711200,S3-446646024
S1-321043094	S2-551742765,S3-470483048
S1-640933324	S2-525617207,S2-693827673,S2-409340829,S2-365095936,S3-256767931
S1-789650912	S2-621895142,S3-299879296,S3-26209040,S3-36215729,S3-599034594
S1-452958545	S2-378897450,S3-208490448,S3-937014085
S1-813002553	S2-137188844,S2-413742799,S2-254159201,S3-222344193,S3-811127732,S3-344280086
S1-691644602	S2-513989382,S2-678053602,S3-682816097,S3-571843124
S1-132867739	S2-260779436,S2-561678376,S3-45706806,S3-152175889
S1-233431017	S2-636258585,S3-454875753
S1-994242238	S2-554519206,S2-552007106,S2-411983211,S2-80404404,S3-67407218,S3-442427698,S3-454311100
S1-754846327	S2-341864804,S3-588436124,S3-742971101
S1-772387189	S2-877387727,S2-589081629,S2-511691688,S2-231031364,S3-335698243,S3-898577998,S3-481892674
S1-611023710	S2-443604044,S2-696058798,S3-234340212,S3-928933436
S1-2161094	S2-562020282,S3-117289138,S3-525374694,S3-31525448
S1-955820719	S2-336285738,S2-786945308,S3-108904342,S3-721881655
S1-156313061	S2-10121442,S2-580149647,S3-424332173
S1-947360725	S3-954243107
S1-210511645	S3-295906794,S3-984837155,S3-675023533
S1-308154357	S2-274998384,S3-58991017,S3-619990976,S3-171667997,S3-472038944
S1-716613953	S3-76574604,S3-156935117,S3-911056090
S1-994735896	S2-566514947,S2-567430409,S3-307046840
S1-152181908	S2-801279217,S3-514936836
S1-161513234	S2-225101293,S2-916505992,S3-293881605,S3-274704539
S1-754042521	S2-249146742,S2-351271565,S3-39434771
S1-428550650	S2-677186309,S3-179551320,S3-903035495,S3-371232072
S1-434096509	S2-975655816,S2-329830211,S3-42320319,S3-885523923,S3-481144361
S1-155939771	S2-728739662,S2-120455723,S3-455137942
S1-807305892	S2-630326189,S3-812941243,S3-325865605
S1-489362434	S2-430069870,S2-295628153,S3-342874367
S1-586162809	S3-367418691
S1-536582754	S2-624542671,S3-949515520,S3-2452392
S1-88411942	S3-446228355,S3-459768696
S1-575141889	S2-429321751,S2-807086404,S3-766512277,S3-682847804,S3-512672771
S1-730214310	S2-529446022,S3-780810779
S1-108375172	S2-193163609,S2-891629575,S3-638300910
S1-495380657	S2-269796981,S3-975913578
S1-905641224	S2-937063891,S3-948915628,S3-456490443
S1-906838	S2-266773512,S2-32093117,S3-965061280,S3-12571653,S3-873296194
S1-437131328	S2-518015077,S2-357416463,S3-149087620,S3-73129065,S3-203762187
S1-315258672	S2-243808621,S2-236599135,S2-206309792,S2-834238431,S3-445889582,S3-367392205
S1-696435056	S2-559212226,S3-989341941
S1-751816171	S2-201883875,S3-676601792,S3-854229228
S1-184452138	S2-230576236,S3-265099052
S1-362007366	S2-448293780,S2-663652653,S2-831096146,S3-185461180,S3-900519535
S1-522777939	S2-621197602,S3-161452077,S3-191445261,S3-569626967
S1-642346359	S2-723946925,S3-728523187
S1-778304506	S2-380032825,S2-486995161,S3-944748409
S1-131669814	S2-959812060,S3-925483974,S3-943083593,S3-228055141,S3-130084745
S1-697695204	S2-388157601,S2-660180404,S3-37416199
S1-220945769	S2-30928310,S3-194785439,S3-179203061,S3-636764625
S1-245992144	S2-444719581,S2-331828038,S2-167247629
S1-919347618	S2-197070417,S2-679201909,S3-846726658,S3-50667207
S1-180184531	S2-786055201,S2-665142152,S2-953393523,S2-59900312,S3-694288009,S3-628105125,S3-383228490
S1-301000528	S2-875545903,S2-715990002,S2-833018113,S3-962255863
S1-569225690	S2-559389729,S2-309875372,S2-315313671,S2-320821247,S2-897679496
S1-5636077	S2-960056407,S2-428382168,S2-234757642,S3-765084600,S3-8276772
S1-465319307	S2-81330998,S2-381569504,S2-186835476,S3-474902274,S3-854771510
S1-745468140	S3-964691065,S3-740121215
S1-68122452	S2-376521343,S3-335730787,S3-984263117,S3-167063007,S3-426294996
S1-876238017	S2-293775366,S2-955550475,S3-751929217,S3-142160297,S3-2718877
S1-752273740	S2-907274768,S3-195436431
S1-10010543	S2-768624065,S3-255015976,S3-611194084,S3-104009997,S3-994674088
S1-282108186	S2-653816008,S2-403355254,S3-938756517,S3-14128773,S3-117650143
S1-218386035	S2-437491602,S2-477845640,S3-945662010,S3-645188859
S1-552387014	S3-577892893,S3-402432402
S1-43165668	S2-841519802,S2-605271556,S3-539568577,S3-990352110
S1-500275934	S2-303846083,S2-641019273,S3-379546286,S3-240933401
S1-813217688	S2-164490368,S2-187587903,S2-757578950,S3-67228128,S3-684187989
S1-504221783	S2-4360688,S3-1490085
S1-111857374	S2-950662389,S3-686643732
S1-226934775	S2-745812240,S2-482671138,S2-856015714,S3-660045110,S3-591229192,S3-487504779,S3-372765889
S1-698196336	S2-648444570,S3-633549193
S1-409038234	S2-62652190,S3-855475431,S3-59242083,S3-581379091
S1-845887578	S2-261281646,S2-852336521,S2-897357284,S3-316397620
S1-756789456	S2-611064326,S2-403241585,S3-354469606,S3-260196814
S1-236039395	S2-510456017,S3-292612087,S3-403706230,S3-19294010
S1-23981223	S2-922038874,S2-722991597,S3-653208085,S3-824528372
S1-863401166	S2-659312411,S2-737299871,S3-497703182,S3-534049758
S1-481716207	S2-182084115,S2-759793263
S1-241957869	S2-242049550,S2-817460472,S3-698209110
S1-513566979	S2-957793558,S2-583318927,S3-885932847,S3-401331869,S3-483065159,S3-335930188
S1-266850470	S2-851869323,S2-184453647,S3-973695766,S3-540164918
S1-71702314	S2-495397490,S3-343431156
S1-121087008	S2-588337738,S3-472990890
S1-510801832	S2-173570405,S2-845777049,S3-499576009,S3-698992800,S3-948605934
S1-988368239	S2-200876130,S2-797667815,S2-580473019,S3-578493863
S1-843998524	S2-184159076,S3-769117735,S3-451235159
S1-794716904	S2-639636979,S3-583858736
S1-495551073	S2-613001150,S2-908097039,S2-36854756,S3-525220002,S3-137404894,S3-665772512,S3-499039502
S1-965549785	S2-717176889
S1-387851895	S2-50641621,S2-259490880,S2-831733005,S3-123209692
S1-742271287	S2-552393667,S2-349119720,S3-957104447,S3-924501421
S1-525265861	S2-717795386,S2-564580168,S3-435569857,S3-157933034,S3-146758704,S3-46581542,S3-672396239
S1-640302289	S2-24956342,S2-988551093,S3-150992489
S1-232008687	S2-456143371,S2-86296954,S3-112692825
S1-122473251	S2-590733917,S2-713868721,S2-979985021,S3-267990541,S3-157447376
S1-11672663	S2-807063177,S2-522886704,S2-780473015,S3-865303727
S1-620149707	S2-494167712,S2-252210163,S3-348343918,S3-431735069,S3-690762250,S3-239795551
S1-789960326	S2-756686786,S3-949320671
S1-303573954	S2-688400720,S3-88848829,S3-904579466,S3-550933820
S1-766805822	S2-878056412,S2-164354068,S2-290833723,S3-831734978,S3-280448307
S1-794174573	S2-849770261,S2-55820618,S2-553169248,S2-816960220,S3-413934224,S3-404943078
S1-2980464	S2-98867903,S3-523382120,S3-821180044
S1-947022425	S2-836649437,S2-219055532,S2-299395592,S3-339119468
S1-893465173	S2-174254017,S2-602163837,S3-711072453,S3-898155152
S1-370563584	S2-638778087,S3-504484942,S3-39650553,S3-210955947
S1-993200336	S2-203082575,S2-639923779,S3-271949259,S3-152954729,S3-306601433,S3-272417284
S1-900329334	S2-134942043,S3-889900564
S1-663544035	S2-33870229,S3-817999893,S3-321124048
S1-868878043	S2-872623208,S3-209034252
S1-348559240	S2-8163608,S2-739609011,S3-263270704
S1-373127270	S2-641422158,S2-555175387,S2-689104101,S2-941306065,S3-230342518,S3-351546494,S3-953674775,S3-259084474
S1-695581451	S2-798097918,S3-316655364,S3-228772213
S1-926123828	S2-200024604,S3-86294392,S3-127535237
S1-267379430	S2-876260233,S2-627246112
S1-556462510	S2-778062593,S2-485618618,S3-475469205,S3-888144597
S1-392130240	S2-539329866,S2-29581131
S1-283337678	S3-435903506,S3-726759467,S3-874457892
S1-328671536	S2-111468732,S3-791289573,S3-246877338
S1-309051435	S2-725804538,S3-332438192,S3-670594765
S1-181391310	S2-28416111,S2-937596316,S3-15246646,S3-66187175,S3-207865295,S3-919649244
S1-603814016	S2-11500154
S1-280736230	S2-464355729,S2-720033178,S2-819978337,S3-627876561
S1-50720154	S2-307250505,S3-298011372,S3-505330619
S1-269424694	S2-720738644,S2-969210808,S2-562345076,S2-568187179,S2-915634209,S3-943572201
S1-250549686	S2-187665760
S1-579276811	S2-732030011,S3-804112306
S1-30745745	S2-918147655,S2-694606791,S2-243181623,S3-719108237,S3-691201025,S3-926282077,S3-270741484
S1-301785220	S3-723828641,S3-174821012
S1-378560523	S2-654927645
S1-931886320	S2-232970138,S2-145878130,S3-594385592
S1-848444073	S2-106504369,S2-198186605,S2-832098267,S3-945138787
S1-835369555	S2-23596276,S3-508492245
S1-52992723	S2-677665491,S2-299306493,S3-856445232
S1-949546218	S2-102656362,S3-915640493,S3-899624856
S1-512212854	S2-618218418,S2-586171923,S3-749842885,S3-723025292
S1-5265606	S2-559936115,S2-515836162,S3-873719689
S1-831339100	S3-713428533
S1-592119286	S2-281612357,S2-812670978,S2-472021298,S3-724113100
S1-410942352	S2-689479908,S2-693329297,S2-345604264
S1-723018957	S2-385743565,S3-691402879,S3-921996746
S1-43179329	S2-191013173,S3-85681234
S1-316900465	S2-207851727,S2-951104191,S3-41091487,S3-848597180,S3-411198299,S3-559625324
S1-574967923	S2-777043183,S2-586834153,S3-335600627,S3-42508960,S3-259553721,S3-29205546
S1-193942736	S2-721187268,S2-809980594,S2-860213400,S3-257005183,S3-189648037
S1-85527003	S2-971832448,S2-84189257,S3-663889911,S3-752092757,S3-832789294
S1-802195477	S2-357324193,S2-807903595,S3-283713338
S1-236338977	S2-803197190,S2-641893729
S1-417594429	S2-597146359,S3-254036500,S3-608872322,S3-220426840
S1-604395419	S2-101663482,S2-314265909,S3-312209452
S1-691887211	S2-409730918,S2-860458119,S3-49058065,S3-15187082
S1-540101232	S2-401291346,S3-291390482
S1-249130036	S2-270203859,S2-847969619
S1-228668930	S2-753880723,S3-346775015
S1-869201577	S2-639377030,S2-550896118,S2-200524556,S2-823966481
S1-151546921	S2-639270290,S2-593785814,S2-182717251,S3-950696637,S3-534579362
S1-93963246	S2-693255063,S2-258833037,S3-263087010,S3-555537986,S3-585976375
S1-442919006	S2-818384493,S2-669678087,S3-895081837
S1-4358323	S2-760364505,S3-721821998,S3-151191700
S1-858505869	S2-77505360,S3-568370855,S3-47832418,S3-958992730,S3-30928691,S3-298729845
S1-461660372	S2-553511385,S3-66417295,S3-474119647
S1-998672921	S2-861955301,S3-165709647,S3-957971401
S1-784752984	S3-334397090
S1-346911200	S2-249424225,S3-365622696,S3-484619931
S1-849095795	S3-217466988,S3-189614793
S1-506692169	S2-106820984,S2-498987048,S2-696128607,S3-726769411,S3-200561134,S3-909172004
S1-461098448	S2-386906862,S3-231492827,S3-234910123
S1-794799916	S2-989305711,S3-68003425,S3-694287117,S3-404386395,S3-706445463
S1-475031989	S2-432749003,S2-225637822,S2-439000367,S3-654245622,S3-603361595,S3-862416562,S3-688545438
S1-775125675	S2-157742435,S3-13781276,S3-396122236
S1-693056384	S2-238168572,S3-936500832,S3-572961345,S3-788152086
S1-122312200	S2-11599181,S3-908808370,S3-597581090,S3-474591683
S1-10990184	S2-214851985,S2-965343761,S2-230294778,S3-972425697,S3-370259092
S1-667798175	S2-29086529,S3-731117604,S3-51534091
S1-416330369	S2-660373991,S3-854725301,S3-789264937,S3-385874928
S1-207737335	S2-611118787,S2-128558766,S2-127348973
S1-720653569	S2-252257331,S2-945260838,S2-357813538,S2-978826667,S3-371461797
S1-893637113	S2-661695929,S2-658954194,S3-437560548,S3-830441333,S3-988029715,S3-35377399,S3-759888503
S1-695726929	S2-835041909,S2-439976870,S3-803876548
S1-310275519	S2-989685691,S3-592583864,S3-320577293,S3-686009584,S3-726294474
S1-871954729	S2-793674157,S2-624160483,S3-243753807,S3-850012373,S3-813755647
S1-55756789	S2-40382180,S2-773220360,S3-294606733,S3-750548158
S1-842927197	S2-110804442,S2-515279231,S3-778986801,S3-511518231,S3-236802130
S1-894309287	S2-887186028,S2-844844704,S3-831533851,S3-171195851
S1-396937962	S2-231995774,S3-309775529
S1-760424724	S2-322799984,S3-621805286
S1-649497491	S2-971403118,S2-169980793,S3-509276400,S3-105734216
S1-823553959	S3-377251411,S3-864209733
S1-436977967	S2-725725669,S2-724907512,S3-847315787
S1-700884826	S2-711051637,S2-177326960,S3-590761508,S3-975726616,S3-637758034,S3-585141221
S1-242050713	S2-142483147,S2-481935919
S1-471326361	S2-244762380,S2-549046074,S3-497445913,S3-432827570
S1-124434502	S2-409372761,S2-717214983,S2-331371200,S2-774987128,S3-170715372,S3-840427135
S1-570155316	S2-691039986,S3-179489710,S3-172468526,S3-384412870
S1-80067702	S2-940110985
S1-25778362	S2-863518926,S3-550670452,S3-697493951
S1-835347696	S2-357942547,S3-323422423,S3-898189152
S1-62602468	S2-73766868,S3-18842601,S3-58301521
S1-321680757	S2-581951756,S3-514917710,S3-32181973,S3-534158212
S1-233351905	S2-353242897,S2-68075992,S3-47094057,S3-313439259
S1-432426052	S2-573880244,S3-375893748,S3-429609693,S3-586899730
S1-827431004	S2-93466250
S1-88009081	S2-447817435,S3-188400451
S1-630213803	S2-471866356,S3-7747861,S3-612886910,S3-634568836
S1-45445230	S2-972442150,S3-531123280,S3-974611222
S1-736250402	S3-502843148,S3-72101553,S3-309060490
S1-794184094	S3-736980156,S3-311352153
S1-244182322	S2-453540456,S2-65772515,S3-55986775
S1-248599350	S2-961857666,S3-758171758,S3-493920206,S3-383051614
S1-314297813	S2-177046862,S2-147702122,S3-15745775
S1-639479184	S3-774278575,S3-571224136
S1-476292503	S2-211477572,S2-401981747,S3-53890053,S3-457459976
S1-787287183	S2-388209150,S3-420670529
S1-671214723	S2-16592296,S2-644717617,S3-820559901,S3-678690414
S1-403915644	S2-584815314,S2-481683598,S3-414818189,S3-977364569
S1-995076655	S2-484761403,S2-41862224,S3-726625117,S3-700195837
S1-606592224	S2-685347539,S3-497427158,S3-233281926
S1-999201996	S2-629171739,S3-83280686,S3-397926998,S3-215853301
S1-296277577	S2-767030178,S2-138322946,S3-970032020,S3-441095948,S3-512792477,S3-419971542
S1-225531291	S2-650390055,S3-518585675,S3-950148446
S1-702083638	S2-557702079,S2-803391217,S3-50388924,S3-907980926
S1-568289204	S2-101631794,S2-699395458,S2-288513098,S3-60380400
S1-923381641	S2-522832980,S3-551885706
S1-343910260	S2-829784041,S2-762516919,S2-493046091,S3-832767074
S1-124925273	S2-89843592,S3-864257151,S3-523621096
S1-698852480	S3-866239473,S3-237961854
S1-167856583	S2-406021686,S2-377544884,S3-683589044
S1-974065336	S2-222056006,S3-661837970,S3-420916566,S3-473281459
S1-441331522	S2-871023584,S2-143913102
S1-61824834	S2-719843676,S2-431831283,S3-730419156,S3-32075223,S3-45898841,S3-151083667
S1-718315970	S2-597099137,S3-606614234,S3-822166050
S1-88433341	S2-441574468,S2-353042986,S2-59454176,S3-395617641
S1-615884057	S2-817340602,S2-309096297,S3-177582542,S3-925333381
S1-773884294	S2-79977952
S1-501413376	S2-765976548,S2-896016635,S2-164510492,S2-810550432,S3-947499724,S3-434526536
S1-95690768	S2-976780213,S3-376624587,S3-580535544
S1-545212202	S2-786694844,S2-314820059,S3-303865210
S1-391041226	S2-546521368,S2-887954277,S2-201108014,S2-692325312,S2-598155132,S3-441849183,S3-958709077
S1-819630505	S2-56635044,S2-591800199,S2-85674781,S3-651566634,S3-309894135
S1-989211302	S2-898974237,S2-198068878,S3-390733562
S1-65560980	S2-358310814,S2-339794645,S2-548592639,S3-569609545,S3-815599618
S1-764283907	S2-538856302,S2-513476713,S2-404644781,S3-788128003
S1-596692400	S2-984915775,S3-862346670,S3-146484049
S1-342112671	S2-749677718,S3-566484042,S3-531824427,S3-40319578
S1-948781999	S2-481971615,S3-984530868,S3-24622560
S1-606977245	S2-865456534,S2-77483127,S3-794724991,S3-394343584,S3-39404651
S1-436472103	S3-642323706,S3-394495554,S3-319682183
S1-867096281	S2-159969449,S2-378344649,S2-149931532,S2-683598585,S2-598344134,S3-371312437
S1-820777696	S3-428646528
S1-895371388	S2-788336391,S3-751344700,S3-408424135,S3-867200441
S1-55692881	S2-925269000,S2-231722167,S2-527957541,S3-25082966,S3-828094243,S3-479152012
S1-306648815	S2-688943756,S3-859962910,S3-668610991
S1-921929535	S2-3423015,S2-99499517,S2-295238133,S3-345474020,S3-168219299
S1-239218025	S2-941889355,S2-556615663,S2-15187584,S3-162412207,S3-940919652
S1-54657525	S2-779260662,S2-23868995,S3-357239577,S3-701910717
S1-623129052	S2-639396895,S3-109489092,S3-838187390,S3-195131733
S1-660371213	S3-304043777
S1-126128587	S2-712876142,S2-211866261,S3-571237417,S3-942187917,S3-509817943,S3-443984871
S1-794790973	S2-538750743,S3-226217181,S3-185305282,S3-978797908
S1-857119138	S2-414847117,S3-481612552,S3-434825543
S1-171253295	S2-371843807,S3-36745509
S1-487629304	S2-104462472,S3-857255207,S3-520812892
S1-717070403	S2-209215896,S3-32767068,S3-536449117
S1-199396530	S3-366002383,S3-867404335,S3-303025613
S1-32015635	S2-646631622,S3-359529275,S3-178919906
S1-375212704	S3-520173256,S3-805708069,S3-733934792
S1-112883553	S2-991684459,S2-814953823,S2-630222866,S3-385984887
S1-829659754	S2-291322861,S2-886354154,S2-236783554,S3-290550679,S3-244762287,S3-398699126,S3-845395369,S3-777807046
S1-252583043	S2-313403167,S2-741973548,S2-361335272,S2-681567404,S3-772467525
S1-12660886	S2-225920371,S2-151731299,S2-321628128,S3-917152988
S1-123819978	S2-291399145,S3-716323274
S1-296685794	S2-24638430,S2-929094924,S3-735414726,S3-352452329,S3-808582764
S1-219530827	S2-826597942,S2-452229948
S1-869487703	S2-853894378,S2-123618787,S2-547896873,S3-744809388,S3-766354428
S1-441552768	S3-783404243,S3-53723356,S3-303807675
S1-380495047	S2-849529982,S3-797197575,S3-154663098,S3-739256065
S1-659216863	S2-231920284,S2-832822385,S2-311087309,S3-144008268,S3-598866744,S3-202089817,S3-962985888,S3-73841365
S1-175543081	S2-16393625,S2-537515108,S3-541236901,S3-885975476,S3-363458585
S1-662825093	S2-407341616,S2-856352320,S3-77741731,S3-369600637,S3-580810081,S3-421318995,S3-310349908
S1-298109087	S2-974821317,S3-394452932,S3-855843718
S1-990407668	S2-592414916,S3-489580789
S1-70651384	S2-922090025,S2-561019199,S3-558049625
S1-540611881	S2-219160963,S2-164172381,S3-361769205,S3-788356232
S1-170219731	S2-818018464,S3-828850433
S1-205317670	S2-80838122,S2-804427079,S3-391240537
S1-186008533	S2-543368206,S2-454462124,S3-931505145,S3-694638965
S1-443988028	S2-809558298,S2-704855742,S2-443321055,S3-771808512,S3-894450061
S1-724587826	S2-807472331,S3-254361899
S1-217217700	S3-478381347,S3-794670998
S1-579917934	S2-948513331,S2-148898510,S2-377777117,S2-640590135,S3-877104916
S1-350190920	S2-600907840,S3-394911838
S1-243253383	S2-696206101,S2-830886203,S2-634926031,S3-695906690,S3-551986761
S1-589038406	S2-532752399,S3-501637199,S3-181399766
S1-279938031	S2-815380159,S3-995010985
S1-292171108	S2-343702452,S3-835521953
S1-241616949	S2-565082991,S2-664601874,S3-647548825
S1-78348590	S2-981682262,S2-393225932,S2-218322951,S3-936434420,S3-330657451
S1-250416292	S2-478205571,S3-960006822
S1-22303469	S2-873433466,S3-668274974
S1-70955309	S2-667709971,S3-276042864,S3-143106861,S3-81461578
S1-115308851	S2-682041168,S3-372083694,S3-709326534,S3-259809557
S1-655251366	S2-995966065,S3-445167316
S1-890599961	S2-994985464,S3-751453373
S1-644142687	S2-774780155,S3-440454307,S3-641842583
S1-865221135	S2-712186846,S2-20874163,S3-934379396,S3-649551307,S3-700662038
S1-945821240	S2-2534838,S3-698019858,S3-707194338
S1-874975301	S2-514378373,S3-566976012,S3-405125970
S1-645126935	S2-808427778,S2-368516060,S3-331570074,S3-315535981,S3-292411147,S3-174038224
S1-464494315	S2-714543856,S3-589506213,S3-3774352,S3-142629404,S3-888664157,S3-642183945
S1-450297316	S2-606509350,S2-610713097,S3-788957498,S3-162339637
S1-654227796	S2-720195942,S3-420147660,S3-200373498
S1-468481942	S2-411395125,S2-90476019,S3-250286660,S3-138359976
S1-163382124	S2-672971642,S3-361026484,S3-489698326,S3-39108265,S3-405729597,S3-991310923
S1-908002258	S2-4606779,S3-974782440,S3-171329271,S3-518156984
S1-48883453	S2-75509793,S3-789914237
S1-947546093	S2-18940745,S3-701642190,S3-135671011
S1-312642551	S2-876185435,S2-489609137,S3-231911169,S3-291321306
S1-614189916	S2-117422512,S2-309938830,S2-575531558,S3-571590579,S3-259790903
S1-107848935	S2-773027543,S2-92819675,S2-57822548,S3-872088635
S1-158584634	S2-739357931,S3-198960384
S1-705024920	S2-503726433,S3-500085893
S1-797904485	S3-9025255
S1-645724366	S2-790879458,S2-167372953,S3-125703045
S1-602091918	S3-547099673
S1-4092980	S2-841459253,S3-7640626
S1-706216837	S2-998176756,S2-755156278,S3-248176092,S3-962847653,S3-350315892
S1-947896962	S2-477810926,S2-501265993,S2-905193573,S2-646696212,S2-287158037,S3-366631708,S3-150969260,S3-866589032
S1-790081952	S2-113109825,S2-82989134,S3-628826359,S3-957955818,S3-256396586
S1-572501537	S2-583806640,S2-483247552,S3-80820760
S1-823997281	S2-791179198,S3-460001469,S3-668380490
S1-621833528	S2-722832432,S3-301208727
S1-519581864	S2-628739089,S2-441697529,S3-899370307
S1-134644493	S2-408151787,S2-151997064,S3-836172083,S3-737319344,S3-295760017,S3-968384323
S1-221491154	S2-243714029,S3-921800555,S3-206105433
S1-351652124	S2-153438429,S3-467279111,S3-809659496,S3-882759289
S1-739507180	S2-81061809,S2-359056593,S2-985287763,S2-277657047,S3-507614189,S3-415965941
S1-790197559	S2-726074251,S3-315607987,S3-103365796
S1-41557455	S2-74869876,S3-682781789
S1-227988468	S2-257647078,S3-645615726
S1-82603444	S2-844524110,S3-633835741,S3-956720323
S1-681501519	S2-208258661,S2-229823258,S2-595722849,S2-392568496,S3-97976096,S3-762649445
S1-93829260	S2-602371240,S3-238669330
S1-628820269	S2-272087515,S2-893065085,S3-490652764
S1-359106625	S2-549974555,S2-424424617,S2-196714387,S3-105881849,S3-514846483
S1-364839555	S2-822717935,S2-595443368,S2-941838481,S3-743867963,S3-335868683
S1-592826518	S2-66388499,S3-205451833,S3-282330508
S1-716540857	S2-76049829,S2-374937193,S2-734348286,S3-193770371,S3-268087994,S3-543822511
S1-976342388	S2-594137114,S3-263745977,S3-107560774
S1-236285341	S2-291559417,S2-170414351,S2-622508415,S2-205421834,S3-943800682
S1-911867642	S2-888693333,S2-506422257,S3-353079496,S3-487520519,S3-817037676,S3-958867607
S1-654913624	S2-774482391,S3-644273326,S3-951486165,S3-143903673
S1-106198648	S2-97979687,S2-300826291,S3-747635649
S1-249065559	S2-891394995,S3-734279523,S3-875603494,S3-409222454
S1-539353409	S3-550172697
S1-342236970	S2-60627965,S2-687912747,S3-149179783
S1-169592409	S2-541653433,S2-730978041,S2-123775039,S3-964404995,S3-850953356,S3-465298059
S1-899256555	S2-626305634,S3-2150983
S1-140642543	S2-648600661,S2-223580426,S2-438847773,S3-590787452
S1-87892882	S2-715937789,S2-681722384,S2-849150215,S2-233498694,S3-255135452,S3-782760419
S1-905954988	S2-507142317,S2-460012834,S3-578553756,S3-12248202
S1-143309995	S2-762581928,S2-984097921,S2-584447313,S3-806706554,S3-924554652
S1-49757751	S2-544237738,S3-805215653,S3-305075370
S1-613315095	S2-522497188,S3-6841801,S3-447145593
S1-655014692	S2-178798435,S3-192847667,S3-466573948,S3-89767615
S1-485395091	S2-277616340,S3-115667231
S1-767262379	S2-31561270,S2-636687320,S3-538558250,S3-418019047,S3-204911879
S1-250864386	S2-554063221,S2-310458477,S3-940428717,S3-512461573,S3-208107618,S3-421578601
S1-886386170	S2-414518618,S2-350338307,S3-700946944,S3-301338764,S3-605049288,S3-686717120,S3-247935280
S1-378987575	S2-220233169,S2-280155733,S2-457859650,S3-338998304,S3-401182588
S1-293936959	S2-114334342,S2-370409039,S3-816606439
S1-515198420	S2-5930615,S3-157334789
S1-819531438	S2-446218089,S2-484466575,S3-747027748
S1-974948927	S2-73944777,S3-897594915
S1-935066050	S2-280638432,S2-77288744,S2-458226566,S3-825535675,S3-369435629
S1-71828924	S2-860720916,S3-465818675
S1-401934738	S2-736080115,S2-687233928,S3-729456111,S3-990788730
S1-346806099	S2-560471416,S2-742577389,S3-536933583,S3-449101302,S3-85253658
S1-35787269	S2-839863384,S2-424851960,S3-972455137,S3-793201280
S1-695446765	S2-602792003,S2-903080015,S3-31340768,S3-940592688
S1-77977800	S2-273623418,S3-240237635,S3-289060593
S1-336035017	S2-868231802,S3-475589162,S3-715860780
S1-779870407	S2-484859750,S3-685953973,S3-877585840,S3-741913029,S3-832988502
S1-3093409	S2-743948341,S2-696448795
S1-382291321	S2-150846584,S2-48163305,S3-565144544,S3-747707128,S3-649795375
S1-616425550	S2-867242038,S2-331281885,S2-660465420,S2-852702594,S3-24020101
S1-525138126	S2-73925492,S2-409664780,S3-771823415
S1-757133270	S2-112007101,S2-589838243,S3-749548124
S1-885754053	S2-376793983,S3-433332847,S3-325423023
S1-463811892	S3-677900404
S1-410811430	S2-528577995,S3-974198479
S1-678350432	S2-147480826
S1-667515488	S3-798263447
S1-953926727	S2-110273819,S2-718614821,S3-86716726,S3-107122163
S1-513394057	S2-972360427,S3-497589562,S3-926892674
S1-444332357	S2-486207314,S3-944783535,S3-459252016,S3-363271691
S1-431671332	S2-562621973,S2-631086939,S3-609735440,S3-132309209
S1-443809161	S2-459553848,S2-163572329,S2-227670359,S3-337907002,S3-102338982
S1-810103779	S2-881167193,S3-435348314
S1-625257010	S2-558901378,S2-774967988,S3-578330004
S1-318692112	S2-68533205,S2-609485014,S2-776207801,S3-88814301,S3-885791513,S3-620768099,S3-445790138
S1-870223808	S2-577065871,S2-653618987,S2-815196400
S1-226859821	S2-464090316,S2-883592784,S2-266973246,S2-751173163,S3-182946344,S3-294703187,S3-150036082
S1-256629758	S2-714484075,S2-282398136,S3-366898094,S3-164763287,S3-394262174
S1-770643982	S2-893065420,S3-948646096,S3-303795012
S1-423016253	S2-59999338,S2-781967559,S3-602437376,S3-37301330,S3-356143585
S1-599054805	S2-240400334,S2-181114376,S2-435821843,S3-184249863
S1-7565923	S2-586179438,S3-460712422
S1-2702209	S2-489237899,S3-987520004
S1-321106442	S2-568572334,S3-779311220,S3-860086662,S3-62927697
S1-133228748	S2-480203405
S1-950241361	S2-569532179,S2-416021594,S3-193366270
S1-205569456	S2-249922257,S2-767603125,S2-89605498,S3-55708248
S1-990417138	S2-579975940,S3-763271223,S3-747740032
S1-611013552	S2-27810345,S3-342862019,S3-356205567
S1-724428179	S2-156196545,S2-294452633,S2-441301007,S2-728541116,S3-702129473,S3-39960038,S3-450409839
S1-580717010	S2-521749781,S2-133108608,S3-920865695,S3-670066502
S1-994382593	S2-37484149,S3-273043967,S3-178852815,S3-465818880
S1-105203403	S3-361854236,S3-161263383
S1-396644299	S3-102022134
S1-514897125	S2-771151509,S2-372305928,S3-140515971
S1-957530921	S2-299150964,S3-698582037
S1-804118950	S2-987990039,S2-63804394,S3-509097793
S1-145445203	S2-738938685,S2-73675826,S3-457603222
S1-626902786	S2-634684402,S3-803544012,S3-685976434
S1-450902931	S2-883321488,S2-506307575,S3-257647012
S1-478097689	S2-17017872,S3-664921422,S3-672419334,S3-690442155
S1-183671781	S2-973910033,S2-5994502,S2-445797174,S2-431459178,S3-919200680
S1-280853491	S3-895354064,S3-264446933
S1-965136800	S3-748378844,S3-754305493
S1-265630610	S2-836314629,S2-653987507,S2-131491434,S3-10676549
S1-425111263	S2-50887961,S2-680612162,S2-921417533,S3-16716493
S1-990369012	S2-328291569,S2-250150413,S3-60433072,S3-805703255,S3-347413016
S1-418794223	S2-17690018,S3-182486685,S3-61308472
S1-921106781	S2-518462138,S3-835421690,S3-311136763,S3-33137828,S3-883015613,S3-700189587
S1-820050091	S2-23677712,S2-525848246,S2-964696728,S2-860793480,S3-106469813,S3-881527975,S3-344766924
S1-493232483	S2-14697428,S2-400593421,S3-75029122
S1-126394532	S2-257612770,S2-229300726,S2-447342052,S2-668780763,S2-399013610,S3-580698824,S3-889331373,S3-692955768,S3-951084741
S1-560985660	S2-801540840,S2-199125508,S2-452254550,S3-18784032,S3-66025032,S3-250509142
S1-440990195	S2-232909624,S3-156854614
S1-418777733	S2-352683563,S2-22131195,S3-488002443
S1-105165980	S2-244514631,S3-504552002,S3-858129112
S1-663537371	S2-343640942,S2-117692600,S3-755707886
S1-144106705	S2-122819339,S3-319117607
S1-952694744	S2-389536664,S2-404260187,S2-626724979,S3-25526316,S3-320605836,S3-433570776
S1-291933980	S2-366187246,S3-868756442,S3-409442762,S3-739280392,S3-717188919
S1-767656310	S2-784192437,S2-406588978,S2-111966923,S3-116311188,S3-118227439,S3-489545876
S1-546854848	S2-14418234,S2-99544917,S3-837569068,S3-87977989
S1-324671290	S2-825476497,S3-782585821,S3-947081825,S3-650841991
S1-340459444	S2-361573170,S2-881010474,S3-139659564
S1-759866647	S2-564855225,S2-348085264,S3-606775706,S3-892687506,S3-899708806
S1-616104044	S2-968745054,S3-560834680,S3-336955119
S1-10837916	S2-785733392,S3-832244441,S3-582953977
S1-962818082	S2-173885075,S3-942829759,S3-895990290
S1-500002512	S3-570306251,S3-877622379
S1-576497533	S2-202150939,S2-689194732,S2-334475534,S2-67563601
S1-955061724	S2-31675718,S3-104579255
S1-339878775	S2-816245246,S2-860356839,S2-431952062,S3-759224989,S3-435230435
S1-453053332	S2-669084452,S2-69274044,S3-232476515
S1-589800495	S2-445181591,S2-566903958,S3-960575347,S3-861008919,S3-936983516,S3-797005998,S3-887536060
S1-430409211	S2-49148216,S2-166058831,S2-702816208,S3-49796256
S1-159209561	S2-740220125,S3-525732190,S3-117906027,S3-49932867
S1-820221952	S2-560185481,S2-717619810,S3-262921639,S3-996880172,S3-175436961,S3-929479205
S1-152476866	S2-988026860,S3-97027594,S3-57520726
S1-981518285	S2-600537860,S2-993765978,S3-599083676
S1-700028025	S2-884311368,S3-705965853
S1-666573153	S2-225474156,S2-344950325,S3-998167956,S3-799994463
S1-392840780	S2-459966344,S3-176415415
S1-755235206	S2-664699468,S2-8045586,S3-518167507,S3-704600696
S1-119978174	S2-423493578,S3-275308127
S1-577852967	S2-643796439,S3-521666505
S1-505034670	S2-341060028,S2-103896583,S2-880569532,S3-50507123,S3-371608793,S3-307504383
S1-871030594	S2-103738076,S2-827803218,S3-336903044
S1-551211249	S2-589499207,S3-718618902,S3-159769695
S1-737629192	S2-479801265,S2-109481868,S3-390138322
S1-955928653	S2-167428288,S2-897761042,S2-413974265,S3-889674291
S1-563728293	S2-252218537,S2-638363565,S2-605223509,S2-755112032,S2-74376115,S3-790618046,S3-826776407
S1-928844782	S2-481422411,S3-607250772
S1-316321376	S2-918168160,S3-679591160
S1-463849533	S2-820860718,S2-837307211,S2-447424352,S3-790875704
S1-588843441	S2-188680199,S2-239381778,S3-864834425
S1-378284641	S2-898565068,S3-141527986,S3-469933533,S3-300941211
S1-899604167	S2-500389785,S3-110977823,S3-20188145
S1-52665033	S2-685872170,S3-883001063,S3-691751929
S1-952007899	S2-381180955,S3-987028310,S3-800742763,S3-897223834,S3-376027923
S1-858384722	S2-667944408,S2-212679934,S2-327176961,S2-526564803,S3-540499992
S1-273526813	S2-329657573,S2-246801684,S3-644408968
S1-875006641	S2-561828995,S3-944031266,S3-995585552,S3-501899200,S3-367996390,S3-795937012
S1-59099021	S2-283490629,S3-435705443,S3-62683433
S1-438060912	S2-940875132,S3-359118714,S3-982296168,S3-890025776
S1-421950535	S2-65271136,S3-658200627,S3-257328774
S1-586253060	S2-756472690,S2-811807171,S3-150809739,S3-847707611,S3-88888377
S1-844225370	S2-20155750,S3-204227018,S3-631173286
S1-396858144	S2-92029576,S2-891706895,S2-291691343,S3-834140804,S3-85049563
S1-599923658	S2-933229113,S2-952689329,S2-742697616,S3-484179000,S3-700198293,S3-623481838
S1-321758706	S2-452416951,S2-395892489,S2-433634181,S3-720687217
S1-968661600	S2-338399199,S2-693717689,S3-726602001
S1-906915232	S2-161266064,S2-795750698,S2-291764063,S3-190646289,S3-521302935
S1-121976946	S2-539111366,S3-434022958
S1-38751665	S2-696093677,S3-245531665,S3-371672544
S1-832284621	S2-335484740,S2-385960091
S1-467928062	S2-179218444
S1-887273866	S2-412714082,S2-205274909,S2-265660231,S2-390145840,S3-676951984,S3-408047464,S3-502898947
S1-584924726	S2-932225805,S3-965571612,S3-311042852
S1-423426118	S2-600289338,S2-138098524,S3-843729943,S3-479014247,S3-788089513
S1-297349192	S2-907510106,S2-747754779,S2-174615180
S1-215065988	S3-769700388,S3-7501787,S3-756673371
S1-118803043	S2-501948360
S1-435818844	S2-642741865,S2-974398197,S2-396750991,S3-332168474,S3-400556852,S3-868435548
S1-33107002	S3-222312552,S3-323651605
S1-944873311	S2-122277819,S3-289228614
S1-174879832	S3-16225566,S3-119242647,S3-598736125,S3-725314275
S1-173603071	S2-481572372,S2-700508405,S3-524601033,S3-435626132,S3-228863090
S1-713901306	S3-295119594
S1-510030660	S2-187294631,S2-605435718,S2-736827884,S3-418402476,S3-674561710,S3-201950998
S1-412168707	S2-477058101,S2-965541560,S3-126176998
S1-333615506	S2-628562755,S3-457813015
S1-456733442	S2-769410002,S2-953917170,S2-312825655,S3-205743583
S1-372918271	S2-102268919,S3-246325826
S1-313770367	S2-68571944,S2-500766011,S3-705170237,S3-956146163,S3-81499071
S1-518490311	S2-799859960,S2-181557372,S2-811189292,S3-418088242,S3-288021261
S1-978592360	S2-559942974,S3-747880873,S3-572300957,S3-712339557,S3-172346547
S1-67891635	S2-327348438,S3-831222438,S3-144005991
S1-395926802	S2-176005309,S3-754756251
S1-295082002	S2-633574223,S2-28922239,S2-955665926,S3-832004682
S1-808201255	S3-345749181,S3-233249943,S3-456373981
S1-561421144	S2-364675401,S3-704084905,S3-644244358,S3-567084202
S1-719763747	S2-685011325,S2-412065409
S1-685305074	S2-491144833,S2-757638905,S3-753326488,S3-921549537,S3-189957052
S1-785631918	S2-218728283,S3-91198071
S1-961011039	S2-818598557,S2-806285269,S3-830985855
S1-401269146	S2-425637933,S2-537983190,S2-347721902,S2-822511438,S3-224713374,S3-736843176,S3-801644528,S3-514773943
S1-190111228	S2-937452281,S3-925896993,S3-936856135,S3-889786824,S3-181021770
S1-972509848	S2-575476710,S2-229889750,S2-696495561,S3-575111524
S1-957960084	S2-14244259,S3-76039928,S3-552033690,S3-248622267
S1-314401449	S2-932338900,S2-608001794,S2-849300058,S3-781470428
S1-875891336	S2-411425322,S3-586872118
S1-872534031	S2-862598257,S2-758046746,S3-185160301,S3-602763938
S1-739322975	S2-714191363,S2-833925671,S3-838853317,S3-287202848
S1-587455675	S3-636221200
S1-940243570	S2-207864330,S2-332144557,S2-83207529,S3-926898734,S3-125050981,S3-692751567
S1-763887248	S2-806166131,S2-835397602,S3-145156804,S3-527854331
S1-666322809	S2-717027601,S2-459011944,S3-476257627,S3-916293370
S1-357181470	S2-556600487,S2-143808512
S1-899351996	S2-352150705,S2-786188141,S3-498558198
S1-257161495	S2-89707693,S2-297518142,S3-804372627,S3-861026275
S1-435242523	S2-951246566,S3-979103188
S1-33166012	S2-62459225,S3-153228789,S3-380734245
S1-135040311	S2-265966667,S2-911671753,S2-925499432,S3-690411560,S3-924056133,S3-109254632
S1-942778501	S2-557993200,S3-838488880
S1-762681757	S2-398469658
S1-484607504	S2-172875593,S2-682527691,S2-150621145,S2-502267055
S1-154908173	S2-804896617,S3-106784868
S1-544361751	S2-423909706,S2-596881302,S3-537349678
S1-933730465	S2-159256710,S3-237356657,S3-906835770
S1-216465632	S2-778972878,S2-550731459,S3-474889646
S1-644113918	S2-786240217,S2-483169808
S1-741244235	S2-199539127,S2-181305884,S3-512395294
S1-909275292	S2-586386164,S2-59012759,S2-835680982,S3-885933512
S1-484436185	S2-165695913,S3-264027503
S1-83272496	S2-934513919,S2-335485741,S3-362735083,S3-927596242,S3-976176433,S3-572109882
S1-285781177	S2-405324036
S1-232003369	S3-605507775,S3-784592092
S1-118213113	S2-116919298,S2-291321813,S3-53488756
S1-153926607	S2-31993896,S3-539648406
S1-183308553	S2-504765424,S3-787757868,S3-909615040
S1-871551048	S3-145940588
S1-835896804	S2-915400633,S2-147864871,S3-538467812
S1-952371326	S2-6657288,S2-997806522,S2-934186706,S3-63157274
S1-438715113	S2-329839420,S2-134571452,S3-280104271,S3-540883249
S1-80704666	S2-95527585,S3-860239732,S3-60331933,S3-850442649
S1-951877012	S2-230467257,S3-902511738,S3-285083340
S1-209782971	S2-183628885,S3-808463167,S3-665216007,S3-318871641,S3-778051234
S1-566989088	S2-157495127,S2-76531619,S2-121626220,S3-583868437
S1-378006796	S2-19302133,S3-923723369,S3-183831273
S1-546635650	S2-63020594,S3-259684675
S1-501426197	S2-695829285,S3-87692144,S3-856477895
S1-668051507	S2-644969721,S2-177267780,S2-925344715,S2-289426291,S3-300172844,S3-165293834
S1-394090442	S2-965508147,S3-879955359
S1-411929790	S2-444244967,S3-527824922
S1-876721180	S2-482816240,S3-260887161,S3-252938974
S1-991626086	S2-40778916,S3-758088590
S1-100356248	S2-50976160,S3-856039661,S3-197341812
S1-349630	S2-142287591,S2-94435453,S2-457924031,S2-371775305,S3-426415205,S3-182267620
S1-531793571	S2-181055047,S3-132066592,S3-538928334,S3-583230294,S3-879064882
S1-516568570	S3-375508888,S3-988659440,S3-602319192,S3-480720328
S1-989004030	S2-274098815,S3-377994138,S3-319790430
S1-337878093	S2-178862103,S2-245527671,S2-947620576,S3-11671671,S3-110774921,S3-535549411
S1-619784231	S2-51918324,S3-300530600
S1-621443827	S2-467118272,S3-441208541,S3-733973697,S3-881194930
S1-587630733	S2-178026785,S2-365731390,S3-783740173,S3-29090922,S3-363382411
S1-367365496	S2-847916415,S2-793711063,S3-505509164,S3-214107016
S1-751802197	S2-680373249,S3-459614297
S1-357040784	S3-969184332,S3-453560973
S1-905078012	S3-76988282
S1-23715035	S2-278096219
S1-522154511	S2-10739383
S1-709190765	S2-355246392,S3-502956154,S3-165688467
S1-310255511	S2-920655102,S2-864630423,S3-633310426,S3-572982957,S3-79547724
S1-897699926	S2-603664629,S2-866833098,S3-764401277,S3-437820713
S1-754488954	S2-453851530,S2-142340162,S2-447122437,S2-774563170,S3-963066292
S1-501532436	S2-793872452,S3-120733623,S3-23539822,S3-795224252,S3-819827810
S1-181535169	S3-982362273
S1-736468301	S2-231204433,S2-628076333,S3-278267400
S1-888560281	S3-166684255,S3-665024663
S1-210179755	S2-447220034,S2-434518863,S2-378719610,S3-481699138
S1-702062687	S2-830334092,S2-795341366,S2-201504299,S3-736840836,S3-879720849,S3-925619222,S3-342249243
S1-991632717	S2-875094803,S2-540160244
S1-6620111	S2-200407007,S2-5801586,S3-840012323
S1-835321089	S2-360335178,S3-186935436
S1-940481022	S2-993243629,S2-704605312,S3-971567794,S3-538150749,S3-718032686
S1-789939458	S2-25768448,S2-329748816
S1-598141117	S2-409949890,S2-977879405,S2-58972493
S1-400878936	S3-270792079,S3-698125977
S1-33143214	S2-743448950,S2-766612461,S2-536639062,S2-95818531,S3-773921254,S3-602013383,S3-5079028
S1-195719170	S2-936012544,S2-697410821,S2-273587593,S2-19420561,S3-311305928
S1-900075753	S2-280282306,S3-389707913
S1-742084884	S2-154930128,S2-370286377,S2-183989458,S3-605979219,S3-292279178
S1-242355114	S2-350471371,S2-98137629,S3-665695156
S1-227751199	S2-423631084,S2-541229275,S2-265789329,S3-178498980,S3-222650172,S3-99971961
S1-19430609	S2-568313213,S3-269219066,S3-965939935,S3-837432102
S1-12088447	S2-933615662,S3-186063802,S3-105843017,S3-453786107
S1-30601649	S2-712924053,S3-452985334
S1-25007030	S2-90545514,S2-373442209,S3-346836937,S3-720904569,S3-829500423
S1-249607302	S2-504802634,S2-70138285
S1-347494185	S2-36342180,S2-78896053,S3-86473967,S3-272096735
S1-226327778	S2-947354194,S3-516970627
S1-305378661	S2-929261741,S2-773722377,S2-490363305,S3-981992568,S3-915257790
S1-979726197	S2-125002006,S2-921057459,S2-539804091,S2-218706711,S3-196966383
S1-972866697	S3-481279275
S1-981956821	S2-923717383,S2-498954680,S3-916269502,S3-200101475,S3-123705523
S1-89274139	S2-52108822,S2-573754684,S3-628391033,S3-785782685
S1-908881721	S2-872580997,S3-710693721,S3-511243870
S1-755220408	S3-443962810
S1-399212913	S2-942889659,S3-566880545
S1-465500628	S2-229706447,S2-507814378
S1-549321634	S2-571823554,S2-811079524,S2-60150895,S3-905458101
S1-652094362	S2-581749252,S2-922982662,S2-151004665,S3-803983644,S3-98755541
S1-588267755	S2-903624212,S2-754531058,S3-122767608,S3-618979866
S1-541242092	S2-648577690,S2-800976798,S3-572461691,S3-232357225
S1-957109703	S2-189665435,S3-808072709
S1-623275729	S3-982843708,S3-408291817,S3-896217878,S3-478912775
S1-491007708	S2-582739684,S2-864143410,S2-507518152,S2-731614973,S3-511329282,S3-93180273
S1-828977167	S2-461872929,S2-232094552,S2-509442963,S3-326011989
S1-746025928	S2-29062222,S3-899526656,S3-379268880
S1-109996306	S2-167991322,S2-14241603,S3-573415456
S1-838582559	S3-776679386
S1-618261936	S2-16811730,S2-908247539,S2-547799315,S3-251269613,S3-182764186
S1-692277252	S2-660491165,S3-982354272,S3-443600245
S1-382103523	S2-17981569,S2-460893144,S3-35036303,S3-899260334
S1-192013442	S2-468700575,S3-829541393,S3-950973497,S3-334416999,S3-888648380
S1-196896893	S2-191056908,S2-508601742,S3-431395146
S1-218590738	S2-517014552,S2-92810280,S2-839941730,S3-328253481
S1-820728529	S2-817390994,S2-332829550,S2-118558532,S3-699787084,S3-155322450
S1-202103221	S3-867280680,S3-1946073
S1-738037163	S2-240742422,S2-612184148,S2-533941184,S3-786362467,S3-95806551,S3-317575912
S1-267522976	S2-714941746
S1-807255967	S2-983116631,S2-764515182,S2-48768589,S3-1618631
S1-414319453	S2-125653873,S3-974496921,S3-384619956
S1-341580358	S2-1929996,S2-869503819,S3-440532384
S1-844556163	S2-480207819,S3-292232708,S3-633102949,S3-918659322
S1-329404412	S2-248385595,S2-704452283,S3-840635366,S3-817603645
S1-702419600	S2-741431628,S2-401248700,S2-93967975,S2-680201050,S2-226014474,S3-184282507,S3-121110917
S1-200425485	S2-53134201,S2-347647144,S3-162680828,S3-257312919,S3-758414092
S1-332807037	S2-172094132,S3-318997643,S3-934418818,S3-970397763,S3-254889129
S1-237754175	S2-875963096,S2-799586970,S3-63030754
S1-452767179	S2-299117875,S2-38575685,S2-760447918,S3-927820741
S1-70899499	S2-888868557,S2-401005318,S3-305401732,S3-561943878,S3-586308787,S3-994226441
S1-603180790	S2-910546271,S2-584402978,S3-639133581,S3-59097753,S3-709185068,S3-189435417
S1-314536470	S2-467573611,S3-681342074,S3-645566582
S1-899992624	S3-198884424
S1-241774325	S2-729614025,S2-796308047,S3-547392367
S1-591543581	S2-517006181,S3-867379537,S3-733781453
S1-267744663	S2-132649354,S2-290071874,S2-771863019,S3-592771336
S1-226616909	S3-918866577,S3-247052313
S1-445215828	S2-319784062,S2-296783207,S3-953182003,S3-203413097
S1-699516294	S2-137909709,S2-623992763,S3-219575270
S1-47377353	S2-432998011
S1-194113777	S2-993815527,S2-752307639,S3-473077469,S3-654674250
S1-327278711	S3-932605803,S3-834410767,S3-599481323,S3-630905810
S1-226020466	S2-961924294,S3-446754976,S3-923935895
S1-116084940	S2-928302203,S2-214407781,S3-443508937,S3-915503000,S3-855118526,S3-828239755
S1-258761145	S2-222302302,S3-814197392,S3-600336455,S3-363902599
S1-868854136	S2-879307143,S2-132640198,S3-220972993,S3-233290564,S3-630458210,S3-153934852,S3-364705273
S1-702585069	S2-714418721,S2-325563051,S3-930291630
S1-157820053	S2-540285251,S2-534705818,S3-848016082
S1-711334050	S2-715081397,S3-577024883,S3-932729641
S1-229511821	S2-221569245,S3-852378436,S3-528122854,S3-179308905
S1-764802701	S2-309149382,S3-524363800,S3-74416559,S3-407552469
S1-499231804	S2-666040483,S2-348027298,S3-219261505,S3-880371272
S1-690718478	S2-367638246,S2-523231282,S2-217581050,S2-688472237,S3-13069900,S3-105630600,S3-926578054
S1-503124655	S2-48869507,S2-298737163,S3-373417039,S3-422768437
S1-582199596	S2-65453702,S2-734645749,S2-913031608,S3-46253476
S1-496699964	S2-648357158,S3-106093789,S3-753696577
S1-686821382	S2-101849377,S3-530344528
S1-488854297	S2-68359700,S3-661916240,S3-760846071
S1-737319753	S2-571990651,S3-494223268
S1-669114139	S2-400976890,S3-132969993
S1-883125595	S2-715243945,S3-863112765
S1-790405776	S2-981730697,S2-591120817,S3-178133509,S3-420541440,S3-357992514
S1-460473415	S2-539881510,S2-223488579,S3-194778649
S1-120803126	S2-878499406
S1-678334497	S2-675066108,S2-567959360,S3-810865837,S3-613461114
S1-254063451	S2-930347462,S2-46611519,S2-771675062,S2-6925621,S3-143737286
S1-943670110	S2-266838683,S3-335762578
S1-578817563	S2-872013000,S3-807889802
S1-263370310	S2-965515402,S3-339508910,S3-307148434
S1-455837069	S2-569299428,S2-547541240,S2-932547178,S3-604975492
S1-928262998	S2-707261183,S2-730160799,S3-815601203,S3-332585107
S1-905973883	S2-988059827,S3-798388446
S1-70292842	S2-428041200,S2-156232434,S2-705403670
S1-841868843	S2-981825135,S3-421830304,S3-887648824
S1-357031015	S2-375534874,S3-579716413
S1-904513801	S2-139447384,S3-387731039,S3-870075702
S1-483360570	S2-566734610,S2-384370048,S2-783258411,S2-3374982
S1-192075650	S2-388597667,S2-101657396,S3-544742859,S3-556525671
S1-435694150	S2-16075564,S2-763054309,S3-173453961,S3-463807140,S3-856434538
S1-133321053	S2-554965178,S2-726082947,S3-259759164
S1-985075653	S2-123611592,S3-307427253
S1-114836009	S2-355693934,S2-813135622,S3-840377367
S1-669518215	S2-430427658,S2-373703896,S2-41052522,S3-240663643
S1-299146891	S2-74812371,S2-574304489,S3-643912665,S3-888130667,S3-121001477
S1-291669803	S2-759003618,S2-576684968,S2-495155889,S2-973208118,S2-874338994,S3-833919569
S1-851137868	S2-815452445,S3-135316486,S3-508763503,S3-209721337
S1-156551015	S2-585308320
S1-34763971	S2-901952664,S3-455599616,S3-599430784
S1-42197445	S2-880527759,S3-837330584,S3-939888862,S3-386225610,S3-670418190
S1-658889905	S2-96483677,S3-931059413
S1-577640518	S2-387967883,S3-506887073
S1-624944843	S2-401197707,S2-277881152,S2-724727019,S3-536145391
S1-600787313	S2-779484984
S1-201290038	S2-792503739,S2-919302299,S3-697898596,S3-965968815,S3-440106594,S3-169393510
S1-588561113	S2-809869901,S2-528592636,S2-731487201,S3-114110911,S3-592776930
S1-216061767	S2-157599636,S2-69640120,S3-686744682
S1-350147781	S2-368370092,S2-906459403,S3-56122903,S3-87561547,S3-575598905
S1-323989957	S2-453689644,S2-290540939,S3-989988672,S3-707325713,S3-688516911,S3-202853957
S1-874330277	S2-929384287,S2-7974728,S3-376613059,S3-592804319,S3-470740829
S1-369505611	S2-36036733,S2-794883176,S3-539454098,S3-939004060
S1-279796258	S2-469879554,S2-12590411,S3-48286955
S1-230355563	S2-429938641,S2-782570134,S3-256563158
S1-717571769	S2-19754833,S3-788637910,S3-137436595
S1-720306410	S2-503945882
S1-734013575	S2-521538316,S2-827985459,S2-947047096
S1-706288540	S2-279917222,S2-240846490,S3-718298823,S3-315247499
S1-702582190	S2-393349656,S2-914588373,S2-671307844,S3-614623767,S3-212188063,S3-659116241
S1-358365545	S2-443990707,S2-596008823,S3-241511632
S1-925599130	S2-406285430,S2-421582572,S3-225797738,S3-944446339,S3-193069303,S3-863705643
S1-534080564	S2-945045770,S2-557551672,S2-635312225,S3-79247919,S3-964870914,S3-936232287
S1-491337996	S2-222206400,S3-102045307,S3-112430259
S1-100092302	S3-342499147
S1-842993909	S2-774047999,S2-787199434,S2-370592682,S3-402388947,S3-265007468
S1-662153188	S2-608454386,S3-582673836,S3-404858993,S3-980257035,S3-91314803
S1-38047052	S2-609618216,S2-12751860,S3-459322998
S1-177681417	S2-13588179,S3-243882109
S1-391599057	S2-82554540,S2-671787277,S3-859832529,S3-846302399
S1-105903907	S2-419123349,S3-238058853
S1-548251113	S2-587317130,S3-502460438,S3-991441699
S1-272345845	S3-220360353
S1-716171952	S2-574512747,S2-503748899,S3-883082035,S3-616925735,S3-472371649
S1-794738609	S2-530547351,S3-621493408
S1-344397076	S2-933414381,S3-36314720
S1-564229041	S2-982406596
S1-436735270	S2-933672260,S2-421949057,S3-602921842,S3-510657000
S1-798403578	S2-214777242,S2-405913004,S3-994854282
S1-791897036	S2-26508557,S3-855993182
S1-774920820	S2-709595162,S3-380633502,S3-49894751
S1-722284941	S2-397775774,S2-457112829,S3-938141015,S3-417923841
S1-821461766	S2-997131701
S1-876152368	S2-650156235,S2-295418726,S3-986410225,S3-926095533
S1-820401967	S2-92327974,S2-676338247,S2-438857610,S3-435153984,S3-62661597,S3-449327069,S3-311468056
S1-513613742	S2-235065538,S2-794699228,S3-249567311,S3-188126922,S3-557071471
S1-115772517	S2-963094461,S3-662433874
S1-683946228	S2-190737850,S3-153118624,S3-677996768,S3-306436880
S1-69731908	S2-931358214,S3-983480207
S1-908532011	S2-425935083,S3-225391583
S1-139703703	S2-347805207,S3-946086341,S3-974684449
S1-128845719	S2-13317159,S3-911145253,S3-352343553,S3-760303673
S1-325863888	S2-280168687,S3-702247700
S1-455205736	S2-994935342,S2-45994463,S3-354178629,S3-787790272
S1-441691606	S2-217316336,S3-706809630,S3-667636370
S1-13949761	S2-327914435,S3-386575469,S3-750147964,S3-958121740
S1-422351597	S2-28362072,S3-86088236,S3-148347904
S1-946766876	S2-266454189,S3-340180326
S1-168612399	S2-404260739,S3-542421434,S3-530246156
S1-556926028	S2-629004180,S2-697012886,S2-786753074,S3-901647687,S3-823952126
S1-994640242	S2-13303938,S2-50736656,S3-997661230,S3-460168433
S1-601577888	S3-757605219
S1-5466360	S2-194530274,S2-924913244
S1-695561236	S2-133478062,S2-599299945,S3-90999340,S3-452347768
S1-990464625	S2-430158815,S2-659101019,S2-343649578,S2-418326053,S3-782424916
S1-534192002	S3-753819189,S3-5592176,S3-287345267,S3-772060072
S1-490392057	S2-652996733,S2-475214180,S3-373628128
S1-330681623	S2-156767073,S3-514728479,S3-956758496,S3-305848025,S3-441728716,S3-410752344
S1-533338799	S2-231195039,S2-216861876,S3-235988506
S1-162627827	S2-167171558,S2-29713136,S3-265068491,S3-793788330,S3-683429179
S1-899061566	S2-779151301,S3-47536912
S1-29404078	S2-848438015,S2-656133796,S3-341167930,S3-649649937
S1-134380533	S2-250214431,S3-636341837,S3-957492706
S1-885648256	S2-61824482,S3-809743216,S3-609118917
S1-752614096	S2-239363711
S1-617743488	S2-522110297,S2-268836677,S2-293726337,S3-610368985,S3-873266008
S1-476165744	S2-458565623,S2-649107745,S3-454425212,S3-948831562,S3-546193623
S1-263243269	S2-300283120,S2-594100555,S2-824724791,S3-159632552,S3-702902970,S3-373149353
S1-354127185	S2-300861417,S3-722620177,S3-695274372
S1-508102666	S2-615718427,S2-97802574,S3-599885128,S3-984754247,S3-822018387,S3-890823305
S1-1107370	S2-290166043,S2-534561495,S2-538642345,S3-526635674
S1-333075385	S2-599781819,S2-854210135,S2-308471544,S3-672284392,S3-970859310
S1-392906164	S2-45616934,S2-709679142,S3-487680402,S3-915530222,S3-529565781,S3-852234315
S1-944792563	S2-741578971
S1-230840066	S2-691579448,S2-178182682,S3-539345362,S3-901123269
S1-853332601	S2-566563556,S2-420591238,S2-836073122,S3-835045998,S3-876879862,S3-853293299
S1-576401661	S2-832977947,S3-282642351
S1-885731049	S2-380009535,S3-957949335,S3-198582227
S1-911617250	S2-195108338
S1-946095522	S2-228424579,S2-801331262,S2-55713814,S3-416901356
S1-356171523	S2-143595245,S2-222831146,S2-259469858,S3-230881377
S1-219274228	S2-209544223,S3-782956593
S1-119663755	S2-303531618,S3-562056285,S3-686999112,S3-134715184
S1-397530060	S2-929140585,S3-238576448,S3-819224770,S3-565073301
S1-958026737	S2-242645628,S2-887810791,S3-231792231,S3-444516840,S3-744332841
S1-355320367	S2-428718615,S3-279354174,S3-643360129,S3-88203995
S1-877212362	S2-928274956,S2-992383385,S2-444305129,S3-186586862,S3-599002655,S3-715872422
S1-364242650	S2-264594610,S3-527708142
S1-844303907	S3-535756706,S3-139197569
S1-582781292	S2-213640931,S3-216831296
S1-298575146	S2-937118481,S3-840231109,S3-129099020
S1-991331537	S2-786395463,S3-485042507,S3-982658919,S3-765994676
S1-247734550	S2-597851290,S3-238427332,S3-633577210
S1-849257864	S2-122544982,S2-283562176,S3-212659842
S1-725026262	S2-717782131,S2-567675071,S2-219848925,S3-984096916,S3-950190945
S1-426966971	S3-588030997,S3-635976884,S3-367367065,S3-285891976
S1-28904796	S2-16691610,S3-893598737,S3-499786476,S3-407856173
S1-657843766	S2-480762439,S2-651530629,S2-422916664
S1-142222504	S2-587429736,S2-767097528,S2-679040371,S3-254584917
S1-38970309	S2-244610072
S1-406464638	S2-230856414,S3-266427245,S3-778503862
S1-587607450	S2-973304157,S3-820848007,S3-807573774,S3-690533563
S1-270801848	S2-633701273,S2-632194604,S3-7639119,S3-611895276,S3-540764744
S1-108485761	S2-531789575,S3-628996175
S1-669690192	S2-90470873,S2-695304859,S3-413140045
S1-476283769	S2-348623490,S2-103954103,S3-595415024
S1-271331219	S2-137617962,S2-16085774
S1-559409235	S2-354427272,S2-949943669,S2-33317073,S3-238733176,S3-851242880
S1-526577786	S3-134312356,S3-395870090,S3-914521073
S1-420359863	S2-352583743,S3-364228732
S1-308201489	S2-937146251,S2-380966580,S2-912659557,S3-200862870,S3-191602879,S3-961431500
S1-412944576	S2-926043441,S2-835183051,S2-658341538
S1-277163344	S3-103672933,S3-569548980,S3-242923604,S3-206934575
S1-908612742	S2-708353516,S3-786461455,S3-388068012,S3-182011600
S1-168422537	S2-772157176,S2-612376044,S3-968872671,S3-219093027,S3-314999053
S1-713362663	S2-317740581,S2-985975680,S3-410433962,S3-322586285,S3-173320683
S1-486027464	S3-511361603,S3-682008231
S1-831500344	S2-935578450
S1-754516738	S2-463209802,S3-664199027
S1-88722981	S2-186249617,S2-288393611,S3-766321244,S3-318326255,S3-449883105
S1-498620716	S2-200656900,S2-877443972,S2-796872075,S3-786365258
S1-342365543	S2-445020830,S2-29070282,S2-136832935,S3-797911600
S1-51684249	S2-100756256,S3-250666761
S1-603932815	S2-500344362,S3-445556035,S3-132007860
S1-688223309	S2-213275125,S2-283121329,S2-80097482,S3-763018840,S3-289729825
S1-55248543	S2-987005735,S2-752305921,S2-422872033,S3-870076278
S1-797508490	S2-221410447,S2-545975483,S3-568080622,S3-77220601
S1-447351861	S2-445992490,S3-756311309
S1-395700093	S2-126486952,S3-48415887
S1-655066684	S2-609429610,S2-365096431,S2-389313394,S3-673132894,S3-734081487
S1-275031880	S2-891506258,S3-987150942
S1-578804014	S2-107131770,S3-528602041
S1-154149317	S2-982868551
S1-127161626	S2-79941505,S2-353123084,S2-100528854,S3-930703668,S3-798934277,S3-307599833,S3-865263199
S1-610520979	S2-613288957,S2-536386982,S3-966771069
S1-578613268	S2-297936818,S2-82626279,S2-280680033,S2-654558323,S2-999320117,S3-830398203
S1-459198855	S2-64871338,S3-330746050
S1-336131320	S2-29169379,S3-468859692,S3-659865346
S1-699683448	S2-921671875,S3-320731773,S3-431312281,S3-237334865
S1-349422374	S3-539898765,S3-175851149
S1-404885646	S2-622955391,S3-592455069,S3-285674284,S3-746316438
S1-902710571	S2-658819391,S2-83806678,S3-354328358
S1-927287463	S2-449554710,S2-343064081,S3-595752382
S1-718551312	S2-953105861,S3-876995627,S3-399367448,S3-994649780,S3-89090095
S1-10287127	S2-590595009,S2-484399337,S3-90315484,S3-28525714
S1-548016538	S3-826535259,S3-766300429,S3-326962124
S1-748454879	S2-508968510,S2-674673605,S3-433869920,S3-644669404,S3-191366922
S1-330047364	S2-920910226,S2-202017089,S2-677064601,S3-309809979,S3-164722909,S3-828444790
S1-823254859	S2-949453009,S3-266600905,S3-657729741,S3-348561570,S3-559536983
S1-771766889	S2-480283295,S2-421369021,S3-290106132,S3-925627547
S1-225364395	S2-607754133,S2-206615039,S3-926758808,S3-100387473,S3-571853496,S3-614777423
S1-798978350	S3-545087829
S1-945054957	S2-137886535,S3-6233124
S1-694344980	S2-503180492,S2-551050537,S3-752104578,S3-349670503
S1-81043420	S3-941663841
S1-701124895	S2-720061874,S3-367201170,S3-351559470,S3-851085187,S3-713721217
S1-956865382	S2-564897233,S2-785145719,S3-269334011
S1-694881589	S2-829960077,S2-511119126,S2-971561026,S2-439975756,S3-645312819,S3-957127514
S1-149945196	S2-598882324,S2-254332631,S3-648072523,S3-392979393,S3-609911507,S3-222150589
S1-429797292	S2-138837399,S3-492160788,S3-612150846,S3-39533382
S1-467038054	S2-456267203,S2-235391892,S2-924266424,S3-943744973,S3-721200779
S1-456369870	S2-151894600,S2-826561972,S2-496647584,S3-398154525,S3-752328473
S1-518003602	S2-193151963,S3-822167307
S1-766619834	S2-69069809,S3-213833412
S1-889075380	S2-614560565,S2-625736423,S2-947559834,S2-190174089,S3-765506606
S1-200179671	S2-817953613,S3-231217857,S3-372707647,S3-740807150
S1-520436025	S2-395544279,S2-572482314,S3-99951568
S1-237959321	S3-214184837,S3-766374609,S3-596113452,S3-412565626
S1-252719505	S2-268559792,S3-372194690
S1-574644245	S2-438481489,S2-534746044,S3-34497004
S1-13036550	S2-6397619,S2-997251357,S2-172117125,S3-758866206
S1-731592133	S2-934981314,S2-229243276,S2-326038195,S3-267676017,S3-414151574,S3-908297539
S1-208312250	S2-13046199,S3-925533323,S3-998745019
S1-849075147	S2-26970679,S3-602650671
S1-116199108	S2-488952549,S2-409657063,S3-330301161
S1-195262138	S2-516698843,S2-415147019,S3-224183737,S3-32078980,S3-683527336
S1-450913787	S2-166983756,S2-251303712,S2-784687626,S3-457748714,S3-937366309,S3-969526008
S1-736101460	S2-842124017,S3-847862327,S3-626987192,S3-787165568
S1-16184713	S2-739609819,S2-822946412,S2-999759769,S2-175948713,S3-958525984
S1-884179661	S2-769924855,S2-960274100,S3-25377044,S3-283880079,S3-338053389,S3-197460582,S3-638365426
S1-487423883	S2-370407753,S2-452928112,S3-397360930,S3-485457123
S1-785115183	S2-787192190,S3-708934538
S1-578716861	S2-738425655,S2-740835865,S2-562065891,S2-516993306,S3-62320759,S3-671393102,S3-461414946,S3-276953463
S1-320191556	S2-166199129,S2-981346136,S2-355413143,S3-782918565,S3-371091315,S3-329253410
S1-191583340	S2-580054088,S2-644434402,S3-517102120,S3-380031632
S1-8583076	S2-209670785,S3-927190025,S3-433609807
S1-150172263	S2-945161153,S2-943575638,S2-287303692,S3-128275367,S3-939883972,S3-394964890
S1-73115063	S2-268685075,S3-586746018,S3-206098467
S1-320200238	S2-531186396,S2-939555670,S2-431500512,S3-346099570
S1-752889614	S2-17993091,S2-422409357,S2-66129816,S3-442823809,S3-630598468
S1-564230941	S2-785676847,S3-46463668
S1-270955306	S2-505425059,S2-789747305,S3-413171258,S3-922232943
S1-398120814	S2-690651749,S2-953838042
S1-765357453	S2-196114878,S2-70206946,S3-458773879,S3-63496914
S1-110649886	S2-942976587,S2-194937151,S3-595330243,S3-745452915,S3-101363545
S1-615407578	S2-855708054,S2-567691902,S3-38155576,S3-352138470,S3-739227660
S1-457441159	S2-267683589,S3-441027185,S3-37141252,S3-793117695
S1-943576812	S2-834041159,S2-29629412,S3-461538689,S3-48358391
S1-530132439	S2-502674169,S2-204231285,S3-92932959,S3-331121978,S3-879507835,S3-83721100
S1-919465170	S3-803159481,S3-540218607
S1-628605984	S2-520642453,S2-632099063,S3-631558900,S3-249451025,S3-377595196
S1-590120413	S2-901022059,S3-287671482
S1-361452106	S2-887620413
S1-241889247	S2-920996104,S3-569225143,S3-910255935,S3-467885198,S3-402874662
S1-456092951	S2-760850610,S3-307516027
S1-413594386	S2-584117915,S2-71988036,S3-512446429
S1-744996280	S2-942498198,S2-535885450,S2-623748753,S3-674940034,S3-966302914,S3-769388233
S1-275424023	S2-868935728,S2-15461170,S3-581847092,S3-278165572,S3-826717330
S1-686617489	S2-85875386
S1-945591794	S2-837626423,S2-560027008,S2-992796798,S2-782105305,S3-526503729
S1-145669525	S2-6247064,S2-100780065,S3-873284193,S3-423512918
S1-22979624	S2-889668019,S2-347572666,S3-33412287,S3-454883924
S1-775686842	S2-174710491,S3-389211631,S3-528795278
S1-93515678	S2-356595592,S2-69357409,S3-15247781,S3-529121283
S1-649611262	S2-836919176,S3-729360368,S3-368285802
S1-987982281	S2-666166447,S2-688941146
S1-770164433	S2-717516405,S2-382499090,S2-218150744,S2-695793697,S3-570314281,S3-450701008
S1-500031629	S2-753041833,S2-155304107,S2-555748098,S3-611434142,S3-507502150
S1-903616689	S2-121732884,S2-327405838,S3-597107304
S1-384260249	S2-167061390,S2-600060566,S3-590415796,S3-852459023,S3-320405153
S1-350685465	S2-278655056,S2-261328613,S3-710953942,S3-939203462
S1-416643207	S2-924306875,S3-104757809
S1-364951703	S2-229510674,S3-11515892,S3-712662326,S3-447632055
S1-140419251	S2-127401682,S2-247394938,S3-920596533,S3-357700197
S1-558711844	S2-516427501,S2-108019361,S3-384326109,S3-568920845
S1-713762082	S2-985130879,S2-978253451,S3-359074753,S3-973078979
S1-916194141	S2-159002833
S1-934315085	S3-599307485,S3-764811323,S3-877351346
S1-982751103	S2-221450983,S2-665922309,S2-747093670,S3-349818800,S3-312283962,S3-28631202
S1-561122475	S2-356345526,S2-427610228,S2-385821507,S3-258577978,S3-698546508
S1-489512605	S2-299075911,S2-444994071,S3-744563853,S3-5454613,S3-352162669
S1-863228298	S2-319415913,S2-117701574,S2-996216103,S3-159168125,S3-974085485,S3-977137650
S1-986237167	S2-39518242,S2-98397914,S3-870580490
S1-420126830	S2-635379699,S2-528305843,S3-477310039,S3-623143778
S1-581572580	S2-324281813,S3-34241851
S1-887625143	S2-639938162,S2-505013789,S3-219357416
S1-377048732	S2-231473146,S2-350743756,S3-331505526
S1-955047167	S2-529422980,S2-7199283,S3-169440078,S3-543844003,S3-889340288
S1-177621726	S2-812017083,S3-299474849,S3-449799863,S3-211544994
S1-151148298	S2-307950779,S2-573199370,S3-163964201,S3-794976283,S3-368212031,S3-664044047
S1-685442311	S2-257365412
S1-238875882	S2-673308022,S2-599513036,S3-803392205,S3-913649582,S3-706233024,S3-786160264
S1-215311111	S2-741711791,S2-300163026
S1-486965562	S2-370036877,S2-685707327,S2-835445817
S1-169829322	S2-865615640,S2-664119625,S2-199845487,S3-488505453
S1-88896108	S3-942142098
S1-689286539	S2-11661319,S2-142552917,S3-508386216,S3-369191673,S3-131603520
S1-302527918	S2-41098428,S3-731798656,S3-241266273,S3-948945666
S1-28949816	S2-847569098,S3-370901359,S3-41576029
S1-108478421	S2-780950783,S2-447222585,S3-624877818,S3-291151726,S3-864072549
S1-995995696	S2-46334498,S2-582013030,S3-771971499
S1-141371863	S2-758306748,S3-697597374
S1-841437821	S2-141691186,S3-584947760,S3-209941575
S1-930395553	S2-207641977,S2-365798021,S2-9964880,S3-142107312,S3-547978401
S1-12359589	S2-386219112,S3-390703047
S1-903107600	S2-137458817,S3-16971377,S3-36934438,S3-326622389
S1-852610809	S2-543684028,S3-230847325
S1-935989878	S2-238410656,S2-474580627,S3-51440757,S3-438846276,S3-283114597,S3-340023907
S1-583050749	S2-604077580,S2-641368406,S3-442035631,S3-526734790
S1-184982391	S2-813015273,S2-869960027,S3-686025400,S3-773815386
S1-651252601	S2-511081869,S2-724716875,S2-81376945
S1-432063348	S2-438299704,S3-141199410,S3-804944310
S1-921185528	S2-921729260,S3-855758811,S3-333301330,S3-836198107
S1-540210679	S2-659035893,S3-411467447,S3-81063947
S1-485651858	S2-610661841
S1-729252248	S2-521077526,S2-232043271,S2-811109307,S3-541489987
S1-908006749	S2-488058442,S3-130070817,S3-447781658
S1-196072990	S2-954869685,S2-764232055,S2-895733073,S3-98960788,S3-275135785,S3-750332812
S1-796072458	S2-525756355,S2-815366373,S3-494046386,S3-599958974
S1-462238010	S2-585062642,S3-679250329,S3-554013678,S3-335979770,S3-443456761,S3-554035203
S1-693593544	S2-350040834,S3-254455964
S1-645154979	S2-902189587,S3-351525631,S3-289238916
S1-960307707	S2-222751521,S3-783261385,S3-370852399
S1-565820958	S2-335653312,S3-523480864,S3-62492009,S3-895725223
S1-590066655	S2-299466867,S3-918927477,S3-6763825,S3-571846543
S1-163300626	S2-641736935,S2-320068358,S2-421931880,S3-632531038,S3-730472467
S1-121018248	S2-530314786,S3-381826193
S1-7910447	S2-641310268,S2-333900107,S2-571642915,S3-374933376,S3-28825423,S3-40460791,S3-220247230
S1-699950732	S2-748016742,S3-339463131,S3-510880021
S1-184127587	S3-204463038,S3-231686210,S3-653248879,S3-525707247
S1-72982696	S2-322239309,S2-840256063,S3-548304888,S3-360298731,S3-40661909,S3-152785569
S1-693955577	S2-635069829,S2-206137509,S3-634657564,S3-620833626,S3-957829026,S3-433246550
S1-674318014	S2-833853067,S2-912724743,S3-646346000,S3-695647532
S1-202089587	S2-237935914,S3-326415689,S3-382375301
S1-524939817	S3-856699584
S1-915373071	S2-17604741,S2-691089082,S3-15666001,S3-431161298,S3-31513598
S1-349086847	S2-903415799,S3-538590439
S1-826473609	S2-840880601,S2-959811089,S2-603797965,S3-709932731,S3-390759137,S3-877556292,S3-867594635,S3-667287354
S1-104377160	S2-471400991,S2-977216703,S2-281635559,S3-761423817,S3-87105684,S3-785158721
S1-735486217	S2-165768476,S2-754617111,S2-765740006,S2-54938576,S3-267655861
S1-133664144	S2-425145370
S1-159340422	S2-127665702,S2-930034249,S3-484636856
S1-569662545	S3-31204467,S3-708823667
S1-904358584	S2-951314723,S3-350128417,S3-787801288
S1-967095255	S2-933530730,S3-103855275,S3-920894832,S3-76539373,S3-820793865,S3-891437753
S1-105673489	S3-235521993
S1-795851628	S2-348844358,S3-548171288,S3-332536239
S1-522102845	S2-842009305,S2-120534547,S3-743472345,S3-429405665
S1-378836808	S2-224678381,S3-105154577,S3-56173196
S1-495347369	S2-354234295,S2-432755436,S3-234294989,S3-365567647
S1-561263029	S2-858314158,S2-278354569,S2-920212615,S3-798362365,S3-878738364,S3-763120107,S3-950304129,S3-746190786
S1-832236776	S2-899057584,S2-639962580,S3-517330238
S1-425056669	S2-871484126,S2-907187738,S2-322857942,S3-864503317,S3-207230672,S3-295536942,S3-646254575,S3-956299151
S1-112623764	S2-82207754,S3-288772526,S3-237142586
S1-848707919	S2-667180136,S3-913773171
S1-56595657	S2-364107524,S2-583125880,S2-40684900,S3-312579419
S1-248795179	S3-895498128
S1-306686371	S2-295937505,S2-954083331,S2-982382371,S3-841285963
S1-965397826	S2-254328872,S3-61022098
S1-910912462	S2-568678788,S3-346101030
S1-336838613	S2-383682351,S2-73864914,S3-687094388,S3-351835897,S3-50363490
S1-449767328	S2-29231066,S3-650405368
S1-4684780	S2-26773591,S2-198578715,S3-997122525,S3-647391992,S3-933284696,S3-948257317
S1-463170177	S2-736680685,S2-716038736,S2-87171209,S3-997154531
S1-608445131	S2-41868830,S2-337471582,S3-180917883,S3-363118167
S1-660526998	S2-593592224
S1-92535397	S2-720308215,S3-954067642
S1-612342434	S2-929617698
S1-107164055	S2-372550096,S2-372671065,S3-772774282,S3-787725249,S3-123358824
S1-984766083	S2-700952302,S2-693925272,S3-261778434
S1-714049004	S2-243554514
S1-286385598	S2-21701775,S2-96024978,S2-257309761,S3-334034487,S3-193645986,S3-903613538,S3-479389744
S1-473568745	S2-732494739,S2-688986030,S2-913624618,S3-937602760,S3-292613433
S1-674133853	S2-853331255,S2-182293990,S2-87493238,S3-929583777,S3-870641101
S1-835126358	S2-123008657,S3-713838759,S3-386791240
S1-652689400	S2-728919890,S2-999741632,S3-584323213
S1-239690008	S2-95931663,S2-802531664,S3-567155088
S1-977231442	S2-311432351
S1-195055901	S2-110715467,S2-210333972,S3-759808425,S3-129340263,S3-704735198
S1-256606742	S2-249972113,S2-186552979,S2-757281333,S3-297392813
S1-463536130	S2-16539885,S2-81649542
S1-543917177	S2-304755141,S2-771976021,S2-901093406,S3-7386184
S1-283674373	S2-916715415,S2-461883816,S3-838197845,S3-409584384
S1-105467596	S2-767233513,S2-765340450,S3-445573401,S3-31116595
S1-158158148	S2-32166628,S3-935106590,S3-895974378,S3-524367443,S3-494691,S3-843803007
S1-731992931	S2-106374051,S2-576362253,S2-540412049,S3-647575117,S3-314119918
S1-236778075	S2-881204708,S2-599541547,S2-250223280,S3-954901589,S3-293082499
S1-543843491	S2-623378080,S2-244278270,S3-908171156,S3-309264074
S1-499511047	S2-755665977,S2-210622773,S2-847844921,S2-984412499,S3-193236735,S3-456681989
S1-165141473	S3-362656277
S1-194708571	S2-92221397,S2-88870281,S3-849720036,S3-957631272
S1-270046997	S2-839586046,S3-898286312
S1-857752814	S2-154013205,S2-707968262,S3-130937962,S3-122277064
S1-2903646	S2-659489244,S2-757886812,S3-814370200
S1-655948821	S2-358943139,S3-497685160,S3-501099823,S3-937584263
S1-493583834	S2-426594698,S2-912060337,S2-932013602,S3-955827191,S3-102415630,S3-977406512
S1-688238912	S3-839965190,S3-540268058
S1-861565077	S2-895603057,S2-90416279,S3-346259492,S3-291961475
S1-585297187	S2-536877050,S3-720845012,S3-68356205
S1-747787336	S2-449501183,S3-728033814,S3-45766330,S3-761224517
S1-311734552	S3-378477152,S3-579325001
S1-388117818	S2-882442522,S3-517944829,S3-447337011,S3-271455154
S1-465768348	S2-291939453,S3-889295574,S3-184808501,S3-890991072
S1-672401908	S2-295891557,S2-839755109,S3-993716915,S3-201761751,S3-513250206,S3-359964665,S3-647663940
S1-264595564	S3-191019376,S3-780883260
S1-201444094	S2-620653073,S2-308711571,S3-403833839
S1-435719827	S2-158821338,S2-666686707,S3-983364612,S3-947358829
S1-884349334	S2-840958966,S3-731655337
S1-486333837	S2-367896778,S2-689884155,S3-738043782
S1-693138380	S2-470183221,S2-988572363,S2-370615423,S3-828297238,S3-822969561
S1-239822519	S2-870524435,S2-310660055,S3-60664370
S1-775768625	S2-298872216,S3-372121177,S3-269140174,S3-620882567
S1-644185173	S3-500648371,S3-734453349
S1-938743126	S2-127901805,S3-350687866
S1-281623375	S2-727787821,S2-7931346,S2-481929417,S3-364976458,S3-842962946,S3-734142411
S1-488475259	S2-251492950,S2-437437865,S2-117752637,S3-234812896
S1-24217607	S3-822351618,S3-900946466,S3-689401112,S3-215947471
S1-681884996	S2-268644690,S2-384115161,S3-345264089
S1-805377680	S2-841784013,S2-326476477,S3-486330179,S3-354791089,S3-665192957
S1-579045602	S2-846028432,S3-77718741,S3-925108254,S3-268458817
S1-772651202	S2-829130733,S3-135914405
S1-857009902	S2-139430539,S2-489882579,S3-767477416
S1-809258250	S2-12483832,S3-108821381,S3-497378129
S1-470688694	S2-166981617
S1-95042518	S2-358683609,S2-42708227,S2-104982906,S3-710131310,S3-182115073,S3-621589910,S3-94818437
S1-611985932	S2-316186886,S2-277834895,S2-817906290,S3-411130088,S3-594256545,S3-851273757,S3-564308351
S1-795075063	S2-640990389,S2-877981908,S3-13596688
S1-153040727	S3-722570804,S3-360648773,S3-199982590
S1-24285197	S2-920760369,S2-151029347,S3-819841953,S3-850796238,S3-296636780,S3-830819658
S1-890636384	S2-651769374,S2-534320826,S2-622905514,S2-634266920,S3-832835571,S3-247639348
S1-114279288	S2-856230953,S2-430741464,S3-169035772,S3-176391312
S1-264085256	S2-510454961,S3-728924371,S3-317383735,S3-645052570
S1-94374852	S2-499474648,S3-220580877
S1-784130189	S2-616311204,S2-514444051,S2-528855312,S2-755761381
S1-616029794	S2-813163902,S2-244202426,S3-762736609,S3-51877061,S3-210974306,S3-647390195,S3-796608471
S1-452920818	S2-470058724,S2-286165958,S2-296703790,S3-728627824
S1-361025235	S2-728416506,S3-53040260,S3-140489534,S3-29525645
S1-693758622	S2-401038144,S3-311629084,S3-402501694
S1-657401507	S2-962697516,S3-756700134
S1-794952235	S2-806420376,S2-860809723,S3-424391246
S1-879040767	S2-365657029,S3-627878496,S3-199825828,S3-633868254,S3-132732422
S1-501028064	S2-335163863,S3-450855756
S1-747079630	S2-790797187,S2-316166526,S3-836896636
S1-514241923	S2-59876332,S3-24233278
S1-468945905	S2-947374440,S2-944748269,S3-670782130
S1-283051537	S2-758960431,S2-182057217,S3-239417180
S1-835803057	S2-428232113,S2-237978006,S2-332732463,S3-375962716
S1-157138588	S3-513974976,S3-255720443
S1-128192282	S2-126453657,S3-741148514
S1-539041756	S2-252962457,S2-454859270,S3-753882814,S3-242967983
S1-267369539	S2-69918191,S2-407443447,S3-656645643
S1-359407580	S2-98726864,S2-116895373,S2-872830594,S3-72799638,S3-556727878,S3-213914554
S1-893929793	S3-819053775
S1-34790037	S2-142041628,S2-119128081,S3-617611978,S3-887339495
S1-701166963	S2-268195033,S3-544017097,S3-818334934,S3-481548279,S3-252347965
S1-944367809	S2-389459848,S2-680507261,S3-249123747,S3-429353782
S1-865891258	S2-662121821,S2-601480448,S2-327978821,S3-550000746,S3-931752525
S1-964275245	S2-873807790,S2-933463647,S3-122795117,S3-829155708,S3-207459913
S1-455772035	S2-25156752,S2-674012001,S3-514787482,S3-481143505
S1-152696579	S2-520416547,S2-422578937,S3-848256797,S3-574253411
S1-725257327	S2-797396455,S2-634897273
S1-360531926	S2-475519667,S2-162265319
S1-432123314	S2-444960394,S2-537399687,S2-642524820,S2-599356567,S3-178272979
S1-677400165	S2-709078720,S2-709353691,S3-951747774,S3-915821471
S1-319649313	S2-396461840,S2-609483321,S3-466627277
S1-300466419	S2-921292433,S3-434796580,S3-29719588
S1-810576415	S3-725797483,S3-430878686,S3-819299430
S1-783349163	S2-885077316,S2-419508690
S1-849039539	S2-309840282,S2-238522089,S2-480307326,S3-829872722,S3-505444221,S3-489865903
S1-526945897	S3-850080225,S3-854566465,S3-767208780
S1-562181665	S2-523490373,S2-53914658,S2-515097171,S3-876164949
S1-290605940	S2-470759659,S2-337471973,S2-306653210
S1-862540699	S3-391526679,S3-870384869,S3-830088516
S1-312964221	S2-786285214,S3-274508367
S1-637376928	S2-974490186,S3-898667860,S3-51875580,S3-472294396
S1-160980433	S2-969235216,S3-757487332,S3-595675695,S3-170304471
S1-560927917	S2-320173841,S2-801229803,S3-773122803
S1-607943002	S2-924168964,S2-959035919,S3-512479504
S1-850093466	S2-842179613,S3-291477498
S1-295615816	S2-293028663,S3-328389014
S1-199404150	S2-289383275,S3-350914974,S3-777000893
S1-125755626	S2-967692355,S2-83045223,S3-519321342,S3-358770147
S1-399999752	S2-295462142,S2-496586045,S3-348006332,S3-350770770
S1-444863682	S2-93950899,S2-277279686,S3-197405311
S1-780219468	S2-794791075,S2-218498625,S3-757697846
S1-507194830	S3-16498092
S1-645722890	S2-544301101,S3-244164416,S3-250602205
S1-581315681	S2-175214338,S2-119815143,S2-518427323,S3-672201494,S3-952793497,S3-388637834
S1-757275550	S2-332319628,S3-723178972,S3-653504770,S3-852384382
S1-165549983	S2-624933277,S2-178382448,S3-772527770,S3-472672189
S1-707236326	S2-168372646,S3-684686324
S1-917177896	S2-102711581,S2-198751823,S2-61369940,S3-654953553,S3-39185171
S1-942769921	S3-753797154,S3-914801882,S3-880250175
S1-456530971	S2-640125158
S1-432627300	S2-437001342,S3-6009696,S3-583408249
S1-753242694	S2-60255379,S2-186620150,S2-16295411,S3-356368743
S1-622547440	S2-91935184,S3-444063706,S3-802846473,S3-415481585
S1-130796328	S2-678978497,S2-153417093,S3-338689255
S1-387909815	S2-982413668,S2-972085450,S3-732246546
S1-562405192	S2-696713392,S3-76593163
S1-653549687	S2-192064455,S3-285472187
S1-986284624	S2-224779507,S3-538628397
S1-171232685	S2-109573354,S2-609025620,S2-860215441
S1-251572038	S2-431072262,S2-217409750,S3-292637675,S3-36905240
S1-40162994	S2-660983696,S2-68541205,S2-259841298,S3-695018314
S1-432815458	S2-793967380,S2-985573752,S3-821759155,S3-676655536,S3-283864077
S1-451129144	S2-282589498,S3-652574831,S3-160600977,S3-399523534
S1-998229946	S2-155924032,S3-217116292
S1-906368772	S2-896895725,S2-294627879
S1-705069146	S2-920252346,S3-462246652,S3-79461012
S1-397055416	S2-210352108,S3-453040619,S3-497197171,S3-516473744
S1-570032226	S2-603082834,S3-434273536
S1-298518085	S2-197579069,S2-986358883
S1-869591991	S2-80245980
S1-722332939	S2-175220273,S3-940455807,S3-623468230,S3-192611179
S1-800210545	S2-594625069,S3-205236987
S1-140832885	S2-574405483,S3-788307175
S1-384756243	S2-447941048,S3-674666404,S3-218121449
S1-92948416	S2-152537172,S2-987749448,S3-830693623,S3-535146891
S1-306487306	S2-608759173,S2-964840289,S2-610159060,S3-783034109,S3-854284461
S1-753278739	S2-421167787,S2-93376657,S3-124492379,S3-887577133
S1-349731385	S2-674740094,S2-313926033,S2-781598988,S3-139380548,S3-118880033,S3-568714033
S1-147229757	S2-282470797,S3-509064485,S3-800350688
S1-448882835	S2-472605974,S2-692734409,S2-653370633,S3-910885264
S1-580356490	S2-951925710,S2-407475136,S2-700177760,S3-894889721,S3-309861141
S1-946414958	S2-489300801
S1-388228413	S2-735613605,S2-769993952,S2-681114607,S3-497810656
S1-356433079	S2-753861279,S3-604336128
S1-974402677	S2-870718970,S2-455789335,S2-873067565,S2-52226455,S3-850867633
S1-609246894	S2-734005333,S2-252244945,S2-681561231
S1-747562835	S2-254230008,S3-508573290,S3-116330721,S3-451294494
S1-748642177	S2-983418772,S2-431425946,S3-910295763,S3-829072050
S1-134137343	S3-5460398,S3-539817991,S3-62233925,S3-685705274
S1-763268871	S2-211124647,S2-569980540,S2-393305529,S2-211549790,S3-144164023
S1-238672930	S2-44105724,S2-840851997,S2-607781008,S3-939984454,S3-504571981,S3-545104070,S3-699766644
S1-823941069	S2-173661800,S2-492704565,S3-355563994,S3-480528283
S1-361957118	S3-972610188,S3-605969721
S1-143313809	S2-977450512,S2-398289261,S3-664430369
S1-396542260	S3-30221367,S3-320055481
S1-424840237	S2-962865583,S3-674334476
S1-542499944	S2-442082344,S2-46625549,S2-163649933,S2-453958679,S3-509755707,S3-667319859,S3-998419133
S1-306341184	S2-924832258,S3-670834391,S3-505704491
S1-755596738	S2-619547624,S2-139363061,S2-733109193,S3-7286356
S1-294050384	S2-637283634,S3-474001446
S1-158106344	S2-872915445,S2-939441046,S2-493858263,S3-43925971,S3-751751211
S1-587618332	S2-255592306,S3-161504167,S3-530520656
S1-176313308	S2-21894941,S3-293672634
S1-356784519	S3-908165797,S3-668443697
S1-902574458	S2-752023237,S2-595857336,S3-5288692
S1-176351738	S2-655758810,S2-65194178,S3-855867771,S3-473267140,S3-226053723
S1-126548925	S2-110886577,S2-643266081,S3-980522760
S1-386946811	S2-628215096,S2-192503860,S3-464656334
S1-549763590	S2-664025920,S2-203052137,S3-511623934,S3-425156163,S3-456211843,S3-83040303
S1-441707927	S2-379621044,S3-486257259,S3-28570047
S1-32730644	S2-219079927,S2-460590623,S3-605137640,S3-267279674
S1-931549551	S2-381074550,S3-994036108
S1-294136211	S2-856942054,S2-733262494,S2-218583109,S2-951633519,S3-278046798,S3-36746783,S3-445484700
S1-356967975	S2-190317044,S3-670032069,S3-23872992
S1-145139164	S2-573631615,S3-61881723,S3-545403266
S1-856463522	S2-26240963,S2-493169943,S2-285025408,S2-871539877,S3-401336745,S3-448044882,S3-399679801
S1-524100660	S2-67314648,S3-149292657
S1-560906676	S2-990906261,S2-469524011,S2-775907517,S2-754214946,S3-399381544,S3-709327395,S3-975088366
S1-687462877	S2-630874305,S2-697657587,S2-684102428,S3-483719737,S3-969475601
S1-241125020	S2-930554169,S3-91045303,S3-136140498,S3-676204635,S3-493888621
S1-448137263	S2-581677522,S2-621620713,S2-218503537,S3-763499304,S3-87879050,S3-813307763
S1-342447379	S2-125146071,S2-830806697,S3-420812596
S1-263640803	S2-453854854,S3-223648454,S3-830853149
S1-465841917	S3-163029824,S3-795651847,S3-687096628
S1-527646189	S2-215567091,S2-22320024,S2-249152144,S2-779773206,S3-658860328,S3-854726175,S3-420108833
S1-250158361	S2-582930260,S3-824773367,S3-52125382
S1-419992274	S2-404067285,S2-146979149,S2-147504734,S3-627536231,S3-352911287
S1-828706326	S2-239538821,S3-242714486,S3-943163728,S3-339587912
S1-531963309	S2-755735095,S2-258169746,S3-645336211,S3-322472372
S1-617644067	S2-648192064
S1-430792992	S2-929396493
S1-870002969	S2-977521482,S2-910166490,S2-762603238,S3-679193618,S3-144004293
S1-565871863	S2-646972890,S2-854184603,S2-84744467,S3-380471053,S3-771634777,S3-510332780,S3-358314657
S1-165167201	S2-431819614,S2-273048604,S3-413092468
S1-126830394	S2-256516243,S2-725391291,S2-51273652,S2-608871704,S3-908483540,S3-737475130,S3-58632628,S3-501555965
S1-462026245	S2-316164777,S3-724528147,S3-690213559,S3-864819011,S3-474648528
S1-323750126	S3-522415052
S1-421295884	S2-851658323,S2-516318286,S3-640992173
S1-670529461	S2-490689056,S3-656152856
S1-821272787	S2-590448939,S3-298840534,S3-805151888,S3-846148945
S1-667777865	S2-684879684,S2-200602801,S3-339720544
S1-879687380	S2-564308709,S2-321689566,S3-182734293,S3-125987538,S3-707994768
S1-560194357	S2-600995002,S3-215019700
S1-211362730	S2-565971602,S2-952094929,S2-624030402,S3-883931123,S3-788034541
S1-95158367	S2-402868284,S3-287532945,S3-5086797
S1-929249111	S3-475144342,S3-56699455
S1-804483227	S2-997785593,S2-573419000,S3-758902317
S1-521041803	S2-731482943,S2-151622702,S3-36062431,S3-999856502
S1-319418661	S2-963469973,S2-619821544,S3-508184222
S1-259353961	S3-405025288
S1-695641289	S2-877721176,S3-920717798,S3-494035703,S3-180494545
S1-536722100	S2-177053290,S2-733247538,S2-784072931,S2-836881231,S3-671170363,S3-658196765,S3-195602670
S1-648393738	S2-506278499,S2-102053357,S3-674572353,S3-473219720
S1-375848651	S2-362216207,S2-677675618,S3-845144316,S3-249549805
S1-376439609	S2-41804918,S2-942301828,S3-545510869,S3-740975538
S1-26380037	S2-61633708,S3-100416515
S1-873700382	S3-352908952
S1-386210096	S2-114192515,S3-346649474
S1-625391486	S2-588248543,S2-970864793,S3-998924113
S1-176937532	S2-855155832,S2-22761218,S2-28685005,S2-720595178,S2-792232312,S3-329286087
S1-477769300	S2-433468491
S1-826537516	S2-844727748,S2-37939363,S3-898028706
S1-943235919	S2-843718452,S2-286619780,S2-828700133,S3-527726417,S3-436423835,S3-752366832
S1-843155982	S2-334701023,S2-954286809,S3-649291407,S3-321606925,S3-625353285,S3-310778752
S1-9489835	S2-75830640,S2-652007159,S3-181519856,S3-481890500,S3-999360009,S3-982480757,S3-382942273
S1-180809563	S2-317865460,S3-628358914,S3-323414590
S1-539668411	S2-73752902,S3-40491731
S1-352958377	S2-117144740,S3-896589588
S1-382376787	S2-107275331,S3-730737324,S3-972984699,S3-799116412,S3-404891186
S1-683640729	S2-274860483,S3-524731895,S3-960798430,S3-149117608
S1-424460097	S2-19477459,S2-344460046,S3-183090014,S3-334470027,S3-890586904
S1-692606633	S2-458138897,S3-788374113,S3-888733584,S3-55065153,S3-881066108,S3-528940651
S1-577689207	S2-323886528,S3-907188363,S3-661603183,S3-730879736
S1-936926113	S2-837180434,S3-31686500
S1-692846308	S3-98738661
S1-720769532	S2-547757968,S2-714334046,S3-427969324,S3-136620756
S1-900112766	S2-168508520,S2-882955974,S3-493861558,S3-148122931
S1-284812008	S2-461738397,S2-454616838,S3-555960883
S1-977214159	S2-40519858,S2-931026399,S2-264045089
S1-326817267	S2-830516494,S2-939785718,S3-395159798,S3-995595826,S3-182646753
S1-392011909	S2-228883444,S3-980593898,S3-518899809
S1-612387589	S2-760208269,S2-256516216,S3-619089525
S1-3962839	S2-593589165,S2-348843327,S3-213843175,S3-436084914
S1-4673127	S2-434253083,S3-174986135
S1-888590065	S3-222121956,S3-935259251,S3-52356313,S3-924385086
S1-32217936	S3-752327839,S3-439248335
S1-536981837	S2-713978762,S2-986491756,S3-636784020
S1-307094740	S2-102709458,S3-95503136
S1-388692456	S2-911604735,S3-10785607,S3-559543845
S1-319242287	S2-923526656,S2-799653257,S3-521428579,S3-785942207
S1-547707944	S2-122946962,S3-788540155,S3-182627030,S3-838599059
S1-738527637	S2-905983803,S3-953156214,S3-380385226,S3-808889559,S3-932101476,S3-60826914
S1-262854431	S2-423522149,S3-219838278,S3-235757783,S3-474008896
S1-62456280	S2-291788414,S2-745100697,S2-968011388,S2-358482089,S2-307561218,S3-899743249,S3-182082721,S3-524728887
S1-396237717	S2-389502083,S3-737641955,S3-785328737,S3-857371541
S1-97765414	S2-458086537,S3-448779498,S3-257028445,S3-378576335
S1-799305908	S2-346474530,S2-863384714,S2-881638503
S1-16845109	S2-522317774,S2-361910112,S3-756671175
S1-193322186	S2-374396134,S3-324838877,S3-928196834
S1-367016536	S3-769285863,S3-131630528
S1-491490385	S3-593731635
S1-844491561	S2-981636594,S3-669649183
S1-549872407	S2-183079088,S3-396676443,S3-311296519,S3-104751841
S1-946041343	S2-831193794,S2-649874433,S3-185144057
S1-581919379	S2-214423203,S2-922463402,S3-363132206,S3-616450711
S1-646434241	S2-413698602,S3-625907979,S3-753260103
S1-834955269	S2-735136781
S1-228219160	S2-255007155,S3-707186624,S3-859583136,S3-46228596,S3-533279338,S3-686059746
S1-353283274	S2-264997775,S2-124498500,S2-363736151,S2-576976676,S3-916184769,S3-440402702
S1-187487962	S2-975011581,S3-495393559,S3-396373452
S1-696266931	S2-598156683,S3-259115330
S1-441806726	S3-59094207,S3-539302290,S3-492518153
S1-905384398	S2-898785310,S2-986665273,S2-394892705,S3-240557527,S3-140416876
S1-682992250	S2-707966617,S2-334862649,S2-369158989,S3-214964983,S3-54251968,S3-650880303
S1-897239969	S2-562016336,S3-240234203
S1-474550548	S2-723594654,S2-978661420,S2-78190348,S3-89001232,S3-959330643
S1-779872560	S2-428676695,S2-66007039,S3-451879287
S1-334012205	S2-155966173,S2-322128883,S2-640220621,S3-938576332,S3-721336361
S1-385002355	S2-840302701,S2-835691858,S3-206029888,S3-355656050
S1-97039362	S2-244255091,S3-112282366
S1-605665187	S2-503126560,S2-577776289,S2-609345037,S3-791878029,S3-364142719
S1-522143414	S2-638452376,S2-823050562
S1-227942768	S2-764968226,S2-719359424,S3-129550724,S3-824605112
S1-925193098	S2-573535470,S2-77371079,S2-554604089,S2-756178083,S3-80753861,S3-600318259
S1-687768692	S2-523870954,S2-289080885,S3-349291056,S3-635575635
S1-408039024	S2-437375734,S2-171777033,S3-130808801,S3-85128539,S3-755018394
S1-704642210	S2-172426933,S2-581174740,S3-323551014,S3-134806171
S1-398955850	S2-276594390,S2-505336578,S3-456946278,S3-4263697
S1-407102751	S2-613806553,S2-366534254,S3-977202176,S3-797027682,S3-343321947
S1-578346292	S2-950403397,S2-612948135,S3-735003320,S3-447211721
S1-199288494	S2-60776530,S3-660725765,S3-900157327,S3-25717920
S1-509945105	S2-3867074,S2-342390053,S3-903789147,S3-567656184
S1-144393643	S2-478666132,S2-114157215,S2-480295702,S3-169464321,S3-332877368,S3-344318717
S1-490843599	S2-318117093,S2-560870488,S3-55903051
S1-884371778	S2-662786556,S2-673677837,S3-388713595,S3-830661996
S1-46693250	S2-604350578,S3-130690168,S3-707030038,S3-732603898
S1-913049318	S2-317568535,S2-339803883,S2-974501840,S3-742122343,S3-89453617
S1-387172227	S2-332651697,S3-309365800,S3-457239811
S1-85820868	S2-465464909,S3-214866452
S1-33967596	S2-346507581,S3-382327171,S3-159072886
S1-688962767	S2-267663757,S2-988158440,S2-701944135,S3-2822403,S3-749741807,S3-95595574,S3-172685140
S1-671844314	S2-892157375,S3-521075890,S3-625623156
S1-885613962	S2-624056260,S2-787669514,S3-484071489,S3-714439139
S1-167189302	S2-838483720,S3-90499327
S1-70889579	S2-872332690,S3-836157681
S1-838321774	S2-947773672,S2-260575243,S2-637511940,S2-267172883,S3-868273179,S3-627697374,S3-327119645
S1-184059662	S2-216971256,S2-278169325,S3-673628896
S1-983450597	S2-36394041,S2-415870917,S2-481467699,S3-809005771,S3-425040585
S1-280247498	S2-185366369,S3-731837752
S1-539911109	S2-880102471,S2-634095646,S2-817573321,S2-993969154,S3-263759630,S3-965464493,S3-578473231
S1-914840229	S2-802318575,S2-699013644,S3-216134215,S3-359316285
S1-78376381	S2-170666295,S3-395985261,S3-465821369
S1-160862542	S2-268303171,S2-728276661,S3-543054626,S3-349570595
S1-458394066	S2-435913643,S3-416677061,S3-741975314,S3-541562208
S1-243195618	S2-439860699,S2-83152695,S2-995556502,S3-197959566
S1-584702454	S2-392724963,S2-880303300,S2-837950230,S2-642649656,S3-461475781
S1-466870832	S2-585525457,S2-841779770,S2-157257251,S3-290316784,S3-169867447,S3-798632848,S3-130065597
S1-720327552	S2-964336384,S3-204246836,S3-309873759
S1-648464215	S2-277502012,S3-489248632,S3-455093329
S1-362835309	S2-217024683,S3-142384963,S3-704391252,S3-507415118
S1-592298250	S2-124558538,S2-631003026,S2-926345733,S2-676618359,S3-601139398,S3-585746626
S1-800874918	S2-283263778,S2-382522212,S2-268639341,S3-637656604
S1-57634446	S2-780911790,S3-532924262
S1-809549440	S2-822185554,S2-478916178,S3-721266073
S1-113392038	S2-205849533,S3-959972180,S3-493172416
S1-572113050	S3-360586311,S3-309746682
S1-410555343	S2-805720256,S3-276197063
S1-787356034	S2-999510899,S2-217851075,S3-106993892,S3-422553053,S3-147090288
S1-968711507	S2-747828087,S3-994112663,S3-583746831,S3-309216634
S1-43692444	S2-736936121,S2-596259832,S2-68345480,S3-8323990,S3-175264690,S3-126079909
S1-740815037	S2-838530188,S2-52021561,S3-13384670,S3-698852469,S3-295445607,S3-47432359
S1-269920749	S2-997040400,S2-991623400,S3-115599750
S1-654470707	S2-500602373,S3-162075163,S3-700117652
S1-729510882	S2-120140640
S1-535097921	S2-681414554,S2-632722120
S1-766893473	S2-965779198,S3-703894492
S1-549863227	S2-46820835,S3-250375329,S3-55232732,S3-514367663,S3-533378129
S1-229625783	S2-369051336,S2-640171188
S1-550973685	S2-833689895,S2-246721041,S3-546364578,S3-212789300
S1-223262690	S2-175940275,S3-316967474,S3-265608040
S1-24624747	S2-135117033,S3-943840125,S3-555328253
S1-662788519	S2-744802686,S3-182032125,S3-918529006
S1-121210422	S2-721590446,S3-599845006,S3-88242839,S3-932639476
S1-85699366	S2-703432070,S3-736711223,S3-878201422
S1-731602593	S2-783624532,S3-994848037
S1-989045240	S2-146375999,S2-5288706,S3-275624890,S3-770958342,S3-283207378,S3-121476486
S1-323709999	S2-674020830,S3-706584981,S3-368708713,S3-887768373
S1-293688718	S2-635341911,S3-769805170
S1-985542338	S2-580086377,S3-689836698,S3-533504355
S1-295293506	S2-876933462,S3-543254520,S3-780776396
S1-510433828	S2-734949531,S2-754297398
S1-599555149	S2-764054390,S2-177308155,S3-920373560
S1-921358184	S2-819347429,S2-587460784,S2-484716825,S2-909579863,S3-134631611
S1-895801837	S2-41156435,S2-547876689,S3-858127434
S1-223869176	S3-294425992,S3-970908805
S1-212145711	S2-15395843,S2-158889434,S2-668921089,S3-26214847
S1-464535846	S2-56071140,S3-273611979
S1-404329811	S2-288855608,S2-972894981,S3-936147046
S1-116836715	S2-35075288,S2-966629488,S3-796959155
S1-253930529	S2-286865823,S3-367773683,S3-205456119
S1-341462053	S2-122018059,S2-141486128,S3-539923671,S3-689207093,S3-624614839
S1-889041257	S2-59870631,S3-325752073
S1-430976748	S2-274998213,S3-565242454
S1-439915819	S2-865264602,S2-222625770,S2-657272488,S2-607567825,S2-719218377,S3-399895749,S3-665710025
S1-88160143	S2-738748730,S2-593944846,S3-2656145,S3-574228825,S3-497376624
S1-597979274	S2-618614879,S2-120618977,S3-910371579,S3-183864076
S1-709606550	S2-839105382,S3-298811011,S3-38872892
S1-240863600	S2-728635692,S2-33953331,S2-218980264,S3-440229796,S3-566247076,S3-57504316
S1-248007230	S2-102978938,S2-370064685,S3-995229685,S3-570743207,S3-629391107
S1-488864125	S2-30309688,S2-588030857,S2-892347479,S3-633247966
S1-535445837	S2-398225972,S3-533929370,S3-222802957
S1-40020535	S2-710810742,S2-29267080,S3-377970687,S3-314258521,S3-674718584
S1-188833380	S2-56289570,S3-932486623
S1-596471555	S2-263443129,S3-937075880,S3-599941486
S1-660023527	S2-280905886,S2-551623861,S3-721055903,S3-879072506,S3-418647079
S1-163661321	S2-537116990,S3-984300309,S3-643213690
S1-383103394	S2-441294118
S1-316278879	S2-743800922,S3-682275648,S3-273788588,S3-181029765
S1-132455594	S2-125931741,S2-332964757
S1-303199890	S2-791892844,S2-819935039,S2-404556136,S3-229789777,S3-203490357,S3-237744632
S1-779781163	S2-709780490,S3-722048157,S3-169258866
S1-106921694	S2-326368421,S3-829564256,S3-495635185,S3-413833088
S1-740060100	S2-520856648,S2-77252013,S2-263286555,S3-607495252,S3-50742842
S1-132057207	S2-766929578,S2-712566697,S3-246729027
S1-344444416	S2-56183852,S3-390615896,S3-267304367,S3-807282779,S3-53293476
S1-83475590	S2-6783771,S2-948538000,S2-262190009,S3-862326510,S3-301692319
S1-150044654	S2-451791251,S3-694443369,S3-291347476,S3-47779084
S1-637022822	S2-687506302,S2-182801154,S2-819034398,S3-367385476,S3-207748943,S3-108307099
S1-242120181	S2-970225042,S2-140647310,S2-499761848,S3-738823237,S3-98839856,S3-703054880
S1-627353716	S2-666225579,S2-567488166,S3-365403271
S1-923776098	S2-989373658,S2-842373562,S3-522350907,S3-891160545
S1-82116490	S2-186347535,S2-277193574,S2-98657229,S3-212641459
S1-224972760	S3-691852330
S1-408470331	S2-781312623,S2-126463443,S3-920822172,S3-318361990
S1-735448980	S2-851453116,S2-978243447,S3-329856744,S3-977697057
S1-31742210	S2-391179261,S3-740513237,S3-230374202,S3-861609934,S3-926982702
S1-434989437	S2-367216,S2-562510698,S2-213648482,S3-760554062
S1-756905540	S2-853113647,S3-674155025,S3-234716376,S3-6836741
S1-859288242	S2-465743411,S2-160035211,S2-118229779,S2-950528544,S3-644345003,S3-559381906,S3-516059758
S1-581486308	S2-428404360,S2-740033273,S3-412668897,S3-427263220
S1-347830168	S2-430294752,S2-970307865,S3-117309080
S1-910184963	S2-441111422,S3-363964183
S1-155949385	S2-139439600,S3-128105678,S3-425271757,S3-788832761
S1-192786257	S2-458439819,S3-99294874,S3-682965788,S3-738669002,S3-812809571
S1-334706049	S2-902706268,S2-283602057,S3-33260976,S3-60685718,S3-339939790,S3-797499072
S1-98866432	S2-816796279,S3-73846772,S3-774119404,S3-247478107
S1-93584449	S2-911983570,S3-830584247
S1-281596983	S2-43093491,S3-860483130,S3-318228870
S1-762080001	S2-849354292,S3-337686281,S3-428118160,S3-948592159
S1-601783674	S2-733927081
S1-227534209	S2-276313184,S2-424136402,S2-655112977,S2-745467262,S3-300524558
S1-604018282	S2-118830914,S3-868622333
S1-157811121	S2-809204899,S3-224278438
S1-476923995	S2-12563128,S2-779833907,S2-984395516,S2-581302757,S3-638294377
S1-281067332	S2-788599650,S2-574700728,S2-389631760,S3-771575357,S3-678842604
S1-134153270	S2-936157889,S2-933968199,S3-863665116,S3-148977888
S1-934618406	S2-391436690,S2-824224869,S2-566051389,S3-915782882,S3-65161859
S1-195922167	S2-497764256,S2-710522338,S3-649665045,S3-877743580
S1-945280740	S2-789576557,S2-749819326,S2-307052981,S3-423172135,S3-419790097,S3-441594946,S3-317647962
S1-213383445	S2-368105217,S3-235317599
S1-915890090	S2-74009957,S2-5340247,S3-129646489,S3-486073207
S1-885803014	S3-174955039,S3-171321439,S3-72600377
S1-201662817	S2-324150804,S2-52692787,S3-209898116
S1-168853105	S2-289684599,S3-175816673,S3-95942013
S1-174029953	S2-585338633,S3-588943122
S1-528482649	S2-30604206,S3-466343246,S3-983322431
S1-637324877	S2-851190107,S2-872375389,S3-593978334,S3-710453607
S1-678589565	S2-512728394,S3-226017704
S1-185522394	S2-832183190,S2-37745887,S3-491581759,S3-708931832,S3-805276365,S3-605952008
S1-848201059	S2-50789793,S2-306133128,S3-696417951,S3-699538420,S3-465366666,S3-743838019,S3-504312696
S1-570538959	S2-304013223,S3-470479184,S3-945607983,S3-806004587,S3-22874901
S1-706017691	S2-489391650,S2-736768327,S3-230394366
S1-543333534	S2-27673918,S2-214932373,S2-978863428,S3-634500875,S3-448095008,S3-132229423
S1-10200691	S2-976810832,S3-672507454
S1-428655711	S2-79709713,S2-11068530,S3-483343435
S1-640229120	S2-807969659,S3-17033505,S3-671845207,S3-137633936
S1-570812484	S2-799049880,S2-237799252
S1-720777938	S2-961076482,S3-147149501
S1-247435996	S3-906736905,S3-891639626,S3-788108487
S1-997600407	S3-240538810
S1-305206360	S2-584592082,S2-912789210,S3-636188751
S1-551247248	S2-869392601,S3-334185044
S1-845409780	S2-883460288,S2-608378014,S3-195220352,S3-818861746
S1-526399838	S2-630646986,S2-343000688,S2-142905699,S3-570707615
S1-820944923	S2-182104399,S2-146265230,S2-644713403,S3-157182096,S3-700205834,S3-125180028
S1-458219602	S2-89699149,S2-83527745,S3-349679932,S3-80948430,S3-517256767,S3-56672873
S1-839883621	S2-3506822,S2-659107168,S2-943973340,S2-643565827,S3-895216757
S1-463695302	S2-312491462,S2-964773499,S2-16067910,S3-699344496,S3-148060090,S3-706303530,S3-151638795
S1-139099138	S2-136027615,S2-631837523,S3-119694209
S1-326323848	S2-920187189,S2-570371401,S3-944136996
S1-147449893	S2-973882425,S3-858761519
S1-626113172	S3-496919976
S1-876265803	S2-199284418,S2-596848905,S2-88234015
S1-689906718	S2-429824003
S1-174351593	S2-767489628,S2-266907804,S2-880157996,S3-786255305,S3-415260043,S3-715394494,S3-112767779
S1-616981216	S2-54064230
S1-920959832	S2-392600347,S3-131487548
S1-854728223	S3-338428213,S3-772004469,S3-899450930,S3-287990380
S1-197096783	S2-59101116,S2-368537058,S3-711808238
S1-394301353	S2-355790860,S3-486575397
S1-911529220	S2-490271341,S2-64106342,S2-281292956,S3-523524182
S1-743711886	S2-944855807,S2-333951066,S2-665444113,S3-436088777
S1-914447095	S2-963974715,S2-186574267,S3-901019682,S3-366041785,S3-992381957
S1-16805361	S2-441157179,S3-344681866
S1-607423620	S2-304013411,S3-536501177
S1-908574712	S2-694740091
S1-984806666	S2-952604693,S2-49149460,S2-82002774,S3-335375312
S1-497165898	S2-611797686,S3-110146245
S1-733235044	S2-923781055,S2-441526322,S2-591568344,S2-839142050,S3-877446818,S3-576196025
S1-392188056	S2-178807991,S2-694696606,S2-238515705,S3-833101568,S3-512825,S3-362767457
S1-654951158	S2-693922604,S3-295297513,S3-728624576
S1-92666953	S2-391837086,S3-170910954,S3-559444387
S1-327051089	S2-404251542,S3-444998473,S3-17037199,S3-486143477
S1-937776354	S2-72004847,S2-37434124,S2-128514737,S3-168683508
S1-866547440	S2-483970497,S2-892145144,S3-277205884
S1-159837069	S3-714780270,S3-211508893,S3-250954605
S1-152540691	S2-397798654,S2-605612194,S3-264343585,S3-245905440
S1-915284165	S2-495587189,S3-239324851,S3-488185407
S1-506134670	S2-945696766,S2-230851065,S3-283924671,S3-995340221
S1-666947526	S2-892054608,S2-814346181,S2-795549564,S2-184687978
S1-336586101	S2-802941710,S2-882556063,S2-122864849,S3-906704695,S3-145220230,S3-983170412
S1-796560412	S2-710194469,S3-940846917,S3-102757752,S3-491167660
S1-426043195	S2-204896150,S3-690979758
S1-77260445	S3-875580577,S3-68681239
S1-997189103	S2-736981365,S2-463328998,S2-55761560,S3-102107201,S3-956515396
S1-861439215	S2-768172172,S2-675073586,S3-874636139,S3-817891309
S1-667350309	S2-796655982,S2-213241521,S3-970040392,S3-384467290
S1-655735243	S2-292889769,S3-884336164
S1-989763745	S2-860282949,S3-426311378
S1-2174670	S2-795671183,S3-266300562,S3-237132212
S1-163605552	S2-565648179,S3-615492465,S3-559887414,S3-378531305
S1-171975812	S2-45635589,S3-377815773,S3-336015854
S1-980477632	S2-491344184,S2-463120226,S3-619417640,S3-54638674,S3-749733089
S1-178406410	S2-161709168,S2-302668202,S3-83262851
S1-539050807	S3-845191189
S1-739952695	S2-689143809,S2-691311221,S2-271175510,S2-761733950,S3-857553646,S3-401932323
S1-121150574	S2-995856410,S2-176336441,S3-175390738
S1-832346834	S2-934360138,S2-719301314,S3-654091137,S3-645220557,S3-21872898
S1-191665567	S2-373286025,S3-778718789
S1-259791186	S2-132163159,S3-492761475,S3-633846056,S3-557483194
S1-721757677	S2-418163020,S3-102106176
S1-500798418	S3-380389566
S1-704634615	S2-443454202,S3-916788240,S3-47415064,S3-431212831
S1-843348434	S2-721663316,S2-124224438,S2-165937741,S3-544792911,S3-427099823
S1-652896359	S2-232594718,S2-643828074,S2-713221312,S3-599153033,S3-764899063,S3-384681189,S3-114618360
S1-456349542	S2-854723794,S2-325846104,S3-533480705,S3-415246231,S3-570273012
S1-742336246	S2-671742576,S2-198955303,S3-675447953,S3-288583620
S1-184089918	S2-777748620,S2-467524188,S3-377348185,S3-167319365
S1-255568449	S2-573363851,S3-490130302,S3-435735451
S1-754775285	S2-153667266,S3-692032159,S3-159532360,S3-779236875
S1-533972905	S2-776559899,S2-523152664,S3-981548736,S3-87951486
S1-564941962	S2-945648621,S2-949272140,S3-840082377
S1-715659215	S2-342152444,S3-248007014
S1-384964958	S2-335688381,S3-675556011,S3-856554620,S3-526903218,S3-130910633,S3-163914430
S1-254425766	S2-163653781,S3-169658072,S3-555979783
S1-507722370	S2-263210095,S3-224381937
S1-243580723	S2-335496546,S2-689746210,S3-740933154
S1-50225509	S2-796662612,S2-907635119,S2-14757725,S3-728930868
S1-530888637	S2-213716344,S2-493824381,S3-9410197
S1-257982284	S2-80437160,S3-134125915
S1-445397039	S2-13724966,S2-84603459,S3-548290690,S3-606288004,S3-797164744,S3-27101351
S1-682634893	S3-127617007,S3-463971183,S3-877047360,S3-366843528
S1-698630246	S2-867092957
S1-763708731	S2-797112138,S2-730175118,S3-924793801,S3-429837254,S3-497054862,S3-440512131
S1-221042234	S2-251941072
S1-724450397	S2-536554729,S3-930853142,S3-324888465,S3-522365305,S3-619561855
S1-482986960	S2-953798835,S3-757663609,S3-752755068,S3-307867860
S1-115275176	S2-624091962,S3-816765550,S3-476680883,S3-849886271,S3-599923071
S1-721525073	S2-519848295,S3-370332099
S1-188873407	S2-852296929,S2-546835851,S2-678581210,S3-839192400
S1-612322939	S2-823036809,S3-283516297
S1-461939717	S2-437557226,S3-67353371,S3-249372840,S3-510513970,S3-989229453
S1-804291118	S2-944730777,S2-5052980,S3-886792033,S3-71540925
S1-656382390	S2-641106258,S2-621763165,S2-976140760,S2-532068524,S3-774496093
S1-890959232	S2-629607246,S2-446559826,S3-976346238,S3-225796552,S3-135701903
S1-988058361	S2-502179049,S2-614829978,S3-156031127,S3-576257031
S1-347692420	S2-670680445,S3-94708362
S1-488703543	S2-958820180,S2-576882952,S3-779591496,S3-452836963
S1-155980446	S2-958936027,S3-808872541,S3-621650388
S1-751642543	S2-252437916,S2-326261202,S3-426183652
S1-40515232	S2-485710036,S2-856100637,S2-931443040,S2-381460788,S3-987917093
S1-582213180	S3-999035104,S3-319405040,S3-359182932
S1-679132128	S3-784225968,S3-552921818
S1-678266558	S2-705156283,S2-905357814,S3-851311810
S1-655419738	S2-916725469,S3-175552974,S3-766464064
S1-195365360	S3-115824443,S3-138763281,S3-232688361,S3-625310628
S1-257742692	S2-781329373,S2-130999203,S2-817985142,S3-186361612
S1-555459736	S2-469155662,S2-743133476,S3-831397877,S3-546817530,S3-91485565
S1-673543713	S2-995081815,S3-237911526,S3-395373553
S1-977007630	S2-350673601,S3-399093332
S1-868731902	S2-371372373
S1-572044932	S2-254303101,S3-638007720,S3-642774292
S1-112667205	S2-841806796,S3-704411656,S3-830528068
S1-862093175	S2-749799451,S2-121450234,S2-586245733,S3-680936728,S3-284505373
S1-87052372	S2-776777619,S3-223417101
S1-538195753	S2-70987317,S2-94957058,S3-248360776,S3-65507972,S3-763527757,S3-332243417
S1-203850834	S2-324522171,S3-832482406,S3-364442130
S1-699972902	S2-272208207,S2-217579928,S3-452723593,S3-143745866
S1-787366897	S2-139206103,S2-183899621,S3-184068654,S3-663793178
S1-837499454	S2-482255240,S3-31539358
S1-738081503	S2-625333095,S2-184578962,S3-319914056,S3-651927536
S1-545713931	S2-45561439,S2-168421850,S2-11502667,S3-376407769
S1-188679755	S2-701480295,S3-403555163
S1-171890428	S3-258281811,S3-692371658
S1-229227899	S2-157235493,S3-180884113,S3-230050483
S1-467235705	S2-894893927,S3-681565272,S3-253319230,S3-117532589
S1-765455738	S2-122510858,S3-14233919,S3-158713759
S1-876188599	S2-589453125,S2-625249231,S2-738482261,S2-629564383,S2-725145846,S3-169357639,S3-616539784,S3-301631218
S1-379700639	S2-928025090,S3-882877810,S3-424612148,S3-383852483,S3-204471510
S1-631869750	S2-712856696,S2-923909850,S3-598336788
S1-351838156	S2-109716068,S3-925111465
S1-601431718	S2-792724400,S3-102698444,S3-755673503,S3-281833937
S1-8549182	S2-690476448,S2-765942793,S2-360524074,S2-136762981,S3-410800515,S3-120843431
S1-972024680	S2-38310170,S3-696005779
S1-612031623	S2-293136608,S3-815408891
S1-457240272	S2-732073404,S2-321919685,S2-998066599,S2-159181140,S3-76016480,S3-240613807,S3-110198376,S3-433314205,S3-252434850
S1-850186860	S2-293178142,S2-239716682,S3-34546130,S3-415383417,S3-367802542,S3-52657229
S1-968175123	S2-956019456,S2-774354755,S3-735657613,S3-530904291
S1-73375408	S2-522185724,S2-471331530,S2-730002629,S3-194516827,S3-979874244
S1-918888111	S2-88637886,S2-689451190
S1-475093144	S2-285727797,S2-715296085,S3-870192733
S1-522897500	S2-736583626,S2-864685783,S2-662076477,S3-976515028
S1-163756998	S3-483134145,S3-316762210,S3-782819766,S3-805442591
S1-594609785	S2-804290618,S2-640039130,S2-210351140,S2-630443067,S3-806487443,S3-284938198
S1-420109489	S2-648937516,S2-486215410,S2-823745203,S3-199971901
S1-711679286	S2-451057521,S2-30428943
S1-902936145	S2-140736216,S2-655083316,S3-87646576
S1-565328153	S2-61913850,S3-712769416
S1-994378305	S2-469572645,S3-262815053
S1-993389198	S2-78404655,S2-68283286,S3-6727721,S3-204675818,S3-933065183,S3-484881924
S1-936397709	S2-288573784,S3-425014787,S3-165900072
S1-295547254	S2-455809326,S2-114276155,S3-304065579
S1-983250386	S2-965250539,S2-834491920,S2-365929989,S3-27804711
S1-267423146	S3-908679124
S1-431013301	S2-513955150,S2-970854975
S1-792303650	S2-74209056,S2-954103973,S3-786605130
S1-514637560	S2-827193865,S2-173923550,S3-622260649,S3-222586037
S1-673173038	S2-23620396,S2-498885404,S2-47305385,S2-896048039,S3-448449209,S3-811588563
S1-919711772	S2-778800550,S3-901635369,S3-695800470,S3-979487445
S1-307621878	S2-2324475,S2-740979826,S3-946942937,S3-339177897,S3-50976529
S1-988701524	S3-457526479,S3-429881897,S3-673065100,S3-375122941
S1-968967432	S2-97533945,S2-421357275,S2-630921889,S3-282665758,S3-56140309,S3-485523800
S1-461296752	S2-278655794,S2-277494421,S3-861869751
S1-961837668	S2-263962725,S2-121160265,S2-223193971,S3-967373184,S3-928390279,S3-725698026
S1-51193964	S2-364106036
S1-724268540	S3-891873695,S3-53055307
S1-464871531	S2-394624996,S2-4036154,S2-450602546,S3-201627862
S1-885149048	S2-388743802,S3-722438732,S3-532296265
S1-643247471	S2-688941431,S2-262756833,S2-986241016,S2-514059167,S3-629530322,S3-141734093,S3-215778766,S3-696385343,S3-590829198,S3-204563336
S1-959304419	S2-359657499,S3-481419744,S3-859367542
S1-94682476	S2-608912431,S3-371633692
S1-375286574	S2-238442153,S3-316680030
S1-123859080	S2-957683412,S2-988781048,S3-773466320,S3-870636686
S1-511370978	S2-509405497,S3-594701928,S3-429508697,S3-704801821
S1-312992308	S2-116629518,S2-406127777,S2-341327949,S2-574612540
S1-753010869	S2-812083168,S2-216047117,S3-759630660
S1-94876630	S2-281255943,S3-424011984
S1-442885711	S2-283987626,S2-703717006,S3-352845245,S3-798027573
S1-442721957	S2-97409876,S2-130707496,S3-461791153
S1-207289934	S2-694268189,S3-674037291,S3-851073166
S1-61200096	S2-562737880,S3-255176934,S3-718404802
S1-920908823	S2-106985129,S2-79492750,S2-303233623,S3-982714675
S1-799863877	S2-958849562,S2-189470609,S2-851963340,S3-138160872
S1-184962131	S2-730990096,S2-840586074,S3-58528253,S3-180811269
S1-30589380	S2-593671407
S1-890723172	S2-947153076,S3-581150614,S3-903919831,S3-58711800
S1-465787892	S2-768394314,S3-975679131
S1-914639445	S2-319408725,S2-123442402,S3-465285710,S3-69520677
S1-33221517	S2-703292404,S2-870431825,S3-393048924,S3-301019400
S1-329874096	S2-275359475,S2-966925733,S3-967872101,S3-6809826,S3-81924573,S3-368338171
S1-659964267	S2-462999499,S2-758952296,S3-161809898
S1-247883902	S2-873723340,S2-208788585,S3-672578547,S3-298207897
S1-728349438	S2-682532970,S3-55784613
S1-810162899	S2-990913087,S3-553492352
S1-119895587	S2-700598238,S3-74759118,S3-457936043,S3-558068574
S1-401465475	S2-572554166,S2-656452216,S2-943872701,S3-954366883
S1-513005324	S2-531121914,S2-726517885,S3-775626754,S3-290707532,S3-21139736
S1-175108027	S2-842328568,S2-111871681,S2-434144561,S3-48954762
S1-329600249	S2-635170302,S3-76013063,S3-93230608
S1-388505490	S2-614887271,S2-961480159,S2-804638355,S3-968055690,S3-261537360,S3-349744497,S3-187241032
S1-46999219	S2-637592420,S2-67023200,S2-982959078,S3-384557231,S3-31325013,S3-312104820,S3-489116899
S1-890745687	S2-603178401,S3-996992928,S3-715242480
S1-105581623	S2-829781853,S2-189795073,S3-243977092
S1-558847131	S2-104308652,S3-997950989,S3-165017733,S3-868716350
S1-404505017	S2-533244971,S2-269762407,S2-545396770,S2-655512631,S3-339158535
S1-683907729	S2-748565030,S2-973819937,S3-638119543,S3-201709057
S1-183980897	S2-735291196
S1-549112100	S2-318918308,S2-223939164,S3-720989360,S3-579452027
S1-994655942	S3-629817920,S3-840821384
S1-260326225	S2-77955778,S3-479273230
S1-725819920	S2-304830330,S2-756182731,S3-16697966,S3-360940854,S3-661475143
S1-976417732	S2-817367191,S3-622852979,S3-870059410
S1-429230153	S2-266873175,S3-788719406,S3-79061888,S3-652944428,S3-591380227
S1-556759730	S2-419640436,S2-723193511
S1-248950142	S2-775175308,S2-83091641,S2-685820043,S2-896819190,S3-764295265
S1-84717629	S2-774014520,S2-696951658,S2-594863827,S2-650045373,S3-321186008
S1-633957251	S2-844624285,S3-229312179,S3-498724023
S1-205091195	S2-960124430,S2-18821896,S2-285957841,S3-639472713,S3-827089945,S3-620855765,S3-577392891
S1-595872033	S2-831092425,S2-835597508,S2-386546077,S3-190991612,S3-555046462,S3-60920546
S1-795772419	S2-998173290,S2-514013599,S3-399751578,S3-714108771
S1-182549921	S2-397837064,S2-269574026,S2-818504764,S3-159757299,S3-617300175
S1-294805972	S2-190158568,S2-436089394,S2-236039333,S3-581552834,S3-82960149,S3-785992505
S1-101778002	S2-767096654,S2-152022854
S1-888905477	S2-206192399,S2-783191105,S3-921504295
S1-703281867	S2-213134499,S2-131788463,S3-332465408,S3-124507155
S1-649603908	S2-685615957,S2-974657831,S3-652830347,S3-680688174,S3-223702691
S1-177378938	S2-710659971,S2-441563926,S3-327364546
S1-142922542	S2-898452988,S2-473617175
S1-253285253	S2-18046448,S2-403392182,S2-608293084,S3-639875671,S3-187507913
S1-517890528	S2-406432224,S2-875624676,S2-565949673,S3-333098638,S3-655894170
S1-122348082	S3-875230867,S3-815048485,S3-958573024
S1-730239908	S2-129973324,S2-392683799,S3-581481859
S1-998155287	S2-775006433,S2-364279577,S3-863346400,S3-53410988
S1-426682284	S2-227271341,S2-321167448,S2-457644875,S3-212284864
S1-405778490	S2-797492339,S2-70503761,S3-842473832,S3-101598282
S1-543775622	S2-943235762,S2-828827466,S2-457044571,S2-654577878,S2-148884574,S3-477972143,S3-539646219
S1-287766556	S2-603162611,S2-118109808,S3-197733515
S1-956162906	S2-967304322,S2-569539285,S2-478856507,S3-151668906
S1-795389030	S2-888105953,S3-995505358
S1-857538605	S2-418866194,S3-407198372,S3-192137390
S1-778176505	S2-407457265,S3-796388651
S1-982229188	S2-617596512,S3-950883160,S3-84464153,S3-374160516
S1-503635006	S2-391035745,S2-910138233,S2-256452106,S2-724859483,S3-394911775,S3-894888407
S1-49679972	S2-377212430,S2-171900914,S3-439354866,S3-443389729,S3-61416990,S3-670354421
S1-275543706	S2-19249258,S3-117130412
S1-328591828	S2-106103820,S3-742329194,S3-437196554,S3-688085084,S3-942085060
S1-955720814	S2-893204134,S2-270228510,S2-825113255,S3-718435621,S3-709936892
S1-672912322	S3-944263230
S1-812781121	S2-202206219,S2-118385022,S2-797242172,S2-525173484,S3-526265143
S1-152151453	S3-55189759,S3-717070527
S1-828497185	S2-470231177,S2-460507814,S2-979888303,S2-144483719,S3-600792792
S1-967140792	S3-195077496,S3-72683229,S3-523338201,S3-399280895
S1-76016690	S2-580276526,S3-358016667,S3-892352623
S1-78168342	S2-582910022,S2-899141157,S3-302443467,S3-996345851
S1-271063396	S2-523115959,S3-163808717,S3-553421451
S1-975688423	S2-62609809,S2-370409202,S3-31208309
S1-353470100	S2-711875125,S2-153554423,S2-648483800,S2-921778280,S3-283185275,S3-29561103
S1-730598930	S2-331273976,S2-59081567,S3-237411182,S3-92936843
S1-147999891	S2-75921978,S2-484790003,S2-586016012,S3-949812262,S3-8923085
S1-410680964	S2-725740149,S3-594405242,S3-891113729,S3-420023027
S1-12185467	S2-843623622,S2-490718665
S1-190110303	S2-856327978,S2-854901067,S3-167030419,S3-648671843,S3-465350751
S1-540286387	S2-589074010,S2-6473687,S3-165982354,S3-277503480,S3-15225651
S1-783826289	S2-969639582,S3-158966899
S1-861267351	S2-779982022,S2-815959111,S2-990617584,S3-854456101
S1-925729882	S2-966997864,S2-309102555,S2-358994114,S3-324007378,S3-696657406,S3-586659116
S1-67259547	S2-154944274,S3-2296810,S3-104367456
S1-194612605	S2-929944132,S2-444198911,S3-369653490
S1-73845897	S2-44034329,S2-269990599,S2-285995439,S3-899449816
S1-83352129	S2-519154940,S2-827155006,S2-749821066,S3-674562485,S3-762867591
S1-400561291	S2-37077529,S2-937748021,S2-995113739,S3-767025730,S3-473408505
S1-176127000	S2-376297057,S2-147811254,S2-558257029,S3-436938050
S1-707594281	S3-898508657
S1-175654413	S2-925311232,S2-352023355,S2-330723783
S1-108833877	S2-414998232,S2-288289488,S2-562601265,S2-210370946,S3-406125592,S3-392068077
S1-368139457	S2-356045842,S3-215979318,S3-286650484,S3-665425162
S1-109280238	S2-29436579,S2-198769750,S3-854493471,S3-767398298,S3-145025589
S1-51229990	S2-222394808,S2-222930535,S2-29892549,S3-32569822,S3-365185238,S3-849218572
S1-661500581	S3-118046731,S3-136201361
S1-169413189	S2-438623258,S3-808003756
S1-885643206	S2-210655394,S2-2819635,S2-259819730,S3-281752707,S3-866703669,S3-670070939,S3-148482286,S3-926740371
S1-434789122	S2-550394422,S2-445168991,S3-781471784
S1-647464864	S2-555007115,S2-863433312,S2-933102723,S2-527716212,S3-60204089
S1-159975542	S2-218285943,S2-117038394,S3-516698771,S3-169161297
S1-421097334	S2-927706142,S2-729143012,S2-777503739,S3-735484915,S3-627674741,S3-164772351,S3-602326974
S1-229046564	S2-540025507,S2-432763900,S2-647160542,S3-817586557
S1-569708555	S2-555846271,S3-250204407,S3-582238194
S1-299163701	S2-697160612,S3-791267340,S3-147600642,S3-279584514,S3-410775024
S1-375463716	S2-508909099,S3-658688912,S3-216116123,S3-932612704,S3-382694047,S3-206832027
S1-333790851	S2-909287005,S2-532576565,S2-134759309
S1-486713265	S2-503665665,S3-637336814
S1-444585618	S2-844617275
S1-269786279	S2-474506548,S3-657769377
S1-167055841	S2-661498036,S3-771353389
S1-214510166	S2-666863925,S2-932902292,S2-773722668,S2-267395209,S3-512323406,S3-259141974
S1-389153592	S2-734375055,S3-955461402
S1-134562208	S3-405938722
S1-975387207	S2-345012404,S2-338192506,S3-55142083,S3-25668270
S1-250086986	S2-144099896,S2-149621116,S2-94700727,S3-215000267,S3-145698891,S3-476520926,S3-844881456
S1-581875826	S3-232972471,S3-152486066
S1-357148028	S2-690751824
S1-232054071	S2-85420142,S2-210359479,S2-859039023,S3-142851408
S1-514472003	S2-144719089,S2-353215007,S2-35133338,S3-799525389,S3-594008747
S1-538761998	S3-979443275,S3-694317964
S1-199063694	S2-435614075,S3-227287875
S1-967761981	S2-553606980,S3-728152139,S3-790535238
S1-262833679	S2-260067394,S2-931856287,S3-855588338,S3-791610323,S3-519815373
S1-931956801	S2-727509003,S2-95436136,S3-437896828
S1-680855715	S2-470694112,S3-199666866,S3-749116247,S3-683124716
S1-196700248	S2-747437059,S2-597035841,S2-698041835,S3-763223383,S3-103132974,S3-282273638
S1-922789393	S2-748446944,S2-734506,S3-588770276,S3-889511174
S1-991440340	S3-595312928,S3-857745396,S3-551453082
S1-253176145	S2-731896420,S2-249486760,S3-946391731,S3-38623821,S3-950906282
S1-286111734	S2-755493037,S3-734086889,S3-384574661,S3-908573611
S1-77822545	S3-354585538,S3-607378831
S1-19018986	S2-649404119,S3-136125555
S1-482006159	S2-699728424,S3-408997617,S3-971013745
S1-6537789	S2-327655407,S3-125387622,S3-882001241
S1-126985167	S2-298955245,S3-237894028,S3-924395079,S3-540626434
S1-647137710	S2-839520885,S2-23043032
S1-662823581	S2-324222194,S3-716252820
S1-205782271	S2-958818281,S2-334223005,S2-858544978,S2-605433916,S3-48281782
S1-128359023	S2-2805410,S2-300512325,S2-273526933,S2-774088678,S3-159041991,S3-744693977
S1-17270364	S2-488304865,S3-77368636,S3-620990010
S1-156794899	S2-965752325,S2-151391293,S3-791325557,S3-675741162,S3-183259279
S1-802357763	S2-961341485
S1-317962372	S2-585193314,S2-719452339,S2-234053899,S2-372380158,S3-554597934
S1-988447116	S2-838841367,S2-199509868,S3-332431640,S3-152929972,S3-528705599
S1-953550774	S2-777884828,S2-952964685,S3-385126952,S3-587606330
S1-615853763	S2-353633173,S2-316773168
S1-221033434	S2-286527913,S2-170883214,S3-165203173,S3-212284534,S3-296682236
S1-838046591	S2-472909407,S2-417366297,S3-338829388
S1-681678930	S2-588352820,S3-224494127,S3-248309455
S1-75748312	S2-647219494,S2-18911448,S2-985263461,S2-759961614,S2-651791486,S3-948562493,S3-877128845
S1-358243815	S2-105750463,S3-174618874,S3-375002166
S1-154618882	S2-579902949
S1-351212469	S2-668745519,S2-439342423,S2-951852281,S2-623455520,S3-256908509,S3-782926938
S1-586814832	S2-28412599,S2-541792977,S2-9366207,S3-617183066
S1-963794686	S2-189488206,S2-116189378,S2-378645749,S2-133043343,S3-674374516,S3-718314650
S1-410121825	S3-20134781
S1-897357293	S2-759105952,S3-220507271
S1-752931123	S2-591669782,S3-106687590,S3-647013667,S3-357483837,S3-377953003
S1-917575045	S2-160572121,S3-948515092,S3-43560413,S3-254016229
S1-131965436	S3-163332356,S3-805822318
S1-37988718	S2-45558164,S3-579364856
S1-112439915	S2-663410406,S2-810257279,S2-120161596,S3-928798256,S3-350160084
S1-198239505	S2-893929732,S3-18647346
S1-935532568	S2-955634488,S2-968915580,S2-265775673,S2-726093193,S3-774955599
S1-919691828	S2-822671261,S3-198489808
S1-851734230	S3-221191540,S3-637463676,S3-915245133
S1-204870201	S2-548713563,S3-254416485
S1-971690746	S2-760525832,S3-442865436,S3-180065061,S3-51773817
S1-922975601	S2-934806156,S2-395436057,S3-40856218
S1-626101304	S2-508233074,S2-644828429,S2-86952804,S3-186175357,S3-616178909
S1-320801852	S3-895367577
S1-98109631	S2-465686961,S2-530385029,S3-870950354
S1-80702143	S2-75176743,S2-17674936,S3-275311041
S1-143424441	S2-781851957,S2-199363262,S2-878653340,S2-320533376,S3-152042673
S1-850546765	S2-770935439,S3-219523346,S3-27182822
S1-437214801	S2-671862154,S3-244469611
S1-706286827	S2-342994841,S2-466080666,S3-717449027,S3-639000764
S1-468593960	S3-381162918,S3-642328424
S1-150712396	S2-175634133,S3-332335845
S1-127136892	S2-842250228,S3-270058916
S1-944703779	S2-661681050,S3-54474564
S1-234352329	S2-868270792,S3-270408762,S3-456168926
S1-509147971	S2-375081673
S1-63047392	S2-917222995,S3-145430122,S3-59194386,S3-924009902
S1-878865569	S2-891031000,S2-521286742,S3-117677979,S3-108531222,S3-38753226,S3-262215229
S1-843399812	S2-752151786,S3-339576139,S3-762867206,S3-184682955
S1-434778164	S2-599688920,S3-8840861,S3-24748799,S3-620364162
S1-223378912	S2-50600047,S2-848047295,S2-914252014,S2-835592630,S3-668612449
S1-646257350	S2-456384817,S2-2845286,S3-942586218,S3-21388003,S3-648552203,S3-598323342
S1-196063663	S2-972284005,S2-620926372,S2-851941682,S2-317712909,S3-811321235
S1-436974864	S2-886195007,S2-585394920,S2-947482061,S2-242157412,S3-188266778,S3-651353146
S1-689354934	S2-854570469,S2-159240595,S3-284813348
S1-722776491	S2-720488499,S2-63402280,S3-9592769
S1-218688221	S2-721344214,S2-630076657,S3-280883259,S3-928718437,S3-180400506
S1-390943638	S2-604218140,S3-231254623,S3-717444735
S1-189575794	S2-432565235
S1-258137766	S2-997172641,S2-927077784,S3-275808282,S3-246791802
S1-132086467	S2-186689094,S3-443704939,S3-418490436
S1-381836784	S2-771225334,S2-764378838,S2-105287559,S3-448828349,S3-114055079,S3-596986878
S1-208657476	S2-314051338,S2-799855287,S2-278104302
S1-686826826	S2-97271338,S2-4691252,S2-562758070,S3-603231093,S3-89827951
S1-215361420	S2-665806311,S2-553618726,S3-895404508
S1-734463751	S2-184087968,S2-484802585,S3-979200815
S1-11705746	S2-792164111,S2-136339806,S3-875714520
S1-749432487	S2-632161616,S2-832297060,S3-875277070,S3-871808710
S1-51031381	S2-891658278,S3-646565686,S3-310605946
S1-791229755	S2-100601513,S2-782402649,S2-450832541,S2-301848007,S3-397695964
S1-398307445	S2-690189064
S1-206169322	S2-372096163,S2-245803819,S3-971085491,S3-917272773
S1-195123829	S2-745333550,S3-413413823
S1-242664190	S2-59144960,S3-330141923,S3-580630011
S1-878551888	S2-72931434,S2-991921880,S3-406550705
S1-638770534	S2-297457221,S2-220459461,S3-904959646,S3-695622548
S1-152391442	S2-48031264,S3-641298461
S1-759235726	S3-120838244,S3-932241117
S1-39080480	S2-585700004,S2-277838908,S3-785979656
S1-118835890	S2-336663119,S2-909803979,S2-687826013,S3-531155351,S3-779214802,S3-721437896
S1-621083048	S2-474257027,S3-587600917,S3-669824057
S1-865756080	S2-652889968,S2-998946859,S2-748816059,S2-467190881,S3-584240586,S3-214467736
S1-882489433	S2-813612121,S2-401894932,S2-537069457,S3-91536095
S1-669947774	S3-161078209
S1-320482060	S2-577607569,S2-122869901,S3-920398012
S1-352813603	S2-869506716,S2-117846586,S3-166500875,S3-131308054
S1-511166422	S2-195984823,S2-746523641,S3-390678218
S1-414542004	S2-597511077,S3-17384054,S3-18295506
S1-747159322	S2-3792414,S3-219291598
S1-654489560	S2-341077660,S2-671698344,S3-26971801,S3-852181350
S1-888718360	S2-387448379,S2-863091683,S3-948716999,S3-627310493
S1-195432023	S2-970128626,S2-33795304,S3-210348120
S1-169424431	S2-860786580,S2-799409016,S3-331619710
S1-719550572	S2-327176933,S3-315102553,S3-940734871
S1-549657889	S2-313246395,S2-937909988,S3-849647747
S1-834538964	S2-52586441,S2-267402155,S2-405053957,S3-561163003
S1-151376646	S2-147023268,S2-835663032,S2-36518327,S3-689704197,S3-893889244,S3-585128645,S3-129196803
S1-437475593	S2-283664168,S2-121594134,S3-558688773,S3-314755434,S3-620982364
S1-73276373	S2-467634347,S3-94637283
S1-903370402	S2-336759543,S3-126578895
S1-823730152	S2-821244281,S2-573483563,S2-512035981,S2-582293311,S2-324860696
S1-368227815	S2-900661497,S2-415765337,S3-116649465
S1-163262641	S2-343648663,S2-72907989,S3-601833272,S3-652642420
S1-680123698	S2-243557785,S2-421807240,S3-776277391,S3-357924200
S1-574501400	S2-17645052,S2-253456572,S3-113542546,S3-424135071,S3-344545681,S3-527995211
S1-907954009	S2-241840442,S2-639563753,S2-983695449
S1-266553107	S2-700555983,S3-583034983
S1-773222206	S2-166791721,S3-859500538
S1-787541754	S2-422696807
S1-773859898	S2-437066516,S3-982196452
S1-995414016	S2-52749323,S2-460033464,S3-486074920
S1-920873747	S2-908384212,S3-612216947,S3-611297957,S3-481119939
S1-477755458	S2-711661807,S2-66431835,S2-82913585,S2-511177367,S2-648373393,S3-998670084
S1-943586360	S2-546809525,S2-172592141,S3-513384953
S1-585899206	S2-821720159,S2-131446638,S2-712737200,S3-769115814
S1-235999655	S2-818900525,S3-621475024,S3-8953474,S3-418551723,S3-620120569
S1-152584691	S2-948599996,S3-737009895,S3-761372567
S1-6186411	S2-756639635,S2-606227750
S1-535408959	S2-727031142,S3-574216007,S3-143599818
S1-635953762	S2-839809708,S2-385804202,S2-859195535,S3-231278634
S1-703265534	S2-740148054,S2-819219067,S3-758915187
S1-910816175	S2-246334756,S3-835611319
S1-83082056	S3-337491835,S3-426355641,S3-832560517
S1-828061023	S2-311144884,S2-372649814,S3-106542775
S1-623123433	S3-674068844,S3-348438318
S1-492749824	S2-90055762,S2-234237351,S3-593707080,S3-395142183
S1-330434657	S2-523783833,S2-267196343,S3-578352586,S3-180189919,S3-817020359
S1-845125021	S2-826249105,S2-635374903,S2-673026224,S3-521349607
S1-63346242	S2-985979222,S2-202928096,S2-245496328,S3-602622459,S3-546308137,S3-394992605,S3-387158353
S1-895846452	S2-215424609,S2-136432354,S2-242630899,S3-969122831,S3-810268962
S1-270181994	S2-739585765,S2-965443305,S2-811278947,S2-524157149,S3-254674535
S1-695620161	S2-150170822,S2-117250239,S2-951124530,S3-29505697,S3-566778448
S1-974019366	S2-617450812,S2-718455996,S2-472064742,S2-507690269,S2-353050520,S3-176328777
S1-439576060	S2-160492789,S3-439538306,S3-167405510
S1-51359223	S2-972543399,S3-495821203
S1-290636761	S2-727361209,S3-139021124,S3-528844825
S1-729606590	S2-180601258,S2-630924130,S3-57176922
S1-438948730	S2-648558196,S3-424241018,S3-518197298,S3-894245587,S3-857765391
S1-135969854	S2-379976148,S2-446398668,S3-597589401
S1-706920574	S2-446292058,S2-152772959,S3-616563939
S1-248964657	S2-535568335,S2-360781535,S3-110449735,S3-223146911
S1-310667759	S2-879073248,S3-109119895,S3-239752087
S1-358305023	S2-10223905,S3-392196736,S3-148130137
S1-840792061	S2-987458398,S3-92390866,S3-598492326
S1-110202678	S2-741587606,S3-423703490,S3-795701033,S3-615104613,S3-126905942,S3-734070463
S1-500784676	S2-843154407,S2-604015365,S2-447167745,S2-391952580,S2-740584279,S3-228867865
S1-29272575	S2-784209,S3-451765873,S3-78936057
S1-29073148	S2-518956020,S3-616942860,S3-359160701,S3-670791251
S1-303908068	S2-8624427,S3-973082556,S3-793678495,S3-855228811
S1-975607784	S2-475358634,S2-128305296,S2-94328811,S3-187078039,S3-181104830,S3-715429631,S3-360543118
S1-315665087	S2-45598922,S2-914785290,S3-10058616
S1-577920254	S2-630435367,S3-900619024
S1-817955145	S2-386554280,S3-135319187,S3-939731776,S3-18914679
S1-52395923	S3-590377296
S1-504746146	S2-468890428,S3-441677491,S3-907862727,S3-44472360,S3-717151422
S1-694092	S3-515326627,S3-49889144
S1-999582626	S2-147711677,S3-396925595,S3-353129970
S1-275450852	S2-286894432,S2-65497523,S3-828794070,S3-46817215
S1-390569782	S2-274297105,S3-570350763,S3-959407118
S1-790554478	S2-578460655,S3-33600669
S1-554403290	S2-665499159,S2-124716888,S3-654801662,S3-149172687
S1-194010361	S2-31732860,S2-967380335,S3-261123872,S3-706081289
S1-529224274	S3-711071289
S1-262511592	S2-515292015,S2-446387740
S1-284222022	S2-218301132,S3-408363166,S3-422302536,S3-548448290
S1-585309281	S2-980001899,S3-536580328
S1-514126054	S2-701190643,S2-837257842,S2-534708085
S1-324447630	S2-867416878,S2-490542763,S2-950582501,S3-205028097,S3-322503591
S1-971916827	S2-19735311
S1-726113638	S2-812757440
S1-590773946	S2-861367011,S3-724938879,S3-874472735
S1-830574293	S2-332707416,S2-280393362,S3-409176948
S1-849808041	S2-914874253,S2-511768721,S3-65088083,S3-47738582
S1-80571980	S2-388091956,S2-10639690,S2-298101933,S2-156853255,S3-632984168,S3-132594102,S3-469895116
S1-655166628	S2-713974895,S2-605114019,S2-516254243,S2-675303393,S3-605053926,S3-808466532
S1-243111514	S2-505494805,S2-541915459,S2-99520226,S3-616564048
S1-957745506	S2-177201752,S2-168779986,S3-993457581,S3-497284369
S1-633683879	S2-678060231,S2-216562340,S3-453441182,S3-417616497,S3-539350246
S1-59225126	S2-673741190,S2-890716816,S2-571311524,S3-190907384,S3-252259605
S1-37168477	S2-540224020,S3-596320167
S1-223285332	S2-966441868,S3-337718342,S3-1013330
S1-482288540	S2-87227790,S2-520625676,S3-314495699
S1-836322018	S2-6148572,S3-549953867
S1-613528823	S2-498659965,S3-246214561,S3-353266051,S3-688986023,S3-914598954
S1-184347714	S3-808279450
S1-582980689	S2-723202886,S2-342682322,S2-30867236,S2-283765927,S3-810437155,S3-733575370
S1-968827507	S2-434848453,S3-831484778,S3-511194808
S1-669624679	S2-536297507,S2-412629223,S3-547165826,S3-657150601
S1-663453404	S3-923230380,S3-569941085,S3-601605993
S1-320019144	S3-35568224
S1-841973178	S2-13913855,S2-244770555,S2-702481846,S3-178495001
S1-32238790	S2-915564114,S2-996287817,S2-696998610,S2-701440894,S3-636845703
S1-259439889	S2-441530961,S2-897960197,S2-607639863,S3-722180975,S3-759696516,S3-984706167,S3-285743158
S1-683340575	S3-363533584
S1-299995912	S2-305279599,S2-334692257,S3-768260886,S3-802771640
S1-88596477	S2-352313978,S3-975371531
S1-684900622	S2-776203121,S2-756237556,S3-133773625
S1-150522053	S2-398738215,S2-823491247,S2-920116956,S2-941812290,S3-852388539,S3-946787958,S3-89061410
S1-471958437	S2-887169183,S3-76150166
S1-138364690	S2-899560546,S2-663466925,S3-681750414
S1-654172626	S2-211241043,S3-735148944,S3-565642947
S1-771644696	S2-593701741,S2-1261313,S3-631453965,S3-667243296
S1-344613485	S2-806111436,S2-537626331,S3-26662609,S3-750013022,S3-672773092
S1-650083073	S2-687004984,S3-387251452,S3-102179495
S1-608175231	S2-904604738,S3-944505821
S1-61522160	S2-315224889,S3-122873959,S3-190419306
S1-78498415	S3-647976622
S1-71791999	S2-418082256,S2-506113774,S3-395687848,S3-583627519,S3-682810735,S3-297854203
S1-799689963	S2-379099070,S2-571384828,S3-770384241,S3-619538462,S3-43161994
S1-869508836	S2-870489250,S2-274910806,S2-531387901,S3-740864173,S3-331732657,S3-46238731,S3-341777513
S1-744570051	S2-107135265,S3-695031492
S1-854057787	S2-78672641,S2-84024609,S3-595749093,S3-386949672
S1-541403850	S2-981533342,S3-365974
S1-735377438	S3-343211597
S1-923019272	S2-982982505,S3-272402086,S3-225675193
S1-641583301	S2-826596036,S2-112819116,S2-800852114,S3-914753276,S3-490905129,S3-773243170
S1-182294197	S2-206907653,S2-95283168,S2-630481205,S2-913142175,S3-828599874
S1-298467721	S2-806362065,S2-299264776,S3-465493397,S3-184490117,S3-342885381
S1-635791832	S2-544643006,S2-814276580,S3-195389732,S3-914361614
S1-134152018	S2-841758400,S2-420498236,S2-654932982,S3-817566841
S1-323813013	S2-150441535,S3-186982789,S3-729588378,S3-186781671
S1-263224817	S2-941278781,S2-926807134,S2-207471455,S3-18031540
S1-90589898	S2-585397056,S3-147142973,S3-859814684,S3-973492183
S1-279122343	S2-262861546,S2-55312516,S3-156989012,S3-233937428
S1-556544029	S2-451834037,S3-808507668,S3-827176388
S1-616546301	S2-332078926,S3-808970948,S3-75978825
S1-905963966	S2-1659269,S2-345049283,S2-202891642,S2-22005405,S3-101281306
S1-796507988	S2-523058991,S2-870450561,S3-31275354
S1-897970429	S2-464606567,S3-568149063
S1-612627700	S2-829356022,S2-734703011,S3-672559253
S1-551657555	S2-346993875,S3-100331467
S1-730756081	S2-980044028,S3-859647112
S1-112970665	S2-437993001,S3-760739538,S3-907864523
S1-740677522	S2-622981206,S3-648427687,S3-799357715
S1-193460181	S2-834567668,S3-834470448
S1-463687263	S2-863303188,S2-890883692,S2-969504664,S2-119892298,S3-661882626
S1-144673492	S2-118229366,S3-935815666
S1-866930670	S2-677547083,S2-648238624,S2-732776586,S3-806470652,S3-638850085
S1-546916115	S2-124306842,S3-373260945,S3-446531995,S3-726539321
S1-163932748	S2-883084218,S2-156096175,S3-878365661,S3-53096611
S1-993414740	S2-429344510,S3-106004929,S3-456961521
S1-817411619	S2-325974747,S3-693082088,S3-636899650
S1-939260859	S2-343255449,S2-387534605,S2-701797995,S3-28065499,S3-626364616,S3-753074461
S1-560821640	S2-167966160,S3-477593923,S3-842420978
S1-499766545	S2-184524027,S3-904593750,S3-967392772,S3-555017854
S1-121250540	S2-526628788,S2-34561298,S3-487086115
S1-177292904	S2-459074249,S2-222939128
S1-917608675	S3-795454003,S3-969719358
S1-242305592	S2-899637724,S3-652445120,S3-460470133
S1-332129858	S2-480983673,S2-994606206,S3-787434790
S1-751472433	S2-611257214,S3-888111289,S3-123523730,S3-812335955
S1-231832327	S2-532002464,S3-965200185
S1-348261403	S2-888964396,S3-259978332
S1-497917243	S2-326685877,S2-380419351,S3-38499985,S3-982288272
S1-342821053	S2-644376096,S2-833450493,S2-927269691,S2-657625978,S3-708413467
S1-745700220	S2-706933761,S2-790627096,S3-201159618,S3-870625504,S3-703186134
S1-567413692	S2-495898568,S3-818089444,S3-576070874
S1-385314405	S2-876199387,S2-649806326,S3-345336980,S3-860710266,S3-25950903
S1-879710339	S2-336636120,S2-409300932,S2-759263037,S3-100546263
S1-122606713	S3-807947416,S3-907672918,S3-512485165
S1-180609256	S2-408109079,S2-610498120,S2-429812829,S3-809910962
S1-478099186	S2-318616872,S3-38083955
S1-120360780	S2-842062656,S2-553664042,S3-587048728
S1-743290332	S2-804611046
S1-482310401	S2-501742183,S2-375525576,S3-458324720,S3-491970941
S1-772286981	S3-345280491
S1-621138115	S2-174306921,S3-798941600,S3-438339034,S3-286299205
S1-266809469	S2-894774655,S3-561052647,S3-208059290,S3-317365641
S1-800073320	S2-303040899,S3-361152828,S3-36115422
S1-661521954	S2-710652461,S2-81647419,S2-434910520,S2-414245605,S3-595082284,S3-329774526,S3-813975674
S1-987429803	S3-517991298,S3-163379452
S1-160930765	S2-89010499,S2-639331136,S3-446768848,S3-63619818,S3-566690689
S1-988988760	S2-873796742,S3-810950172,S3-404953037,S3-80162828
S1-19240287	S2-185332055,S2-117518859,S3-650568093
S1-346558105	S2-51759007,S2-758315435,S3-103958927,S3-672264765,S3-955429547,S3-594464905
S1-550626038	S2-295520542,S2-159275185,S2-544501224,S2-999229442,S3-991818888,S3-376678531
S1-200896320	S2-273017142,S2-318626587,S2-538345467,S3-539397723,S3-528933200,S3-664360443
S1-248240386	S2-235150770,S2-642189198,S2-787183521,S3-491197505,S3-133223638,S3-22276110
S1-84329446	S2-691421941,S3-12571813
S1-777441331	S2-971966697,S2-922699618,S3-355463893,S3-702017043
S1-487494466	S3-663086382
S1-227804582	S2-126012527,S2-260875704,S3-11579765
S1-55027633	S2-431722803,S2-908975865,S2-624205561,S3-677950521
S1-286706981	S2-879344006,S2-391960858,S3-296783272
S1-455817730	S2-967946035,S3-456717830,S3-785411810,S3-613538572
S1-526034256	S2-70462631,S3-98928834,S3-319501956
S1-277244083	S2-404719293,S2-219857646,S2-133014449,S2-566160748,S3-382111704,S3-136338444,S3-150012067
S1-522006571	S2-50463301
S1-695601187	S2-727226185,S2-854243673,S2-876807926,S3-443633565,S3-837485627,S3-426917084
S1-803585235	S2-58004481,S3-143379899,S3-830618096,S3-911016129,S3-942219803
S1-563146026	S2-984021790,S3-32635806,S3-466820140
S1-281968690	S2-8533355,S3-318254938,S3-916446162,S3-728189240
S1-795914698	S2-561297175,S3-275739455,S3-16717415,S3-114906444,S3-865587381
S1-612759285	S2-968640897,S2-821339944,S3-146709978
S1-722384911	S2-927493277,S2-237540951
S1-738326240	S2-984442816,S2-3279523,S3-896693237,S3-26819018
S1-257569094	S2-784291108,S3-843092068,S3-795030574
S1-776965833	S2-865402320,S3-879743973,S3-267760083,S3-296405141,S3-255293370
S1-102610364	S2-923672911,S2-165596958,S3-534239510,S3-468319324,S3-546193828,S3-622284261
S1-128661865	S2-69510143,S2-741800289
S1-637476458	S2-872632943,S2-934143388,S3-627208108,S3-894613507,S3-40193500
S1-745715769	S2-514283797,S2-60400487,S2-969146538
S1-563526567	S2-331450948,S2-555072943,S3-950075240,S3-513973436,S3-297179208
S1-727986583	S2-251011733,S3-664247898,S3-98525563
S1-288714711	S2-766592009,S3-31425130
S1-272340378	S2-499098906,S2-154668772,S2-160642928,S3-354461540,S3-815756156,S3-793473614,S3-423657481,S3-299414481
S1-79540981	S2-729439159,S2-972186402,S3-620865139,S3-529670113
S1-916541511	S2-488095392,S2-794607130,S2-377530129,S3-202717027,S3-382679954,S3-247215958
S1-331883023	S2-373661481,S3-998144496,S3-682458205
S1-764129222	S2-861747983,S2-432362640,S2-314873506,S3-129901449
S1-951001391	S3-455591040,S3-449979758
S1-125393103	S2-11272104,S2-956328051,S2-64258125,S3-861145502
S1-501429644	S2-759530086,S3-78285182,S3-115341778,S3-469395027
S1-539573803	S2-869200249,S2-133311953,S2-236509377,S2-951836119,S2-702955418,S3-377526554
S1-383041533	S2-152617822,S2-890044157,S3-820334576,S3-970481855
S1-822334598	S2-323350223,S2-502677770,S3-720629701,S3-540988249
S1-563772104	S2-303226243,S2-341819523,S2-879551518,S3-604717944,S3-770034489,S3-618089833,S3-99495038
S1-602024386	S2-390371813,S2-805910447,S3-13369156
S1-751021227	S2-455214031,S3-263315230
S1-10173128	S2-133679191,S2-67004095,S3-966882544,S3-159461472
S1-266444277	S2-438181185,S3-440042269
S1-488824593	S2-235163654,S2-763722639,S2-312232162,S3-646881897,S3-184856963
S1-450610712	S2-386556410,S3-502578195
S1-258090430	S2-464810471,S2-370140805,S3-80060249,S3-219879560,S3-880109220
S1-821975462	S2-570901261,S2-294133581,S2-700122868,S2-58661325,S3-265902533,S3-748120516
S1-579569038	S2-127144533,S3-244896605,S3-953366769
S1-216156249	S2-134147896,S2-922481208,S2-846681708,S3-440359165,S3-594012796
S1-246875455	S2-836711906,S2-564235373,S2-396489343
S1-967825550	S2-987458548,S3-875722066,S3-37383793,S3-356949284
S1-899970279	S2-516420168,S2-11170376,S2-677677859,S2-842071846,S3-737119593,S3-988830930,S3-534771908
S1-425074568	S2-312686158,S2-883586446,S3-893367482
S1-806892773	S2-285471727,S3-119438061
S1-19912912	S2-803583774,S3-860626930,S3-994162104
S1-959009674	S2-524769365,S2-190135622,S3-31893522,S3-156478967
S1-446283263	S2-430443178,S2-386205379,S3-35177870
S1-745132780	S2-688385248,S3-934670306,S3-972837032
S1-203678915	S2-384665153,S3-148124651,S3-127587572,S3-471469781,S3-411207113
S1-476080242	S2-521080430,S3-451971183
S1-98722637	S2-565784880,S2-892178595,S3-78148781,S3-620734125
S1-248638093	S2-516647503,S3-779947970
S1-899969088	S2-221303958,S3-218009638,S3-584105567,S3-792459339
S1-460223265	S2-115067640,S2-431307841,S3-469203199,S3-841960458
S1-405733890	S2-177203442,S2-962077647,S3-813935106,S3-40334378,S3-118918172
S1-623858923	S2-953732029,S2-955479758,S2-853579960,S3-321682015
S1-92583297	S2-43466992,S2-961900013,S2-446857345,S2-313066802,S3-677006293
S1-263018561	S2-28350429,S3-471493237,S3-584424025,S3-201397940
S1-870301175	S3-566734694
S1-695723199	S2-115558072,S2-610470228,S3-84253314,S3-29665339,S3-614217284
S1-545492723	S3-535683887,S3-947521732
S1-922006155	S3-674276362,S3-79981700,S3-221455578
S1-14770929	S3-874851780
S1-734495567	S2-317730813,S3-363141367,S3-697713287,S3-152694972,S3-325226203
S1-286076486	S2-513093477
S1-417170109	S2-549014030,S3-407248845,S3-812366611
S1-695409076	S2-216607458,S2-260461306,S2-890791022,S2-683172717,S3-945759644,S3-73868871,S3-390322356
S1-708369514	S2-866473018,S3-943288089,S3-560804580,S3-573014480
S1-95415909	S2-785113170,S2-568175643,S2-858120800,S3-860288948
S1-217571899	S2-448778761,S2-859717261,S3-10077631
S1-369928726	S2-754737702,S2-686482717,S3-968616116,S3-405884090,S3-263696567
S1-553073553	S2-814793756,S2-435292461,S2-412128165,S2-213750563,S3-356878030,S3-385035720,S3-260031748
S1-57388711	S2-398663681,S2-668583377,S3-260471905
S1-236081058	S2-851338446,S2-264031690,S2-108747163,S3-217134589,S3-731745447,S3-939838909
S1-208474760	S2-670717135,S2-194014556
S1-797747606	S3-666234447,S3-653921840,S3-205284229
S1-97132417	S2-604109367,S3-221285392,S3-229369385,S3-730715297
S1-651217447	S2-991622454,S3-70914402,S3-490498231,S3-482727920,S3-597917984
S1-270673740	S2-895132578,S3-329271242,S3-350530872,S3-298464511
S1-124973143	S2-861322567,S3-342617486
S1-679774901	S2-14298561,S2-621469717,S2-792735678,S2-694844133,S2-615898481,S3-625168313,S3-427007130,S3-820293694,S3-726567231,S3-872414684
S1-391937472	S2-666314323,S3-239123243,S3-309886095
S1-870055183	S2-292808598,S2-666877261,S2-222602089,S3-960535589
S1-282864049	S2-533767231,S3-698815031
S1-515435606	S2-982977901,S3-972558881,S3-433372172,S3-907255647
S1-854546401	S2-882495793,S3-62184366,S3-51877244
S1-734155861	S3-124808010,S3-160740461,S3-788267762
S1-951520175	S2-311179938,S3-238477780,S3-150622044
S1-537398633	S2-556065599,S2-424239889,S3-31314503,S3-265349986,S3-472215087,S3-530989791
S1-975765762	S3-849123497
S1-598647681	S2-685689255,S2-827740981,S3-900251678,S3-522945821,S3-693529026
S1-156447651	S3-552633672
S1-844672207	S2-132404597,S2-383870198,S2-86765687,S3-280430970
S1-464708636	S2-486754622,S2-369874820,S3-832648409,S3-31617557,S3-330849237
S1-233419946	S2-65548544,S3-979424724,S3-961379579
S1-395011026	S2-894234811,S2-54336657
S1-675717053	S2-528959615,S2-624708335,S2-300342500,S2-719397415,S2-908671054,S3-154843998,S3-192674680,S3-493250126
S1-418465836	S2-335114912,S2-487184455,S2-16229478,S2-540328982,S3-932147788
S1-539128122	S2-377715334,S2-713441424,S3-380503161
S1-580430191	S2-422266750,S2-960272940,S3-949196342
S1-598808663	S2-639064588,S3-638753283
S1-445061806	S2-159553117,S2-775789333,S3-343849646,S3-331026247
S1-783677018	S2-873687403,S2-501896144,S3-45506133
S1-396486458	S2-211560737,S2-845290395,S3-981974428,S3-14484687,S3-175800820
S1-929358027	S2-61818299,S3-648968570,S3-778660813,S3-202245334
S1-955592875	S2-434793991,S2-81056168,S2-54885600,S3-720103270
S1-319342897	S2-182356597,S2-907232382,S2-153418542,S2-888802892,S2-801458275,S3-428578667
S1-626880316	S2-821959415,S3-412367413,S3-369462051
S1-47343722	S2-886188842,S2-74796968,S3-410256734,S3-552270748,S3-392629477
S1-398240219	S2-266784958,S2-554372526,S2-858363945,S2-471828790,S3-794187349,S3-994546821
S1-203601876	S2-642130978,S3-867344194,S3-159060608
S1-557184291	S2-1002011,S2-470907396,S2-587903378,S3-985943493,S3-577242945
S1-737357374	S2-962094723,S3-446096250
S1-266686106	S3-186697659
S1-391127236	S2-54803495,S2-8557168,S3-332372549
S1-886571981	S2-425557694,S2-215488596,S2-728506876,S3-454474594
S1-526555728	S2-541685303,S3-164496194
S1-13380319	S2-903583241,S2-905466089,S3-34546730,S3-372550810
S1-168299506	S2-582427353,S3-597024363,S3-43616979
S1-773293781	S2-765058653,S2-204711221,S3-365688819
S1-151507326	S2-222564447,S2-47105310,S3-331546585,S3-720097337
S1-584688383	S2-790022313,S2-378077101,S3-796906857,S3-470897953
S1-480011158	S2-812073011,S3-275059572
S1-335459998	S2-218310414,S3-840188905,S3-345413670
S1-36437112	S2-894641054,S2-460606509,S2-922265807,S2-3571220,S3-237360556
S1-956849990	S2-16831002,S2-759759087,S2-646588961,S3-55405082,S3-344737293
S1-48319950	S2-317743515,S2-335410200,S2-922263657,S2-315584976,S3-40626521
S1-668690403	S3-883659296
S1-211873469	S2-489113887,S2-715503157,S2-87952659,S3-758169862,S3-874813673,S3-713580
S1-384429714	S2-954343100,S2-964486786,S3-225521650,S3-314911414,S3-173517340,S3-970863058
S1-624530887	S2-792056339,S2-596896777,S3-481655138,S3-139031588,S3-678093767
S1-610277593	S2-751822243,S2-423087839,S2-687863940,S3-419802074
S1-991292883	S3-993245712
S1-942098272	S3-594640998,S3-305360123,S3-523219351
S1-985393674	S2-287852428,S2-167816459,S2-259633218,S3-798818939,S3-467739209
S1-331679244	S2-615256926,S2-52319183,S3-917859717
S1-918767110	S2-581622180,S3-114371683,S3-213303871,S3-677333876
S1-511297293	S2-863247094,S3-873415393,S3-238192970,S3-859552061,S3-810590625,S3-407086519
S1-517439882	S2-700196084,S2-141693630,S2-959826742,S3-912070170,S3-431873902
S1-735961323	S2-724436973,S2-720830610,S2-607400038,S3-929499039
S1-214858578	S2-634055688,S3-353896742,S3-903325787
S1-528173364	S2-671894677,S3-767694375
S1-44074857	S2-198779724,S2-709005209,S2-24584952,S3-294401613,S3-299329131,S3-983728611
S1-386754892	S2-810953286,S3-579517153,S3-943382227,S3-594410159
S1-920153840	S2-126182618,S2-874104081,S3-95573773,S3-443978344,S3-410914944,S3-772915784,S3-855461025
S1-982676338	S2-867432107,S2-983438922,S2-126451080,S3-106464459,S3-930770518
S1-595918561	S2-705584613,S2-184957038,S3-843746538,S3-298845602,S3-823066612,S3-109253618
S1-519996638	S2-806102303,S2-441791142,S3-682330579
S1-131300746	S2-967420650,S3-35055307
S1-777735561	S2-370403106,S2-694824400,S3-598050819,S3-268079201,S3-657445589
S1-180937961	S2-850917923,S2-953476574,S2-610441569
S1-91589429	S2-543981181,S2-693433009,S2-271989369,S3-78134549,S3-352560523,S3-241790482
S1-826863800	S3-1692041,S3-649398833
S1-411483115	S2-617261162,S3-370795842,S3-871925941
S1-821268174	S2-993899786,S3-166935425
S1-321021757	S2-344310613,S2-331253848,S2-436101191,S3-294649506
S1-858611960	S2-764731063,S2-291991064,S2-276964574,S3-269934196,S3-167231532
S1-93913789	S2-807916143,S3-590922417
S1-465371213	S2-604035263,S3-518790232,S3-902379217,S3-451171945,S3-105285332
S1-734688634	S2-302450952,S2-687936794,S2-56910613,S3-247006352,S3-29843543
S1-182037287	S2-808751318,S3-972630195,S3-731071885
S1-989928152	S2-213194113,S2-587953829,S2-135625020
S1-156074541	S2-769351512,S2-318876653,S3-634354344
S1-261040640	S2-820555529,S2-828063842,S3-377619803
S1-735454718	S2-771879749,S2-518057071,S2-649202575,S2-409137042,S3-278919021,S3-427009954
S1-262666733	S2-757480420,S3-189672857,S3-437749076
S1-174757421	S2-487958702,S2-835321607,S2-724778782,S3-850011585
S1-529388658	S2-949190266,S2-138929051,S2-22161682,S3-670125965,S3-839823051,S3-311478559,S3-138751281
S1-247496333	S2-988546288,S3-656644486
S1-60682940	S2-394034692,S2-70129951,S2-882347124,S3-900861217
S1-914371668	S2-61934486,S2-677805159
S1-244528755	S2-198941320,S3-786084130
S1-191116886	S2-592868673,S2-645298230,S3-161190508
S1-455161511	S2-194183149,S2-410299877,S2-536795769,S3-366822583,S3-643990419
S1-924476550	S2-486374996,S2-130026680,S3-936042495,S3-650118514,S3-144927393,S3-81398816
S1-944074852	S2-338975441,S3-177803897,S3-535851352,S3-671149239,S3-311492412,S3-493265923,S3-525023925
S1-573230826	S2-360392698,S3-611449287
S1-631781109	S2-808883384,S2-777026767,S2-353807270,S3-485027874,S3-781448963,S3-152767905
S1-685736226	S3-406080461
S1-105528025	S3-478857063,S3-832527974,S3-751619257,S3-224616712
S1-616845291	S2-331081725,S2-524015040,S2-596261198,S3-899110840
S1-119728229	S2-67445492,S2-213938135,S3-63555000,S3-323394987
S1-383667234	S3-320164339
S1-88025215	S2-619815465,S3-530782838,S3-162265072,S3-123540228,S3-816276139
S1-469059208	S2-393745721,S2-550029790,S2-369398139,S3-438510715
S1-889945786	S2-330831392
S1-249664572	S2-234410655,S2-212373514,S2-819121739,S3-726509145,S3-359711398,S3-20974203
S1-738665295	S3-197224579
S1-564356114	S2-212158146,S2-971464255,S3-610914132
S1-392486798	S2-352637439,S3-480538576
S1-735318651	S2-61753327,S3-106133291
S1-438841924	S3-955708660,S3-157731378,S3-378489953
S1-866655814	S2-199154669,S2-129707741,S3-825735957
S1-589168124	S2-126469302,S2-330512183,S2-730470276,S3-249948322,S3-503900541
S1-464920772	S2-127845000,S2-986266863,S2-639339067,S3-764809650,S3-842877633
S1-205041634	S2-118087645,S3-674200090,S3-891099923
S1-942312019	S2-879272096,S2-644661148,S2-264758835,S3-700935284
S1-341239850	S2-908526462,S2-186240642,S2-788737766,S3-535269539,S3-452770740,S3-456983430,S3-518347349
S1-587003142	S2-703016897,S2-581569154,S2-826830917,S3-656974964,S3-368236988
S1-78547652	S2-396983937,S3-381498162
S1-991478830	S2-250047963,S3-423526368,S3-158970567
S1-566348492	S3-697862227,S3-514098750,S3-951608661
S1-418226743	S3-24627685,S3-989677677,S3-425788724
S1-294883569	S2-99984024,S3-200430120,S3-798570019,S3-472371850,S3-541785890
S1-148385505	S2-534871577,S2-888157251,S3-179117467,S3-97197340,S3-598201119
S1-273449719	S2-971747902,S3-847929930
S1-788398016	S2-431397199,S3-485707576
S1-373409512	S2-596461630,S2-843487267,S3-355231716,S3-180947103,S3-99225712
S1-199137844	S2-354837015,S3-995049534,S3-917783090
S1-772721722	S2-624020439,S2-168710962
S1-969013655	S2-438771624,S3-575620129
S1-660163078	S3-924130719,S3-541795586
S1-789593163	S2-163034795,S2-144839976,S3-902629693,S3-178552767
S1-416658718	S2-51515557,S3-300419594,S3-229435713
S1-750980061	S2-68672999,S3-43133313,S3-810325457,S3-243694294
S1-460975142	S2-216190362,S2-17953408,S2-11496970,S2-31343398,S3-25308606,S3-592429824
S1-233965425	S2-566618326,S3-25984826,S3-827395527,S3-13052887
S1-57271211	S2-596615957,S2-53319386,S3-456153724,S3-168239406
S1-521590392	S2-563430518,S3-743030523,S3-936035103
S1-176732310	S3-750459343,S3-70691256
S1-470908376	S2-673240356,S3-661708605
S1-692602936	S3-397826416,S3-857609788,S3-174928415
S1-29073887	S2-498195852,S2-344811441,S3-905562548,S3-707619165
S1-403693493	S2-416072181,S3-940558862
S1-388307363	S2-35784388,S3-287901427
S1-159486976	S2-902445704,S2-709411863,S3-374125742
S1-977785440	S2-91872495,S2-141093099,S3-581930683,S3-553613593,S3-312273185
S1-221990135	S2-498431199,S3-781488606
S1-379449608	S2-242722552,S3-691909627,S3-461804414
S1-642645101	S2-862747582,S2-553075253,S3-823815195,S3-500452217,S3-732689916
S1-823324827	S2-336196646,S2-760777044,S3-622124062,S3-857433285,S3-112039821
S1-565354804	S2-308539224,S2-380526174,S3-216098743,S3-382585861,S3-853425063
S1-76329682	S2-695935448,S2-122169125,S2-27381711,S2-565522020
S1-703727179	S2-215463664,S2-427988923
S1-985201223	S2-360701216,S3-210892370,S3-576642828
S1-616367832	S2-178810851,S2-660580075,S3-273356719
S1-387248121	S2-621527877,S2-72110447,S3-287902086
S1-580621140	S2-478868486,S3-266866568,S3-178005478,S3-98705760
S1-320297385	S2-589340696,S3-784467981,S3-134848426,S3-601788236
S1-643847273	S2-721360218,S2-718361971,S3-102437155
S1-618082729	S2-686317164,S2-882465639,S2-281427049,S3-760008382,S3-45318108,S3-580856247
S1-392583645	S2-874204533,S3-560134608,S3-863940261,S3-581465958,S3-894503147
S1-907497842	S2-64326561,S3-429666667
S1-928803184	S2-290324837,S2-874192079,S3-645008685
S1-179327596	S2-138805507,S3-433763640,S3-443874940,S3-810541744
S1-594230277	S2-241454154,S3-486108107
S1-21713566	S2-811871515
S1-483540829	S2-119172156,S2-858215452,S2-882495301,S2-570918333,S3-495637465,S3-822731218,S3-531498631,S3-9913635
S1-547124264	S2-799042823,S2-102337112,S3-130382274
S1-600963513	S2-385747449,S3-446386998,S3-280641157,S3-982363757,S3-172367141
S1-666193572	S2-699346180,S3-372690929,S3-1445297,S3-577848347
S1-218168356	S2-562134922
S1-814669473	S2-647778695,S3-319126172,S3-966258977,S3-227605168
S1-160475205	S2-335953502,S2-541861492,S2-741132482
S1-352686161	S3-336347512
S1-928758618	S2-346277613,S2-781592569,S2-373256100,S3-937049988
S1-477945236	S2-994635696,S2-278792057,S3-28436543,S3-124084194
S1-152070488	S2-104579256,S2-510415108,S2-785463914,S3-613620518,S3-966081235,S3-333317630
S1-167657586	S2-382184071,S2-85085803,S2-836667664,S3-595450270,S3-14885576,S3-875646074,S3-441836404
S1-948580722	S2-204345338,S2-802523231,S3-832586112,S3-756170713,S3-684995832,S3-497298862
S1-29775240	S2-475274710,S2-973222431,S3-223455125,S3-436126665,S3-217352714
S1-911117922	S2-929891100,S2-761412322,S2-885316610,S2-3124275,S3-415819433,S3-169352560,S3-496059240
S1-149726026	S2-921621750,S2-61734831,S2-250849842,S3-876400378,S3-490840126,S3-756960810
S1-17680066	S2-428502824,S3-475983469
S1-805260451	S2-467321964,S2-811073453,S2-511848343,S3-14760361,S3-384102067,S3-986580163,S3-195551972
S1-55949379	S2-457163427,S2-722115401,S2-124952478,S3-795276192,S3-852265938,S3-832818213
S1-886551882	S2-341892205,S3-180789299,S3-152102083
S1-62512061	S2-916181702,S3-442721182
S1-472257012	S2-929552979,S3-156186189,S3-369446724,S3-459549182,S3-503945886
S1-618375540	S2-585033172,S3-465768906
S1-687720984	S2-995543346
S1-952525241	S2-878224102,S3-113918651,S3-472432415
S1-799617856	S2-360988904,S3-601441288,S3-536418719
S1-199356494	S2-421153302,S2-455696385,S3-924654830,S3-829652354
S1-999746181	S2-912940770,S3-114057486
S1-816326071	S2-705311047,S3-32091800
S1-950765414	S2-890335786,S3-16673240
S1-456902501	S2-506191582,S3-32159191,S3-65443569,S3-116714623
S1-724507566	S3-21129880,S3-173907442,S3-652956640
S1-161747176	S2-381589071,S2-35339452,S3-391853993
S1-448953893	S2-773760925
S1-55288474	S2-252957044,S2-814361298,S3-236603123,S3-987975362,S3-310998415,S3-514110420
S1-441560491	S2-5714835,S3-157717324
S1-894443995	S2-743113408,S3-141434898
S1-914178051	S2-492543622,S3-517984694,S3-992911718,S3-172348143,S3-211232492
S1-904824203	S2-387521373,S2-515604024,S3-57955009
S1-381098403	S2-740350142,S2-99396862,S2-987582329,S2-151826401,S2-802427637,S3-582517286,S3-890105872,S3-652031841,S3-460675061
S1-903372834	S2-604649408,S2-442283718,S2-529909345,S3-35544542,S3-124575377,S3-716032522
S1-811105712	S2-584964444,S3-211721083,S3-445491548,S3-497253099,S3-979292361
S1-138041721	S2-27889685,S2-532757500,S2-198574534,S2-461978551,S3-953031801,S3-312581600,S3-110257005
S1-632727029	S2-768496183,S2-668446995,S2-259157972,S3-884736888,S3-962378980,S3-406061006,S3-73001658
S1-411385048	S2-184575421,S2-137422285
S1-137358217	S2-618554154,S3-349811234,S3-688158252
S1-769706612	S2-350210484,S3-933595895,S3-549595563
S1-652052600	S2-913547017,S2-690901581,S2-616814626,S3-563633454
S1-985367670	S2-866747102,S2-485582177
S1-350420970	S2-590603351,S3-746796300
S1-491519619	S3-716285166,S3-261522371
S1-488177463	S2-732746000,S2-689475548,S2-894917005,S3-792203255,S3-759213093
S1-993199163	S2-221425638,S3-630300613
S1-981167972	S2-604499196,S2-173822636,S2-674777057,S3-667768664,S3-542070690
S1-383563151	S3-813242751
S1-39818504	S2-609357591,S2-702668767,S3-126061997
S1-814255464	S2-317176651,S3-8605073
S1-931923590	S3-998006554,S3-585121596
S1-935239758	S2-813460010,S2-766416529,S3-522306563,S3-749919915
S1-12847953	S2-98045428,S2-25465682,S2-447323958,S2-249719465,S3-406470379
S1-134358667	S2-355377503,S2-275311240,S3-851005048,S3-163225477,S3-743646195
S1-810581309	S2-371756490,S2-242906134,S3-89859830
S1-278353587	S2-503059488,S2-946328849,S3-600619927,S3-919936110,S3-209229668,S3-71141940
S1-465804901	S2-69753042,S2-915940272,S3-20855189
S1-692145856	S2-501908402,S2-634460307,S3-829962414
S1-529109556	S2-697499995,S3-645357260,S3-481134465
S1-100163358	S2-182815567,S2-513350947,S2-664173646,S3-387989883,S3-908502233
S1-296756091	S2-195125149
S1-393397487	S2-484296294,S2-323852386,S2-290670395,S3-136173218
S1-658739099	S2-336972595,S2-793396877,S3-179237369
S1-291506261	S2-112453216,S2-177073885,S3-41436159,S3-115846552
S1-573859970	S2-581190548
S1-774753189	S3-671721091,S3-797743653,S3-384776689
S1-465299446	S2-947888992,S3-869895625,S3-199300841
S1-171299860	S3-875581571,S3-826499556
S1-434145958	S2-694066976,S3-574314184,S3-560264827
S1-77469540	S2-177701478,S3-218901805,S3-714058761
S1-957999061	S2-535854125,S2-586521472,S2-340398560,S3-743813379,S3-182356346
S1-403628842	S2-688298720,S2-508421966,S3-523961369
S1-616018583	S2-194686532,S2-512799523,S2-694745971,S3-408950149
S1-177141631	S2-786054435,S2-944286554
S1-91452201	S2-591946353,S3-376156967,S3-114253651
S1-216252203	S2-602066096,S3-696925775,S3-388850299,S3-252078700
S1-365399925	S3-963008657,S3-565295536,S3-210762710
S1-101729759	S3-69660742
S1-117815129	S2-175638676,S2-330159367,S3-829472032,S3-197138849,S3-764288573
S1-854233978	S2-147064442,S3-716339359
S1-624605562	S2-671069307,S3-278346981
S1-88252570	S2-37245796,S2-656844211,S2-101199489,S2-80390723
S1-98849154	S2-534563292,S2-125966149,S3-963970560,S3-392884073,S3-3417908,S3-464442083
S1-672130100	S2-561326520,S2-42653023,S3-28184577,S3-194668543
S1-645853939	S2-607844703,S3-445793900,S3-553147846,S3-677133415
S1-26897581	S2-424656963,S3-39054036,S3-455222780
S1-407077560	S2-182895264,S2-378551155,S3-511300706,S3-676900075
S1-737654813	S2-438784756,S3-869268446
S1-768680017	S2-398738815,S3-379080645
S1-547780598	S2-114915708,S3-82332002,S3-349850062,S3-4217440,S3-466333909,S3-292326100
S1-571244099	S2-226972459,S2-189107350,S3-617934111,S3-776971416
S1-942307170	S2-342866638,S2-480550099,S2-144591209,S3-658225111
S1-452044555	S2-319061449,S3-690429567
S1-596246284	S2-223288027
S1-269062424	S2-288012416
S1-330219754	S3-779446489,S3-57570628,S3-821984393
S1-268778198	S2-210330794,S2-878874980,S2-110284553,S2-895510849,S3-890946009,S3-690634207,S3-662223627
S1-411248273	S2-539992252,S3-402369330,S3-816123628
S1-981488033	S2-121430160,S2-481278835,S3-85135220,S3-671425480,S3-898057437
S1-249922830	S2-711007970,S3-724751182,S3-659475398,S3-716943028
S1-411282554	S3-950870927,S3-950945028
S1-914400431	S2-781989134
S1-30618855	S2-76010069,S2-29571991,S3-658531671
S1-990758043	S2-307036474,S2-382117633
S1-747115229	S2-120498555,S3-361490540,S3-280422824
S1-69502584	S2-591951197,S2-864065992,S2-656851019,S2-529652060
S1-800244287	S2-192192873,S3-443825072
S1-405019862	S2-73523879,S3-253692552
S1-171184182	S2-758061547,S3-171814471,S3-796524152
S1-58423376	S2-105975600,S3-935884464,S3-275325562,S3-109659936,S3-433883499,S3-849283381
S1-681271170	S2-914708379,S3-145504310,S3-837107959
S1-803936732	S2-537746575,S3-202203308,S3-342621848
S1-401849881	S2-985036064,S2-270981953,S2-777485849,S2-751445775,S3-102432952,S3-704480359
S1-724821226	S2-17053635,S2-648570933,S3-424948039,S3-492197069,S3-549368282,S3-418035687
S1-946807720	S2-308316005,S3-608924990
S1-658367686	S2-802556261,S3-331415185,S3-378289585,S3-492935419
S1-745285504	S2-70162594,S3-130046821,S3-776141265
S1-243621435	S2-431575213,S2-463631321,S2-584003251,S3-137753792
S1-519892847	S2-182407333,S3-768077412
S1-217963925	S2-633849352,S2-625872891,S3-782273987
S1-869905197	S2-184334109,S3-213337628,S3-400496074,S3-284243663,S3-951045440,S3-364048822
S1-37856724	S3-307867088
S1-470342528	S2-843748561,S2-212215770,S3-895525254
S1-955409106	S2-814009694,S2-584951572,S3-652945583,S3-610603402,S3-296124254
S1-229276546	S2-79016928,S2-684027021,S3-13511884
S1-376539561	S2-370433785,S2-250505149,S2-574825877,S3-69304880,S3-187122732
S1-709109644	S2-433420581,S2-948802662,S2-45802403,S3-409317086,S3-271644619,S3-111899430
S1-549705949	S2-114965510,S2-323403197,S2-923325091,S3-178544978,S3-874818331,S3-506296615,S3-890344599
S1-229398533	S2-614342927,S3-675360060,S3-813249885,S3-602879133
S1-486456379	S2-826287925,S2-732033579,S3-113186348,S3-577136822
S1-406090789	S2-505147818,S2-678296601,S2-121152675
S1-480592932	S2-591817079,S2-469044075,S2-439081876,S2-789498752,S3-968594798
S1-563961104	S2-140872063,S2-468051179,S2-156458155,S3-355774147,S3-180583042
S1-359729709	S2-717272445,S3-264310735,S3-645940664,S3-16149558,S3-463740749
S1-82807250	S2-101530012,S2-273597393,S3-999183956
S1-195602333	S3-916073889
S1-145417256	S2-614580815,S2-675905336,S3-885873309,S3-302294905,S3-449572645
S1-144895338	S2-946991937,S2-917052297,S3-631716535
S1-414906063	S2-325403668,S2-317584125,S2-178191396,S2-748173568,S3-320213726
S1-900709978	S2-117041521,S2-164244101,S3-552484646,S3-941343717,S3-709425489
S1-77655705	S2-109975975,S3-536850643,S3-681218218
S1-431894105	S2-514454307,S3-514411112,S3-40491302,S3-616244414,S3-489248322
S1-218136669	S2-193925807,S2-352674440
S1-740167205	S2-344629621,S3-643637967,S3-136486092,S3-372733448
S1-732359017	S2-761924929,S2-984801342,S3-647826799
S1-791259567	S2-929551301,S3-663720439,S3-473453481,S3-23268587
S1-321563845	S2-277659723
S1-488149898	S2-442079381,S2-230743628,S3-144766794,S3-887759448
S1-393419130	S2-912787044,S3-134553149,S3-605756259
S1-740557778	S2-957831891,S2-909978973,S3-581435656,S3-572118849
S1-462846921	S2-599051099,S2-511025390,S3-35315043
S1-499948220	S2-460351171,S2-917159706,S3-732831901
S1-464370650	S2-275033951,S2-861828211,S3-201885215,S3-837479973
S1-430405916	S2-208782582,S2-301975538,S3-326493870,S3-658938131,S3-471655016
S1-965261155	S2-877088707,S2-293782083,S3-880359792,S3-305969077
S1-297749697	S2-885435769,S3-831511750,S3-190597175
S1-498677880	S2-328969353
S1-230492471	S2-304862209,S3-4553925
S1-619707130	S2-522459807,S3-847159757
S1-229820118	S2-364703627,S3-171193796,S3-688918217
S1-801608484	S2-6308513,S2-598334308,S3-361071547,S3-972549922
S1-168260766	S2-878518882,S3-974664265,S3-954258153,S3-135027082,S3-593085346
S1-484121296	S2-822848208,S3-725371558,S3-891746307
S1-170322092	S2-805984758,S3-916674737
S1-709709141	S2-530736082,S2-529337304,S3-221954351,S3-777159899,S3-760161218
S1-554095171	S2-179627640,S2-851349812,S3-530293199
S1-908972988	S2-946590932,S2-676791421,S2-546693027,S2-250011550,S2-287888219
S1-489390687	S2-644618343,S2-513212784,S3-922387498,S3-664498169,S3-891758282
S1-185703893	S2-20841205,S2-506990027,S3-925770118,S3-799007252
S1-336232981	S3-59757776,S3-394197431
S1-356925648	S2-623150865,S3-751513689
S1-376916622	S2-3330316,S3-905862117,S3-533232107
S1-4590613	S2-871492135,S3-277143345
S1-486960818	S2-187840699,S3-723722413
S1-494675692	S2-441355250,S2-266503785,S3-749822108
S1-919162195	S2-974702099,S3-759632833,S3-36576935
S1-79522018	S2-83204630,S3-838631093
S1-443369656	S2-553294806,S2-89809391,S2-202601788,S3-720052336,S3-391598992
S1-465256592	S2-4392370,S2-697324395,S3-536545817,S3-238414086
S1-836760967	S2-273922918,S2-59608732,S3-18180402,S3-453706758
S1-139392452	S2-991788493,S2-606213282,S3-769195512,S3-315308675
S1-916466635	S3-815486578
S1-308865924	S2-867579306,S2-732016324,S2-31919854,S3-725434345
S1-521005388	S2-46816752,S3-23334368,S3-400080037
S1-693130638	S2-722956602,S3-832944880
S1-970903101	S2-939952449,S2-802021837,S2-673656306,S3-905080544
S1-74540290	S2-4853174,S2-772079734,S2-409522805
S1-227929441	S2-345645448,S3-890502243,S3-308393183
S1-837345720	S2-90469088,S3-296351551,S3-905762888,S3-261072770,S3-637826580,S3-528313881
S1-559367407	S2-608619139,S2-205806435,S2-713777106,S3-557468034
S1-351434728	S2-789428667,S2-298640768,S2-803654794,S2-165627525,S3-530307964
S1-866461923	S2-261695128,S2-416158008
S1-609692922	S2-496310107,S2-521098729,S2-860121687,S3-126227782,S3-751530546,S3-880021148
S1-647247510	S2-529087707,S2-358917143,S2-872594561,S2-652566539,S3-442774296
S1-190376454	S2-229930875,S3-857741088,S3-243680454,S3-998535132
S1-402765500	S2-812241824,S2-729828456,S3-520231222,S3-52437328,S3-94534445,S3-154068526
S1-13129502	S2-684701878,S2-479233036,S3-589975611
S1-651277139	S2-488627706,S3-566084026,S3-847793067
S1-827422596	S2-587607064,S2-741033692,S2-24199884,S3-391304746,S3-327594426,S3-736217670
S1-228997364	S2-243240246,S2-534956179,S3-544989088,S3-822338148,S3-452043251
S1-352879003	S2-495027544,S3-346777709
S1-723713696	S2-871252202
S1-659926498	S2-883983893,S2-209417928,S2-513307866,S3-120415995
S1-188046459	S2-283837558,S3-815860654,S3-881855050
S1-729792418	S2-40837032,S2-984273677,S2-865963221,S3-803062579,S3-278407662,S3-472683396
S1-612062949	S2-112687342,S2-591910395,S2-338971914,S3-536231321,S3-464960164
S1-173208458	S2-647548190,S2-84859354,S2-47031875,S2-446919426,S3-189284764,S3-457363084
S1-682480750	S2-729687486,S3-99935804,S3-696919686
S1-904107770	S2-345162470,S3-81220512,S3-358172151
S1-62735876	S2-93926340,S2-837291133,S3-432970393,S3-293410085,S3-685364812,S3-290778345
S1-679293744	S2-994520951,S3-732654553,S3-998421339,S3-432991432,S3-963187225
S1-550221815	S2-855021655,S2-237516719,S2-264342954,S2-361385380,S3-44805802,S3-484822744,S3-41412864
S1-321639442	S2-9601440,S2-441419169,S3-64037994,S3-82556072
S1-425352011	S2-749912579,S3-922696451,S3-958745993
S1-81937486	S2-716818109,S2-18279191,S2-780410878,S3-408193712,S3-628369869,S3-744666947
S1-212923292	S2-536552015,S2-868460881,S2-72852334,S3-732465512,S3-221472866
S1-593558612	S2-333867704,S3-882638377,S3-205466742
S1-87496946	S2-272232215,S2-978775043,S2-422459392,S2-80998071,S3-606555374
S1-69289625	S2-298923474,S3-557021503,S3-410347955
S1-75919580	S2-598864301,S2-300880868,S3-499507897,S3-771815588
S1-175887777	S2-599515398,S2-398446582,S3-374795059
S1-704779646	S2-773041681,S2-361906858,S3-806856621
S1-824836190	S2-892353846,S2-674657482,S2-212852594,S2-203902720,S3-30164389
S1-589909162	S2-4553936,S3-596704920
S1-813236259	S2-628169770,S2-546584959,S2-833224902,S2-563130132,S3-38492092
S1-915498414	S2-891650662,S2-845685837,S3-730384319,S3-995324441
S1-419825016	S3-834984356,S3-320060745
S1-324840573	S2-823855020,S3-566221221,S3-564267651
S1-480018313	S2-469005480,S3-859115624,S3-495408736
S1-779719263	S2-322552251,S3-335230160
S1-330095046	S2-938367814,S3-258613402
S1-421582058	S3-718512082,S3-541195236,S3-709151397,S3-820059104
S1-662074139	S2-137630377,S2-189992171,S2-829124121,S3-833835561,S3-51074701
S1-724420711	S2-279144012,S2-372655366,S3-183660382,S3-68841867,S3-757584804
S1-42046111	S3-750856742,S3-285285132
S1-574753290	S2-203959806,S2-971749865,S2-965287245,S3-567830848
S1-168788696	S2-985823021,S2-933571112,S2-914633561,S3-463876221,S3-226229476
S1-806521390	S2-843719489,S3-597920622,S3-444838572
S1-91480582	S2-699739784,S2-728140077,S2-827057354,S3-541056430,S3-30068611,S3-966858840
S1-78554448	S2-145625251,S3-641556563
S1-573764850	S2-238310861,S2-459862139,S3-4344024,S3-17311328,S3-320440881
S1-663911481	S2-738044314,S3-976398667,S3-325441754,S3-466318707
S1-507391846	S2-692934560,S2-24667173,S2-556209688,S2-729415879,S3-631795177,S3-883806836,S3-127266656
S1-896291751	S2-108068062,S3-26147280,S3-273690543,S3-111966848,S3-770587092
S1-9731259	S2-844007001,S2-94113894,S3-458576905
S1-841447692	S2-287144769,S3-311529868
S1-770979656	S2-552242144,S2-661081229,S2-77764651,S2-496373263,S3-293793516
S1-616264409	S2-755419452,S2-623630071,S3-900735531,S3-623510293
S1-659827920	S2-298132988,S3-467268996,S3-765497960
S1-949150525	S2-485620417,S2-729692872,S3-385862618,S3-317569320
S1-730319725	S2-355463146,S3-193662188,S3-245648361
S1-420898345	S2-131098400,S3-359131713
S1-232689123	S2-341284201,S3-204680346,S3-579196131
S1-669238131	S2-465530091,S2-537443074,S2-699378976,S3-162725036,S3-803612986,S3-905396125,S3-487991699
S1-83197343	S2-115997733,S2-266963756,S3-949143245,S3-389185767,S3-629553436
S1-36906625	S2-572217225,S2-842122158,S3-789421379,S3-401402987,S3-714481605,S3-469353062
S1-156982086	S2-660067711,S3-666140354,S3-260228458,S3-521497233
S1-896706757	S2-799157493,S3-8550875,S3-916113818,S3-225357575
S1-826739222	S2-558210820,S3-723587368,S3-775342629
S1-451255921	S2-481256044,S3-299447717
S1-111362796	S2-848058809,S3-116426317
S1-695629924	S2-211933450,S2-768913518,S2-872118557,S3-280747207,S3-296938249
S1-95058683	S2-575341246,S3-262922428,S3-649011494
S1-94849782	S2-545160300,S2-829103608,S3-592755249
S1-226934848	S2-283609188,S2-216522025,S2-458940374,S3-749913801,S3-772661863,S3-509481002
S1-978062562	S2-31912328,S3-777932663
S1-996213241	S2-353797514,S2-700317649,S3-333976699,S3-267419508
S1-523550263	S2-943908279,S2-40683889,S2-302365768,S3-655194859,S3-564918451
S1-349414494	S2-142199853,S2-663859164,S2-721022736,S2-4250766,S3-840418047
S1-284872697	S2-949023231,S2-587810999,S3-629638048
S1-479603856	S2-845823625,S2-859858622,S2-574122329,S3-226591082,S3-94873738
S1-940469106	S2-536216485,S3-115311590,S3-801303421
S1-461561174	S2-863210600,S2-633349616,S3-188467350,S3-330701947,S3-186143465
S1-505043262	S2-708729483,S2-7100565,S2-649924537,S2-555620894,S3-449873410,S3-11307910
S1-732553743	S2-623810017,S2-216008689,S3-259232681,S3-260184973,S3-450667294,S3-56692882,S3-706848219
S1-301204318	S2-839460222,S3-811359281
S1-527651378	S2-757036356,S2-213796734,S3-109192099
S1-739707870	S3-242102841,S3-324851970,S3-761399566
S1-82324520	S2-114437263,S2-182766424,S3-299732070,S3-757066159
S1-509658951	S2-432213824,S3-487215059,S3-152171796,S3-829934632
S1-210341793	S2-768201174,S3-562656749,S3-684046601,S3-949154696
S1-51242728	S2-249757135,S3-177420057
S1-168334883	S2-329656410,S3-101777415,S3-945937684,S3-31236591,S3-109245430
S1-588425251	S2-348185308,S2-536361115,S3-742308048,S3-777283420,S3-75856424,S3-844913726
S1-312171092	S2-56543634,S2-828980371,S2-816418797,S3-895055728
S1-261596869	S3-246041800,S3-945835298
S1-523808771	S2-638825881,S2-731807445,S3-335927047,S3-287742420
S1-144697049	S2-38231166,S3-551902895,S3-748585212
S1-21383536	S2-31077820,S3-198299371,S3-99351440
S1-405206982	S2-137191142,S3-314234993
S1-153918914	S2-141399836,S3-305115150,S3-112519498
S1-183669702	S2-429888017,S2-131726342,S2-486740338,S3-756930729,S3-79483139
S1-502764664	S2-528469269,S2-138780401,S3-799141651,S3-375973924,S3-772299945
S1-1859192	S2-818129701,S3-533848235,S3-291221490
S1-705271723	S2-36945814,S2-838733912,S2-226168053,S3-964139292,S3-231033130
S1-693639469	S2-173834622,S3-645143336
S1-569307731	S2-556263466,S2-223486226,S3-982548634
S1-927233597	S2-14703374,S2-378350782,S2-370075584,S3-860817554,S3-860554890
S1-403784673	S2-694360278,S3-361055194
S1-791822810	S2-82378969,S2-609635787
S1-611405516	S2-83334943,S2-492727687,S3-481376698,S3-973090645
S1-30398672	S2-683210471,S3-214503377,S3-668707648
S1-957841624	S2-475073929,S3-190159883
S1-217888184	S2-933605212,S2-780341173,S2-882563856,S3-929193237,S3-769125060,S3-345435211,S3-684050028
S1-964108614	S2-925481114,S2-739108473,S3-227592280,S3-226585756
S1-296198527	S2-232325141,S3-268382029
S1-776772222	S2-178641295,S3-371940918,S3-433258360,S3-300913946
S1-477753937	S2-783951234,S2-137804808,S3-11641728,S3-189320751
S1-442756357	S2-784161242,S3-95632188,S3-314945048
S1-720485024	S2-872369676,S2-155113698,S3-535745413,S3-944208319,S3-508548752
S1-215716632	S2-262406769,S2-621053753,S3-700468639
S1-878675705	S2-464975074,S3-652357185,S3-441626536
S1-349319156	S2-777847549,S3-890246685,S3-628450233,S3-410655483,S3-815868571
S1-448815726	S2-275364563,S2-133139028
S1-533403159	S2-793375814,S2-991025281,S3-705937825
S1-346521821	S2-690182175
S1-741037427	S2-69546172,S3-28839329
S1-862335294	S2-227075757,S2-248914960,S3-90221728,S3-215509773
S1-879556330	S2-239693325,S2-503811332,S3-392689065,S3-972413239,S3-890547751
S1-346184054	S2-509695363,S2-471014805,S2-394784240,S3-556609952,S3-601828168,S3-999084956
S1-13028521	S2-949254015,S2-310928871,S2-35510832,S3-104386639,S3-856143086,S3-997649804
S1-190654943	S3-845219903,S3-181418524
S1-221660597	S2-899251015,S3-233453181
S1-995855717	S2-830011981,S3-656871199,S3-55613418
S1-645909579	S2-357455573,S2-782607945,S2-37397986,S2-704437091,S3-997998531,S3-462180213,S3-777362480
S1-380152399	S2-335651580,S3-131135047
S1-649615391	S2-151242746,S2-169577934,S3-113992807,S3-575417276
S1-753614540	S2-715426583,S2-137452979,S3-957768681,S3-910038890
S1-333180840	S2-480631819,S3-349154149,S3-67302370,S3-548229136
S1-674491451	S2-910476710,S3-642410545
S1-143916718	S2-570879161,S2-250580238
S1-85737287	S2-487348025,S2-656744934,S2-898077652,S3-584249091,S3-452540643,S3-508509426
S1-67568451	S2-735294799,S3-640039098,S3-599153245,S3-84878284,S3-885195124,S3-324691989
S1-299061405	S2-439329686,S3-12951026
S1-528033930	S2-455707942,S2-43019485,S2-398827330,S3-951451620,S3-74432763,S3-247396010
S1-923366327	S2-520957116,S2-307831929,S3-787093155,S3-17684642
S1-705596964	S2-871222204,S2-470557539,S3-832134317
S1-681508172	S2-378002064,S3-750434560
S1-615252532	S2-152213825,S3-874161788
S1-187570598	S2-521314896,S2-964462376,S2-24708381,S2-414286289,S3-470512505,S3-192905708,S3-584584385
S1-860520666	S2-687315825,S2-1282168,S3-673626054,S3-263924405,S3-876539581
S1-262132679	S2-583111702,S2-342096227,S2-879002707,S3-597843891,S3-99211731
S1-989227815	S2-397437064,S2-869605360,S2-548150659,S3-208473298,S3-641424880
S1-775866870	S2-200110183,S2-864016676,S2-174195491
S1-133014569	S2-905445968,S3-913354553,S3-327893108
S1-767559234	S2-730588368,S3-243307482
S1-201635877	S2-312899945,S2-765554337,S3-167798713,S3-901894679
S1-890085987	S2-266895460,S2-278626900,S3-675888199
S1-667118612	S2-100106930,S2-605868624,S2-252928652,S2-467549638
S1-985608632	S2-544542036,S2-468793527,S3-254693060
S1-388878443	S3-95214220,S3-423486973
S1-253081030	S2-467272208,S2-699373774,S3-547588243,S3-597582735
S1-676256401	S2-461745349,S3-623447558,S3-278904153
S1-245215440	S2-68248782,S3-598233659,S3-460702476
S1-753280920	S2-380204412,S2-629613834,S2-108276677
S1-938947176	S2-272910057
S1-87942983	S2-956476172,S2-279762887,S3-276443568,S3-736768230,S3-869875622,S3-719635855
S1-698952330	S3-463390150
S1-243356941	S2-571204862,S3-606319105
S1-367941984	S2-307231297,S3-741645345
S1-765959243	S2-552972150,S2-124255822,S3-286322945,S3-254363741,S3-608535915,S3-336907173
S1-157907281	S2-97281915,S2-389489098,S3-124712400,S3-884394669
S1-979927801	S2-937420153,S3-6009041,S3-10959592
S1-443906592	S2-98361372,S3-179167504
S1-203628305	S3-305545001,S3-657532632
S1-112876566	S3-747607371
S1-888820573	S2-889038856,S2-972841865,S2-358189194,S3-672192780
S1-736356087	S2-786588542,S3-662239072,S3-35918149,S3-985314079,S3-101137802
S1-959825809	S3-519382277,S3-179523683
S1-992432259	S2-981973743,S3-968548331,S3-764879809,S3-805084957,S3-927008783
S1-313499686	S2-228224422,S2-373009358,S2-525726617,S3-352266867
S1-451647183	S2-547904563,S2-136160108,S2-397566000,S3-805682390,S3-316537735
S1-324511848	S2-117551068,S2-608865098,S3-551444960,S3-399932716
S1-704762236	S2-803629599,S3-751388202
S1-776906597	S2-371843348,S3-147394052,S3-885992119,S3-377377675,S3-519717466
S1-404072342	S2-883656950,S2-160600465,S2-364107376,S3-394181793
S1-696713125	S2-586454565,S3-594646977,S3-495288602
S1-157403256	S2-596290797,S3-608352592
S1-789773508	S2-77876513,S2-121711390,S3-686192830,S3-156003571,S3-502142579,S3-435370631,S3-155153312
S1-275317	S2-686988938,S2-117508622,S2-715535642,S2-545769871,S2-859342993,S3-407239790,S3-886309541
S1-966776640	S2-878752231,S2-712168734,S2-121638353
S1-738608100	S2-879661789,S3-273499044,S3-699133304
S1-553902491	S2-625782038,S3-512606372
S1-351129390	S2-793009702,S3-572176551,S3-669750287
S1-269101324	S2-727918281,S3-895984060,S3-590473449
S1-972151648	S2-39869945,S3-361689183,S3-278267702
S1-764564734	S2-798002982,S2-315179578,S3-781395235,S3-664806306
S1-481326916	S2-734187153,S2-477732485,S2-663059387,S3-932211221
S1-683457990	S2-637198910,S3-769887475
S1-672224661	S2-199304140,S3-445967600,S3-461114760,S3-618252779
S1-264246940	S3-643859985,S3-910490053,S3-620779180
S1-907449589	S2-197293994,S2-687816121,S2-606917931,S3-301512961
S1-360686668	S2-92393313,S2-420446114,S2-920403028,S3-820848055
S1-239655983	S2-40126960,S3-796508723,S3-743247875
S1-326566436	S2-193843860
S1-461888450	S2-401123089,S3-860711715,S3-702914544
S1-395579673	S2-756477220,S2-17947069,S2-744228954,S3-825604965,S3-15563464,S3-380823974
S1-628791400	S2-253035086,S2-87457395,S3-374179000
S1-754141629	S2-508236963,S2-499894665,S2-644667946,S2-449355483,S3-5734988
S1-838110289	S2-228922819,S3-461910741
S1-812904312	S2-834765479,S2-344173680,S2-470810594,S3-977994672,S3-8866877
S1-354009882	S2-685380126,S3-140903778,S3-886036395
S1-50984845	S2-293651189,S3-292136828
S1-302609891	S2-614195619,S2-232855862,S2-855126374,S2-520754055,S3-669864582,S3-368856003
S1-26389136	S3-25453846,S3-824519556,S3-123344962
S1-350018708	S2-898607580,S3-748566356,S3-736306746
S1-811567862	S2-198149844,S3-606732599
S1-309874720	S2-996621783,S3-799061365,S3-459457190,S3-485579668
S1-445759141	S2-41139736,S3-189924264
S1-856000828	S2-930695661,S3-718997982,S3-631316197,S3-68065989
S1-412852392	S2-63793674,S3-726901144
S1-761572592	S2-823908785,S3-763506531
S1-285711594	S2-4254057,S2-484813371,S3-875400208
S1-18780036	S2-968345780
S1-933566643	S2-260262480,S2-868623458,S3-498209818,S3-116017750
S1-843581622	S2-14986333,S3-113958503,S3-705508836
S1-532867614	S2-805375372,S2-689903111,S2-439189121,S3-362628969
S1-373733420	S3-925226562
S1-682845050	S2-194740714,S2-68263846,S2-861740945,S3-944636759,S3-601823816
S1-27662556	S2-495972460,S3-388327044,S3-653985696,S3-231016095
S1-883768417	S2-169897856,S2-382561458,S2-470156813,S3-134546537,S3-88112928
S1-594084194	S2-655629576,S3-946319037,S3-947845689
S1-647920583	S3-463754454
S1-334635590	S2-586478859,S2-191534684,S2-610106211,S3-665869177
S1-190029278	S2-829455082,S3-962698971
S1-232198766	S2-412119573,S3-970415065,S3-823399945
S1-283292682	S2-150738647,S3-779003918,S3-175680840
S1-823883790	S2-706031801,S2-578265633,S3-958921677,S3-410532794
S1-517015943	S2-66575207,S2-814083460,S2-961688648,S3-529029595,S3-897478422
S1-118753280	S2-838506279,S2-981190142,S2-732026782
S1-873472995	S2-30740594,S2-358265316,S3-68585296
S1-843695272	S2-631834912,S2-454155563,S3-845595140
S1-83872581	S2-849854233,S2-996783439,S3-876292182,S3-837024199
S1-197031719	S2-145509883,S2-972515823,S3-686003177
S1-390823923	S2-199644028,S3-237071654,S3-802096416,S3-31224958,S3-966733327,S3-385184383,S3-312577140
S1-15773231	S2-668834557
S1-273821092	S2-149129943,S2-316200870,S3-115445126
S1-75170207	S2-397685352,S3-172195873,S3-248359430
S1-624188031	S2-200208249,S2-72465915,S2-470217811,S2-450188507,S3-59200753,S3-111936565,S3-290547260,S3-486091060
S1-484616971	S2-414800526,S2-295343237,S3-153531031,S3-506692845,S3-991045328,S3-701440367
S1-507189083	S2-554587011,S2-234479234,S3-939678726,S3-684673698,S3-108675863
S1-964477912	S2-754747300,S2-97173531
S1-379109342	S2-940872369,S3-261707100,S3-412199578,S3-106094220
S1-42193539	S2-445309080,S3-338884171
S1-150054147	S2-326866293,S2-579206682,S3-620917199
S1-837789131	S2-252854421,S2-247325895,S3-265288916,S3-897584259
S1-950802451	S2-641541149,S3-398124498,S3-545212455,S3-586261322
S1-435311409	S3-291485713,S3-432193420
S1-113148604	S2-143041504,S3-632619166
S1-807687461	S2-282287196,S3-898418128
S1-655673886	S2-419856234,S3-460216708
S1-787089350	S2-614188466,S3-201083158,S3-252128877,S3-259875606
S1-40218499	S2-160002770,S3-562422255
S1-313445571	S2-610226984,S2-562635017,S2-958442216,S2-265888509,S3-2933730,S3-914701736
S1-15094053	S2-378315456,S3-704267876,S3-749997105
S1-319617856	S2-593545899,S2-738729680,S2-73179735,S3-650221159
S1-322363974	S3-304747156
S1-96158925	S2-756816754,S2-366554914,S3-592201612,S3-311004125
S1-218663086	S2-787938045,S2-852014540,S3-710909529
S1-397778403	S2-365259394,S3-336494990
S1-905857861	S2-507618150,S2-474138763,S3-345004640
S1-627699884	S2-201593529,S3-469710836,S3-755580735
S1-887225709	S2-440640485,S3-948283929,S3-90181310,S3-965722699,S3-586680590
S1-936889727	S2-478649261,S2-388667653,S3-651490549,S3-982609345
S1-24867923	S2-117568439,S3-942760189,S3-37443007
S1-419504164	S2-409669668,S2-662166367,S2-112124858,S3-81942155,S3-920811928
S1-499487741	S2-575689758,S3-893947327,S3-993958236,S3-889159015
S1-660313626	S2-625162196,S2-930706939,S2-199356024,S3-421065799,S3-690049287,S3-242946894
S1-54330789	S2-764037640,S2-854716704,S3-578068939,S3-718751697,S3-961946823,S3-15147072
S1-563867936	S2-532008882,S2-697903067,S3-906429019
S1-443831327	S3-769953014,S3-599331369,S3-49266809,S3-739541845
S1-86283393	S2-658178485,S3-665592799
S1-565571758	S3-152509174
S1-690725854	S2-760272838,S3-85789873,S3-85633906
S1-158333694	S2-153617911,S3-938978958
S1-537689942	S2-583931688,S3-955232467,S3-992183927,S3-333531026
S1-159836576	S2-190483145,S2-956644542,S3-5396553,S3-17653738
S1-425391580	S2-377866488,S2-701457215,S3-234175829,S3-748378064,S3-460868112
S1-595112678	S2-846577421,S2-509339748,S2-254019236,S3-948959044
S1-463150486	S2-220539308,S3-417533275
S1-594899385	S3-941598256
S1-125748669	S2-613591923,S3-777659706,S3-511286207
S1-87847764	S2-620940529,S3-883936422
S1-696841589	S2-268519595,S3-95506174,S3-49642099
S1-362276267	S2-111876482,S2-325480081,S2-763961344,S3-215662449,S3-892186694
S1-232214384	S2-482901853,S2-341054836,S3-235028947,S3-714029755
S1-378716522	S2-686350894,S3-612070143
S1-845046103	S2-196620743,S3-25683774,S3-318626945
S1-483514572	S2-955319145,S2-634747503,S3-860722974
S1-672922153	S2-970207210,S3-814301080,S3-347632679
S1-551928129	S2-271436729,S2-993982951,S3-479990281
S1-683462078	S2-116772949,S3-433982548,S3-110879503,S3-422984379
S1-265200685	S2-240504233,S3-176510264
S1-972303712	S2-558116654,S3-882424816,S3-281037750,S3-25023702
S1-235183636	S2-113826149,S3-316154232
S1-860986182	S2-107958822,S3-410550732,S3-436765088
S1-572336883	S2-810686619,S2-175888463,S3-348425971,S3-130329848,S3-885698859,S3-866896634
S1-925856586	S2-349117483,S2-385605845,S2-85794539,S2-301474384,S3-889980804
S1-182628109	S2-20757054,S2-693218261,S2-920567508
S1-189956885	S2-759487960,S2-787333610,S2-396362,S3-460257795,S3-846234152,S3-810134256,S3-395672910
S1-443197116	S2-126723925,S3-63203556
S1-585797712	S2-440527803,S3-366911470,S3-536019507
S1-802025826	S2-499222748,S2-466510450,S3-489699422,S3-590295378
S1-867587942	S2-901912422,S2-813610815,S3-85843369,S3-432519043
S1-946976970	S2-723762306,S2-629436338,S3-733170839,S3-893407702
S1-969115751	S2-228298493,S2-573844704,S3-174220011,S3-1730098,S3-689896714,S3-861106749
S1-689816388	S2-339472270,S2-982522670,S2-350831841,S3-832147383,S3-163927279
S1-582348474	S2-247023763,S2-862849402
S1-812959473	S2-990347583
S1-732703940	S2-983188236,S2-884104561,S2-245626674,S2-304502710,S3-590726980
S1-830302913	S2-970921340,S3-29903953,S3-511923239,S3-949196922,S3-816160250,S3-308026693
S1-921125363	S2-425108811,S2-373754933,S2-289041631
S1-110404610	S2-110554520,S3-447171546,S3-764761922
S1-868749702	S3-921271972,S3-727020794,S3-401802377,S3-461145096
S1-421319583	S3-777438275,S3-845956269
S1-240209184	S2-268642126,S2-274839070,S3-867848763,S3-635232400,S3-794776791
S1-632703443	S2-745264693,S2-27150251,S2-434509315,S3-727511440,S3-187137589
S1-234836211	S2-339632930,S2-53845968,S3-168448628,S3-212252792,S3-158309086
S1-308876326	S2-342679678,S2-268601671,S2-986355116,S2-605882919,S3-126572683,S3-379200182,S3-628279867
S1-660670493	S3-30891946,S3-140430850,S3-118805819
S1-2766940	S2-306442644,S2-366118798,S2-295124226,S3-139815710
S1-116834105	S2-425697770,S2-326509373,S2-746709370,S2-687607531,S3-136950504
S1-548197295	S2-222124729,S2-338461460,S2-240602180
S1-159047987	S2-284798389,S2-289690485,S3-810819325,S3-205865611,S3-525043693
S1-507012381	S2-131253926,S2-246104501,S3-797673600,S3-368929082,S3-456348698,S3-278416734,S3-541215976
S1-22107389	S2-835369418,S2-708875626,S3-273140965
S1-531271993	S2-63488514,S2-660172062,S2-401994629,S3-664262034,S3-246823417
S1-784526631	S2-447720404,S2-795166346
S1-165531397	S2-229877275,S3-584981596
S1-903482006	S3-133387572,S3-109263738
S1-590187775	S2-186968345,S3-473625627,S3-460979224
S1-628750996	S2-736078869,S2-32504284,S2-365361291,S3-593134985
S1-513560537	S2-34965842,S2-251111539,S2-454007513,S3-803506753,S3-206909269,S3-494102146
S1-59316686	S3-964387523,S3-462412498
S1-183488	S2-714154444,S2-537748901,S2-816994481,S2-298110005,S3-953449129
S1-643288856	S2-490208373,S2-982931445,S2-469651204,S2-391829909,S2-211784356,S3-999097759
S1-909617016	S2-437032898,S2-929201345,S2-484193898,S3-187755153,S3-831668582,S3-670454608
S1-174026281	S2-587007845,S3-217161541,S3-463710269
S1-722041177	S2-5254305,S3-864609306,S3-441615364,S3-885712562,S3-343658770
S1-266931418	S2-407384245,S2-624586012,S3-706337670
S1-494328468	S2-496908132,S3-192803517
S1-340205184	S2-820631734,S3-51064966
S1-246412898	S2-587291259,S2-148465128,S3-852963417
S1-971288372	S2-812777262,S2-699707088,S3-574349908,S3-315518161
S1-756565801	S2-500784148,S2-986317080,S2-764481456,S2-183149825,S3-65300196,S3-128705292
S1-557651783	S2-39400175,S3-505147527
S1-244249902	S2-399196964,S3-92098020,S3-622812435
S1-183698508	S2-781522703,S3-715858941,S3-67530155,S3-827806614
S1-638756986	S2-402479977,S3-627183273,S3-112253011
S1-853616972	S2-510540984,S2-789591303,S3-512896505,S3-606268462
S1-371431321	S2-915048805,S2-707240080,S3-510502258
S1-85434630	S2-705190727,S2-847699083,S3-14310352,S3-490134469,S3-919506556
S1-354222531	S2-260506673,S2-760281663,S2-886251374,S2-571450101,S3-864094546,S3-240429214,S3-433031596
S1-705847721	S3-105981759
S1-959643521	S2-700936695,S2-902363128,S3-550356230,S3-118843678,S3-829059351
S1-469011072	S2-212145217,S2-955022495,S3-907429660,S3-653929381,S3-236831238
S1-522551715	S2-574588715,S3-450886916,S3-375537936
S1-358083746	S2-640399439,S3-661694147
S1-754996145	S3-584392284
S1-571140191	S2-395467464,S2-462912680,S3-117880055,S3-993253775,S3-570457851
S1-898357048	S2-186547391,S3-429543505
S1-992834639	S3-343964167,S3-853283598
S1-898748926	S2-352628839,S2-41322237,S2-804190905,S3-378033081
S1-581364487	S2-541647011,S3-577891147
S1-777684796	S2-200169858,S2-550450655,S3-964833136,S3-583295108
S1-245722649	S2-321319885,S2-547000330,S2-727617609,S3-87520663
S1-478430829	S2-826827336,S2-857130097,S2-450353185,S3-644712204,S3-389014261
S1-830712281	S2-779428278,S2-306194945,S3-48214898,S3-97641472
S1-4613552	S2-724863216,S3-784301217,S3-798684504
S1-885762403	S2-793933991,S2-368228906,S2-257564248,S3-949869872,S3-839975715,S3-533911931,S3-511813480
S1-261922492	S2-352010426,S2-574760192,S3-734242897,S3-812067925,S3-89510479,S3-287010795,S3-753368110
S1-348872262	S2-23088227,S2-571017612,S2-439787514,S3-430725354,S3-738666905
S1-887127435	S2-403760332,S2-383416376,S2-850220244,S3-503382718,S3-991653160
S1-153197718	S2-790934135,S2-868421334,S2-803616514,S3-399033564,S3-443101049
S1-722418093	S2-715721186,S2-305606205,S3-282731900
S1-170537382	S2-804786720,S2-108822494,S3-413404044,S3-806261782,S3-433055778,S3-649172794,S3-253448688
S1-115629593	S2-746446176,S2-160542813,S3-961901197,S3-657137429
S1-96224202	S2-797873419,S3-816075343,S3-587452311,S3-519404608
S1-297628858	S2-489429085,S3-611222633,S3-638051346,S3-402802856
S1-493116255	S2-832194594,S3-339267468
S1-739172948	S2-373795882,S2-513156296,S3-906726484
S1-974824242	S2-354646688,S3-197391638,S3-261020450,S3-572129069
S1-504442640	S2-285171648,S2-783006577,S2-721947535,S3-372569591,S3-529291237,S3-465920975
S1-145850589	S2-464585238,S2-213239132,S2-810508027,S3-350949832,S3-592298011
S1-432436883	S2-164193118,S3-491877253
S1-507135141	S3-946952114,S3-533144388
S1-476925641	S2-888915971,S2-258909735,S2-651915770,S2-119339304,S3-502718524
S1-894970917	S2-517771062,S3-709707082,S3-562455274
S1-178772454	S2-475409618,S2-45937157,S3-571492588,S3-481539231,S3-205094516
S1-460955759	S2-579659060,S3-999219390,S3-741104070
S1-185678979	S2-60297483,S3-516687745,S3-166884924
S1-222672712	S2-737996393
S1-202019557	S2-398356134,S2-138120598,S3-219256676
S1-67731410	S2-120877467,S3-628820510
S1-157047574	S3-30403981
S1-138928546	S2-568747382,S3-688896008,S3-467425815
S1-358973871	S2-485717696,S2-822763048,S2-583336308,S3-589407214,S3-381855965
S1-604175600	S2-421630304,S2-866345889,S2-16750287,S3-869531453,S3-79862018
S1-43367328	S2-332783448,S3-251497215
S1-614090497	S2-963148634,S2-997413535,S3-369165004,S3-265869457,S3-813133126
S1-150411950	S2-862894717,S2-951704574,S3-967750960,S3-349822508,S3-364525824
S1-235525677	S2-215672520,S2-85192805,S3-582447320,S3-73017644
S1-777402485	S3-830959718,S3-842016503
S1-315465300	S2-547479658,S2-821917376,S2-961998424,S2-85487114,S3-219933415
S1-171799827	S2-554626649,S2-76835127,S2-373111173,S3-507878133
S1-623531242	S2-609907067,S3-460489828,S3-640749419
S1-47111879	S2-504984565,S2-901254150,S2-448648305,S3-887187394,S3-12553341
S1-410520457	S2-463668862,S3-343905618,S3-345779107
S1-838316890	S2-793836585,S3-644732508
S1-65946817	S2-296145263,S3-789220293,S3-709001360,S3-793898419
S1-925019831	S2-807564346,S3-835404982
S1-35465586	S2-847668238
S1-173261611	S2-827853223,S3-100944646
S1-735945601	S2-895904871,S2-808568565,S3-116444291,S3-764354420,S3-140422726
S1-729375047	S2-483512342,S3-904734798
S1-296806587	S2-674354456,S2-169395343,S3-830151755,S3-790536923
S1-543192119	S2-455372976,S2-675947686,S3-539697034,S3-226948037,S3-646124381,S3-288907127,S3-811358500
S1-643695423	S3-601600266
S1-511284839	S2-739413698
S1-444213193	S2-635088053,S2-815322793,S3-826886305,S3-444619855,S3-541512076,S3-554699314,S3-713765208
S1-521600670	S2-590639419
S1-243867341	S2-89012544,S3-163168432,S3-588238773,S3-533056184
S1-193288477	S3-307843168
S1-577351813	S2-599868370,S2-304571208,S2-401649988,S3-750168903,S3-222351162,S3-111400871
S1-618782488	S2-730655602,S3-780287220
S1-798149046	S2-92719346,S2-262059812,S3-514005262
S1-792723746	S2-797992188,S3-809535560,S3-458689446
S1-649451940	S2-838911362,S3-951999623,S3-750869692
S1-691596812	S2-312371866,S2-618087534,S3-60658290,S3-160247219
S1-180448204	S2-432516839,S3-903777709
S1-39666346	S2-308519427,S2-543642100,S2-342604738,S3-228930919
S1-271919965	S2-208265834,S2-856599694,S3-269206326,S3-671365042
S1-43764460	S2-306304622,S3-779739118
S1-108514798	S2-618280230,S3-757841587,S3-50867174
S1-169160971	S3-898425454,S3-891013848,S3-541500841
S1-766196874	S2-994376224,S3-894510520
S1-924141839	S2-770395018,S3-254228859,S3-735010253
S1-250628518	S2-204783036,S2-187109387,S2-679909778,S3-200488149,S3-170305704
S1-658961849	S2-901953340,S2-91148602,S2-198311427,S3-984935501,S3-239009277
S1-312838081	S2-515941863,S2-804627675,S2-765058304,S3-932191868,S3-241930066
S1-646537955	S2-501128303,S2-709781342,S2-492466437,S2-651885694
S1-530912747	S2-53286478,S3-174745600,S3-173693589,S3-551540226
S1-358087646	S2-316226114,S2-589803297,S2-522116028,S3-628059175
S1-72004180	S2-373184511,S2-262998500,S3-465903980,S3-192380502
S1-575237808	S2-801529307,S2-337424546,S3-10848053,S3-250911114,S3-315529882,S3-252458928
S1-892231466	S2-171272405,S2-267038337,S3-76498902
S1-12301898	S2-317068383,S3-757095069,S3-774449428
S1-581081082	S3-46744091
S1-615017952	S2-849726406,S3-36382725,S3-272888436,S3-686111351,S3-897522347
S1-552195411	S3-608566193
S1-831048437	S3-577734996,S3-179662938,S3-411692319
S1-168638331	S2-645298602,S3-932431142,S3-576299464,S3-785361689
S1-860365747	S2-922084605,S2-351193490,S3-816772764
S1-692277064	S2-941048788,S3-989432912,S3-262991086
S1-497447509	S2-220938453,S3-309982015,S3-341574633
S1-55126114	S2-716479997,S2-418774709,S2-361873207,S2-597212372,S3-749041137,S3-620698465,S3-21068253
S1-159163105	S2-239863414,S2-773446897,S3-487609256
S1-385194861	S2-152308364,S3-179069257,S3-512628428,S3-484246228,S3-273173660
S1-668228091	S3-700483286,S3-635097691
S1-808535130	S2-770716811,S3-816313982,S3-131131481,S3-553839491,S3-223111936,S3-719418972
S1-843566793	S2-12681407,S3-836531228,S3-89574109
S1-929504750	S2-163492191,S3-840311410,S3-814554636,S3-620029568,S3-522154980
S1-536289875	S2-796427984,S2-148691301,S2-425186295,S3-378175307,S3-962068607
S1-47534770	S2-44533176,S2-922130060,S3-172470905,S3-612560487
S1-165870655	S3-854930427
S1-121105520	S2-716388809,S3-967584216
S1-705873228	S2-832956185,S3-649846743,S3-604370005
S1-434404606	S2-777871049,S2-860892274,S3-532716670,S3-108004922,S3-584640623
S1-173100766	S2-438483076,S2-281319552,S3-328600625
S1-568387965	S2-707539330,S3-613432225,S3-561399505
S1-404434540	S2-405424621,S3-689701744
S1-53096268	S2-948929159,S2-963420658,S2-942942463,S3-172809009
S1-83840261	S2-893965816,S2-152916473,S3-351069907,S3-365615189,S3-769791921
S1-122372827	S2-438868608,S2-248119770,S3-459367025,S3-437191793
S1-50832030	S2-860870956,S2-83901483,S3-978637717,S3-587248578
S1-563194390	S2-373986466,S3-294786578,S3-62942621,S3-120949238
S1-252829238	S2-26675171,S2-568985025,S2-28917761,S3-888520557,S3-158963658
S1-387198530	S2-404401050,S2-849765124,S2-352647491,S3-347544202,S3-312196423
S1-447924817	S2-703430453,S3-112121305,S3-730456265
S1-543717268	S2-284629800,S2-463701340,S3-285974019,S3-832424200,S3-562015154
S1-926532640	S2-77148215,S2-913841992,S2-9576077,S3-376377423
S1-670286197	S2-644284423,S2-858993613,S2-469677376,S2-17658459,S3-389091713
S1-123992144	S2-994490737,S2-946047760,S2-206953569,S3-883749727
S1-917825543	S2-233070204,S3-786944264,S3-866150381,S3-846586439,S3-770469314
S1-70426466	S2-443360215
S1-280765081	S2-129686663,S2-370243472,S3-440105011,S3-51693521
S1-738114499	S2-897280301,S3-852848516,S3-148873042,S3-293848978
S1-291573885	S2-798164778,S3-826789705,S3-21371258
S1-758437385	S2-534638475,S2-789338237,S3-870580605,S3-452191754
S1-94919765	S2-488009231,S2-64360589,S3-246543993
S1-24252597	S2-525394048,S3-111523390,S3-807523959
S1-274471419	S2-130163831,S2-321476532,S3-222009698,S3-217308614
S1-978663743	S2-131691394,S3-353296777,S3-709100535
S1-307410731	S2-241661116,S2-483050966,S3-222311734,S3-411980807
S1-309519947	S2-702405161,S2-264291683,S3-610905631
S1-609569317	S2-46431549,S2-973198138,S3-745137101,S3-823508992
S1-742349321	S2-640034496,S2-331175795,S3-993107176
S1-288060649	S3-175099972,S3-544559820,S3-155311187,S3-232575087
S1-938764251	S2-42583127,S2-748192100,S2-225021796,S3-156686114,S3-587303452
S1-685663102	S2-716843179,S2-553457059,S3-332103812,S3-961309630
S1-849984922	S3-975721012
S1-932461361	S2-809856762,S2-173568618,S2-643440787,S2-535959736,S3-202598056,S3-284256312
S1-754170787	S2-941848709,S2-815931342,S2-416138691,S3-280959304
S1-3614223	S2-269427563,S3-128888421
S1-676190166	S2-786058377,S3-837992608
S1-536674316	S2-477858880,S3-232913773
S1-250607052	S2-306670060
S1-218104689	S2-143204425,S2-883948962
S1-526326473	S2-277109810,S3-78008335
S1-595670889	S3-870713861
S1-574678886	S2-681797437,S2-232417405,S3-712132785,S3-164456352
S1-383163610	S3-628796940,S3-494723196
S1-365864348	S2-31792299,S2-752075304,S3-563250895
S1-14652063	S2-263888293,S3-958994503,S3-321600660,S3-736635324
S1-481214346	S2-614715264,S2-155918595,S2-724668449
S1-290058635	S2-250198618,S3-23976565
S1-620925254	S2-417581276,S2-940728367,S2-84404526,S3-200330213,S3-638116884
S1-536576665	S2-46945829,S2-846237563,S3-520807776,S3-461932802,S3-664827566
S1-63080655	S2-205667254,S2-614470064,S2-138969497,S3-833294490,S3-217564205,S3-769215127,S3-862209825
S1-201924328	S2-715299947,S2-915953189,S2-112991240,S3-694102362,S3-162479995
S1-795068072	S2-214029163,S3-258239781
S1-886639394	S2-924738910,S2-689460741,S3-224620032,S3-854118121
S1-102099188	S2-725735204
S1-471482208	S2-941921235,S3-482456909,S3-727276654
S1-514410385	S2-114656299,S3-451576691,S3-976211453,S3-74950592
S1-235230270	S2-633371548,S2-590467306,S2-421034599,S3-68518883
S1-207205752	S2-431860000,S3-666259573
S1-878882319	S2-489644804,S2-92579155,S2-989089304,S3-835503336,S3-36624231
S1-757238367	S2-800560477,S3-153704540,S3-239051316,S3-462317553,S3-641801552
S1-705162983	S2-831419824,S2-970291668,S3-930622825,S3-446809480,S3-740236887
S1-750733593	S2-927490362,S2-33322147,S3-130764569
S1-576508602	S2-704321083,S2-192239410,S3-734854474
S1-372395061	S2-397854253,S2-16668956,S2-651314343,S3-451781520,S3-981642704
S1-45358190	S2-457873711,S2-107003930
S1-202923101	S2-790247413,S2-237897985,S2-489153941,S2-259680971,S2-794657434,S3-977801982,S3-483876454,S3-411910469
S1-877592141	S2-579495745,S2-995395556,S3-817792958
S1-154553119	S2-646934857,S3-140295968
S1-512251110	S2-521149221,S3-863154653
S1-487727290	S2-187017428,S2-384675319,S3-939232556,S3-404295678,S3-95442614
S1-590401776	S2-725096125,S3-831766303
S1-879372889	S2-557884070,S2-720222257,S3-625005864,S3-818926653
S1-47202717	S2-918587213,S3-974418974,S3-7374371,S3-967913500,S3-159576010
S1-823303357	S2-104012201,S3-409761501,S3-151025093
S1-346601089	S2-421133359,S2-977334952,S3-978384250,S3-541707501
S1-836749775	S2-453796954,S2-951802034
S1-237546977	S2-767757810,S3-993613305,S3-473480092
S1-961754460	S2-900122184,S2-99234484,S2-476515275,S2-259986197,S3-499123483
S1-175598880	S2-201607002,S3-117060843
S1-21407601	S2-377113122,S2-362117581,S3-128449906
S1-186515428	S2-603108139,S2-900307220,S2-352465551,S3-417995662,S3-283430135
S1-51573741	S2-464265878,S3-344971398,S3-548063069,S3-225585889,S3-207042439,S3-899286154
S1-248612242	S2-837261303,S2-656457333,S3-206993743
S1-204747469	S3-343660375,S3-181946453
S1-551554892	S2-526751754,S2-96377829,S3-535970371,S3-987374079,S3-225661038
S1-376157607	S2-263133235,S2-509660621,S2-488090254,S3-252666811
S1-569037886	S2-211202991,S3-419170722,S3-963023266,S3-100355833,S3-441721912
S1-261601864	S2-861746006,S2-606779889,S2-254584940,S3-647121302,S3-43150234,S3-814700718,S3-756764143
S1-72717672	S2-315343314,S2-551515441
S1-648112081	S2-379251093,S3-872680372,S3-476769754,S3-286631399
S1-214226215	S3-338758484,S3-771143697
S1-260149963	S2-927515576,S2-200015382,S3-145712743
S1-746734434	S2-988663943,S3-952032202,S3-971290181,S3-912719066,S3-613953754
S1-609256711	S2-448806693,S3-325775395,S3-975205652,S3-168122009
S1-937032435	S2-771149637,S2-390173348,S3-830208332,S3-593378503,S3-241753584,S3-775747160,S3-422792693
S1-108077336	S2-899643933,S3-191203103,S3-199705923,S3-48735029,S3-661369254,S3-158849711
S1-887074163	S2-975224128,S2-214570211,S3-473452846,S3-172778590,S3-660605734
S1-49474663	S2-784017251,S2-37117694,S2-971198456,S3-438818601,S3-250189968,S3-442164586
S1-669804984	S2-744551704,S2-711009028,S2-637969671,S2-712184987,S3-209294156,S3-610308267
S1-729945490	S2-31707642,S3-702195426
S1-214027109	S2-579642064,S2-295264685,S2-734075436,S2-349210587,S3-780901108,S3-244532429,S3-394837778
S1-996161965	S2-676090467,S2-587116493,S2-474882358,S3-824627946,S3-42965065,S3-213092539
S1-555696607	S2-154007879,S3-853009981
S1-854201562	S2-603459519,S2-164584852,S2-186344241,S3-925558984
S1-771526209	S3-298134801,S3-830993168,S3-904490942
S1-466819455	S2-373326722,S2-686220882,S2-226012908,S2-790523244,S2-336184617,S3-496245060,S3-463834815
S1-58656260	S2-489354619,S3-435475265,S3-528640397
S1-287415691	S2-406576553,S3-569771933
S1-75818505	S2-427089351,S2-291622180,S3-56082461,S3-761769048,S3-249131808
S1-420767745	S2-141867813,S2-8926347,S3-20582946,S3-763276009,S3-676421311,S3-282192826,S3-507152514
S1-526171434	S2-624942879,S3-517689334
S1-150531415	S2-176379350,S2-673979567,S2-417156465,S3-101028905
S1-334435592	S2-431014552,S3-876414132,S3-878987533,S3-92765350
S1-945787328	S2-879402250,S3-219253823,S3-642566371
S1-396434138	S2-330627385,S2-435942944,S2-284595738,S3-173184437,S3-166152921,S3-636041986
S1-58642616	S2-55243819,S2-769069997,S2-929207342,S3-38220988
S1-948395611	S2-843600862,S3-270158270,S3-278151737
S1-757265972	S2-683205889,S2-276117962,S3-6391444,S3-518548250
S1-266489756	S2-365996771,S3-839708106,S3-834333597,S3-100016089
S1-595051534	S2-562185527,S2-212193200,S2-778239096,S3-746582673
S1-334802048	S2-686227344,S3-148846348,S3-496174904
S1-794477254	S2-705341963,S3-163258782
S1-106453059	S2-977603428,S2-574729083,S3-617874585
S1-143693246	S2-18842839,S2-997045226,S3-289037051
S1-663192061	S2-8218553,S3-361580422
S1-810208869	S2-634936014,S2-329640904
S1-624568670	S2-175891164,S3-890649348
S1-357593377	S2-859674707,S2-974477807,S2-555280566,S2-178653773,S3-395828091,S3-195260840,S3-822765240,S3-851011835
S1-463663981	S2-365860830,S2-936880080,S3-381961244,S3-651509185,S3-683396135,S3-344579934
S1-101810739	S3-441930139,S3-525324555,S3-236255705,S3-850922092
S1-866725935	S2-578822302,S3-230653546
S1-410079457	S2-380374500,S3-562456448,S3-438775122
S1-550327963	S2-93843873,S2-505219696,S3-488434065
S1-337274807	S2-229200185,S2-565015705,S3-101439137,S3-650400913,S3-986672245
S1-600691173	S2-297469117,S3-798889773,S3-481383275,S3-91431764,S3-954846600
S1-401949063	S2-681604684,S3-337264570,S3-496756565,S3-516661631
S1-417622603	S2-473151049,S2-952759935,S2-604462678,S2-114271454,S3-700013866,S3-740527885
S1-790744756	S2-22626400,S2-216145944,S3-341901074
S1-255643412	S2-82109743,S3-548365343,S3-487305068
S1-607517000	S2-68204848,S3-176264276,S3-40119635
S1-140227156	S2-307825303,S3-455759070,S3-711384242
S1-670741071	S2-971837601,S3-716236990,S3-703663771,S3-858965037
S1-231882629	S2-3137660,S2-152820493,S3-253471287
S1-616126878	S2-341229741,S2-735823723,S2-34996592,S2-360566228,S3-824613455
S1-798299850	S2-579915910,S3-45923915,S3-987571046
S1-322815225	S2-714608648,S2-748953590,S3-297577309,S3-106152577
S1-963962544	S3-37200794,S3-737505466,S3-143630421
S1-766284507	S2-707388820,S3-44591888,S3-355823879
S1-149968629	S2-880496507,S3-275548089
S1-568709692	S2-394604715,S3-112383997
S1-21083618	S2-22484976,S2-462451036,S3-608342877,S3-65775716,S3-503153981
S1-283981817	S2-985755832,S3-494851182
S1-618297427	S2-251214563,S3-428701740,S3-857064714
S1-626607672	S2-358648726,S2-554086021,S2-21518913,S3-164626582,S3-441307609,S3-444056776
S1-357753	S2-654309014,S3-465846546,S3-733687689
S1-336510404	S2-953467271,S3-176536622,S3-242713120
S1-71738827	S2-331908522,S3-667273470
S1-545238646	S2-295220837,S3-751542344
S1-996737077	S2-31737486,S2-75725933,S3-487493337,S3-949418752,S3-535998518
S1-223348672	S2-480667519,S3-731223396,S3-872836122,S3-572570600,S3-823860267
S1-750167065	S2-218887305,S3-206676079,S3-803871340,S3-536439763
S1-887325259	S2-220437861,S2-117590114,S3-409450076,S3-543810941
S1-973965954	S2-687150130,S3-67763067
S1-891273118	S2-84478770,S3-959629250
S1-758222854	S2-798784386,S2-67217094,S3-391433954,S3-691967074
S1-384562624	S3-367718248,S3-616057242
S1-889909589	S2-4147490,S3-517498437
S1-335136186	S2-627718055,S2-317139167,S3-348385716,S3-132277190
S1-886303185	S2-835351244,S2-625261148,S2-17947597,S3-113576385
S1-902960508	S2-553051316,S2-176827306,S2-549695079,S2-151744505,S3-587494669,S3-131182155
S1-271579560	S2-70893414,S2-80052804,S3-157349420,S3-109527223,S3-522000971,S3-482964540
S1-787224095	S2-61214856,S3-47554809,S3-360552959
S1-355940112	S3-480706095
S1-842173882	S2-419356688,S3-392145642
S1-737704750	S2-939260140,S3-241108129,S3-729152225
S1-976181766	S2-92708776,S3-75535833,S3-647102886,S3-303531094,S3-21547266
S1-585123141	S2-158153126,S2-124987603,S3-873250182,S3-409557308,S3-25285421
S1-405456990	S2-660003773,S2-871210407,S2-81070176,S3-379883242,S3-961188612,S3-792331103,S3-840630123,S3-430764832
S1-987339162	S2-805005200,S2-245745083,S2-419287970,S2-928882914,S3-376667074,S3-164130678
S1-799058267	S2-397753695,S3-547640255
S1-340127508	S2-46936709,S2-316386054,S3-330087763,S3-210841024
S1-447302386	S2-2440280,S2-424224945,S2-188858017,S3-880485864,S3-749788820
S1-723273251	S2-965446989,S2-1713590,S3-108414310,S3-511132721
S1-5857206	S2-680582661,S2-89091587,S3-43095865,S3-572857225
S1-465104380	S2-313277107,S2-291314722,S3-229777224
S1-4862081	S2-117807359,S2-350755424,S2-439576837,S3-749048350,S3-498533669
S1-329161047	S2-791593866,S2-406377178,S2-671593677,S2-305772998,S2-36357418,S3-45374011
S1-817395301	S2-233130041,S2-676865554,S3-604867121
S1-933789478	S2-199753292,S3-741368777
S1-611689681	S2-947502159,S2-17604023,S2-846232314,S3-334394411
S1-344092334	S2-544965051
S1-60662375	S2-597462262,S3-203649533,S3-630108202,S3-261975434,S3-229008502
S1-519043703	S2-431707763,S3-519392547,S3-429420654
S1-61399659	S2-169216774,S3-88981461,S3-68331185,S3-504418989
S1-684881545	S2-778170484,S2-78327222,S2-481977110,S3-291708427
S1-877935441	S2-111175461,S2-661209900,S3-130240038
S1-883538882	S2-20708403,S2-302748705,S3-333875698,S3-67414446
S1-813286373	S2-342266233,S3-479110004,S3-545992227,S3-370911029,S3-999904122
S1-81696355	S3-663109701,S3-382951966
S1-451331209	S3-543885786,S3-235932069
S1-616501930	S2-291820043,S2-448088366,S2-717865238,S2-475167044,S3-785861353
S1-251109109	S2-944118423,S2-150055945,S2-337329943,S3-485429839,S3-817005921
S1-708477416	S2-688971025,S3-727539420,S3-269980904
S1-16895453	S2-858832175,S3-196217444,S3-182487850
S1-452078336	S2-41241766,S3-712838640,S3-197610219,S3-410172490
S1-300323355	S2-775940084,S2-281523138,S2-929409438
S1-823737805	S2-434144627,S2-765820027,S3-836209816
S1-33531012	S2-469700306,S2-539090464,S2-29393602,S2-658943467,S3-419369969,S3-797383789
S1-451054586	S2-675495690,S2-153354336,S2-206009197,S3-243686444,S3-576555706
S1-101419407	S2-11673372,S3-247567356
S1-354212314	S2-487514559,S2-850524036,S2-991839241,S3-50301024
S1-400856626	S2-4234438,S3-509261516
S1-425726283	S2-284712184,S3-833404249
S1-404978140	S2-847619464,S3-63697454,S3-349051048,S3-234753883
S1-565641272	S2-500529446,S3-710674984,S3-453573360,S3-130904989
S1-400705026	S2-983721965,S3-737819695,S3-533791509,S3-266763202
S1-192910158	S2-842674444,S2-322219126,S2-34221704,S3-423722685,S3-501071987
S1-527114580	S2-862075352,S2-752789708,S3-851517278,S3-882701896
S1-632955074	S2-434987574,S2-763355967,S2-170204606,S3-739786998,S3-911824535
S1-698560717	S2-607714181,S2-515984177,S2-923665915,S3-525529089
S1-139156624	S2-205218355,S3-926668759
S1-336270826	S2-725319136,S3-820120811,S3-10457815,S3-550485210,S3-250294790
S1-616835133	S2-593635226
S1-374215440	S2-714821572,S2-365536002,S2-174645820,S3-971620214,S3-240475127
S1-38025099	S2-378634314,S3-390077523
S1-833631317	S2-446264023,S3-811001962
S1-42033083	S2-916468493,S2-268083434,S2-884023383,S2-191351839,S3-469363130
S1-199575858	S3-109426775,S3-951610089,S3-743749569,S3-373947672
S1-925727085	S2-718470891,S3-918450745,S3-388712277
S1-765700913	S2-332562993,S2-981865065,S2-73923900,S3-983574882,S3-919191016
S1-898384191	S3-831630983,S3-464014209,S3-297483067
S1-444425263	S2-543584934,S3-117227014,S3-933567848
S1-287474970	S2-370014271,S3-687972419,S3-710261459,S3-180501339
S1-668102474	S2-764607878,S2-181807915,S3-399013400,S3-442813483,S3-115767413
S1-515153628	S2-983045315,S3-162269745,S3-657464559,S3-867362616
S1-991262467	S2-847798443,S2-407840008,S3-812086544
S1-110073081	S2-265150134,S3-865337421,S3-875230796,S3-588596948
S1-97607265	S2-592758023,S3-326561696,S3-241029060,S3-900846731
S1-632556302	S2-888881849,S2-906793319,S3-720378905
S1-504591227	S2-671045368,S2-796573682,S3-270502255
S1-372501468	S2-692276452,S3-451057488,S3-929174465,S3-199005986
S1-890701376	S2-596327097,S3-624125716,S3-334540683
S1-52077886	S2-869976962,S3-418611831,S3-550231264,S3-158131725
S1-464350345	S2-242731316,S2-228825303,S2-219016905,S3-145754237,S3-965008996,S3-581710334
S1-875457102	S2-158940303,S3-102961035
S1-83880642	S2-909619952,S2-238691582,S2-635658789,S3-878666405,S3-434333568,S3-549688814
S1-417944759	S2-289624583,S2-987481796,S3-808649274
S1-368242857	S2-245031235,S2-745022760,S3-519351691
S1-784612083	S2-534032225,S3-391902769
S1-496329325	S2-787064989,S2-636894643
S1-244444829	S2-631586716,S2-951783897
S1-791650660	S2-475884450,S3-749774116
S1-115983205	S2-756139224,S2-312871707,S2-487986652,S2-163836613,S3-716692741
S1-107660628	S2-255810639,S2-323130908,S2-517341084,S3-831577642
S1-963300979	S3-884664334,S3-82531804
S1-448035918	S2-573137995,S2-812620582,S3-171667262,S3-67777899,S3-546924832
S1-951077233	S2-758626808,S3-55164488
S1-741898067	S2-565295384,S2-368822517
S1-397692343	S2-838973562,S2-34826903,S2-920156707,S3-29658830,S3-357909856,S3-542712750,S3-682604921
S1-875151270	S2-11982467,S2-837576722,S3-317874689
S1-449934698	S2-501344837,S2-974704117,S2-747648624,S2-184318184,S3-828165016
S1-334186164	S2-546755513,S3-659792886
S1-860086777	S2-26836345,S2-249661046,S3-378915442,S3-148821839
S1-6375786	S2-601518943,S3-698672644,S3-603795647
S1-486044270	S2-3777887,S2-270872268,S3-316794607,S3-977719875,S3-748841649
S1-670131173	S2-341707741,S3-660462613
S1-702159077	S2-476894644,S2-419657236,S3-326672875,S3-641762892
S1-465844215	S2-400865983
S1-434656488	S2-198898953,S2-64314090,S3-809251591
S1-6745737	S2-982266605,S2-117212393,S3-682601911,S3-430927325,S3-589817036
S1-365694032	S3-593116459
S1-927509927	S2-463784290,S3-818581037
S1-869876239	S3-283774286
S1-154762470	S2-664936802,S2-395681604,S3-933488414,S3-356379764,S3-893776529,S3-972235128
S1-645031731	S2-389626885,S2-978006073,S3-463263781,S3-827781764
S1-689338239	S2-769894534,S2-161165831,S2-52012942,S2-852640052,S3-817920415,S3-725126879
S1-838301910	S2-883145239,S2-105154288,S2-557994184,S2-713236289,S2-723882022,S3-31914292,S3-52969695
S1-364791879	S2-343134754,S3-67076313,S3-879970319,S3-175795542
S1-851933607	S2-72571735,S3-738686842,S3-952958171
S1-879040900	S2-377534896,S2-330980029,S3-936640447
S1-211997803	S3-678830120
S1-623902196	S2-157334252,S2-622787092,S3-141430377,S3-671644858,S3-33128250
S1-305611252	S2-557897903,S3-128273722
S1-640739268	S3-375678934,S3-886401670
S1-107450703	S2-934211202,S3-29077844,S3-316606960,S3-732908996
S1-338990831	S2-536480466,S2-768581914,S3-330975102,S3-915457038,S3-619197379
S1-727466002	S2-92823844,S3-327440947
S1-516002153	S2-845196743,S3-523294340
S1-202344012	S2-222396183,S3-280637267,S3-133840408,S3-91081455
S1-364007298	S2-341695688,S2-545980090,S3-339984505,S3-375777977
S1-398151033	S2-975803197,S2-494128407,S3-97261846,S3-392975673,S3-880860365
S1-117061177	S2-620866792,S2-515704323,S2-283741246,S3-47208719,S3-847632490,S3-795955537
S1-376216481	S2-503658507,S2-481021343,S2-329223715,S2-325412426,S2-695310971,S3-962786465,S3-41322588
S1-757770064	S2-48506784,S3-411402966,S3-243956359
S1-53251946	S2-413348526,S2-232724592,S2-834127078,S3-646202445
S1-744886490	S2-829536545,S2-969221916,S2-394543830
S1-325510823	S2-540749771,S2-292947738,S3-119252041
S1-317116297	S2-544825572,S2-995443920,S3-572322703,S3-293764132,S3-681077034
S1-266468923	S2-646031367,S2-561208190,S3-743728838,S3-877844955
S1-180997125	S2-103640647,S3-754709338
S1-569890734	S2-277973210,S2-616084296,S2-632790856,S2-831839404,S3-617209893,S3-305577567
S1-159225976	S2-382157833,S3-569066822
S1-812772877	S2-653753541,S3-680813646
S1-636318606	S2-781397265,S2-347273256,S2-744298762,S3-755666530,S3-170966883
S1-2709945	S2-133902644,S2-319560072,S2-773445437,S3-665323576,S3-344472643
S1-516066973	S3-533412242,S3-888848279
S1-492580665	S2-929236597,S2-185700424,S2-661403044,S3-677586937,S3-965313129
S1-910246284	S2-420712988,S3-405485625
S1-808250557	S2-141398078,S2-390914555,S3-333194539,S3-274160858,S3-80002487
S1-785610703	S2-376024214,S3-41337962
S1-198868727	S2-228803850,S3-182669797,S3-803557486,S3-583261820,S3-973029173
S1-598171961	S2-978689817,S2-115878192,S3-129431081,S3-437758409,S3-863001190
S1-901209463	S2-239446313,S3-365985706,S3-330538154
S1-618749178	S3-209427718
S1-126087901	S2-801371759,S2-933237149,S2-915487570,S3-801909664,S3-390137243
S1-534285681	S2-110281287,S2-232761738,S3-337090064,S3-670499478
S1-848417949	S2-537010953,S2-834090939,S3-646568296,S3-583750387,S3-537945322,S3-530661711,S3-650701299
S1-705879565	S2-945972014,S2-951342329,S3-671254597,S3-823860601
S1-397652268	S2-543850118,S3-940141655,S3-611749714
S1-157787994	S2-515967770,S3-593764163,S3-721999185,S3-811247651,S3-523391296
S1-773381534	S2-64313391,S3-950025068,S3-117649554,S3-451909866
S1-972294325	S2-370716656,S2-15928073,S3-250618427,S3-760906973,S3-407915798
S1-665791293	S2-479755166,S3-601934632,S3-795028291
S1-847488769	S2-219358679,S3-812984441,S3-329367477,S3-768622595
S1-328015343	S2-369639834,S2-194688304,S3-122201036,S3-947092476
S1-477349609	S2-903037107,S3-881386728,S3-183228617,S3-206918765
S1-480187770	S2-21134784,S3-225252159,S3-524188420
S1-543119786	S2-677060662,S3-267817503
S1-350184107	S2-964514240,S2-472435307,S3-513522202
S1-714327606	S2-681329431,S3-989979414,S3-701246759
S1-650160668	S3-50966338,S3-209530614,S3-145693467,S3-566821682
S1-694067891	S2-299188682,S2-687541379,S3-14067279
S1-740390708	S2-422674729,S2-271376592,S3-875108786,S3-304334608
S1-69998967	S2-801364635,S2-110422030,S3-265000487,S3-506043639,S3-862505897,S3-751585552
S1-781980771	S2-919112441,S3-853266707
S1-433667753	S2-466446067,S3-256424757
S1-393242878	S2-539551713,S2-468110920,S2-819722323,S2-72157666,S3-218250580,S3-863198205,S3-57900044
S1-320692339	S2-806880125,S3-399830566,S3-740615378
S1-54870505	S2-906003,S2-850153678,S2-230685811,S2-580947594,S2-550830034,S3-91276696
S1-366056907	S2-568987239,S2-494210596,S2-277387218,S3-591002828
S1-810197171	S2-104037167,S3-268904851,S3-807640630,S3-527663877,S3-124226899
S1-147320763	S2-531747099,S3-146066212
S1-386212432	S2-36368560,S3-190149839,S3-157263707
S1-745744342	S2-706364139,S2-881133781,S3-32337739
S1-705616110	S2-577647760,S3-672855016,S3-65083873,S3-883925876,S3-98484492
S1-395635283	S2-605297990,S2-809300586,S3-310449539,S3-919568456
S1-358845613	S2-185270056,S2-369283506,S3-695307922,S3-75086041
S1-977035928	S2-935199527,S2-878265976,S2-356636725,S3-284846227,S3-923818224
S1-939264249	S2-600805131,S3-426739093,S3-693657377
S1-125653066	S2-921084888
S1-825889206	S2-851006509,S3-111648758
S1-553379581	S2-211758622,S2-504299175,S3-942640415,S3-562493942
S1-693360659	S2-636670439,S3-568412403,S3-261559211,S3-974041174
S1-311044530	S2-137026387,S2-344572980,S2-106368342,S3-244705169
S1-412161752	S2-472992661,S3-810155023,S3-150006577,S3-746804404
S1-879262718	S2-640118604,S3-383719672
S1-261067371	S2-393305694,S3-268641238,S3-247265506
S1-141074359	S3-182706061,S3-64217512,S3-792259765
S1-278074654	S2-727617440,S2-862842443,S2-886335031,S3-594336040
S1-622525864	S2-502492429,S3-881225521,S3-800008713,S3-994312816
S1-204764244	S2-924227282,S2-253655949,S3-289061027
S1-542869150	S2-399863271,S2-181806785,S3-769692630,S3-884033121,S3-780441336,S3-355314479
S1-926693777	S2-982173335,S3-56854076
S1-352795613	S2-814747490,S2-808954093,S3-762503991,S3-259189792,S3-415553525,S3-942037537
S1-905621542	S2-904674383,S2-87862865,S2-183950037,S3-798537523,S3-427624166
S1-386787309	S2-893903287,S2-960003083,S2-148059967,S3-768049218,S3-115211679
S1-218975478	S2-939963265,S2-370984116
S1-659328512	S2-999334557,S2-71961979
S1-152138316	S3-164063598,S3-723725470,S3-780889522
S1-488943568	S2-437663752,S2-137320191,S3-666150251,S3-226667739,S3-608423965
S1-905862449	S2-775166092
S1-786200814	S2-557291376,S3-558041697,S3-203974090
S1-407107275	S2-739350205,S3-313537009,S3-374567643,S3-582741278,S3-427809456
S1-434634146	S2-253120082,S2-834743276,S2-692241207,S3-529084550
S1-496852213	S2-42464448,S2-556690805,S2-280755923,S3-45174012,S3-984112409
S1-647365624	S2-44500574,S2-396706185,S3-872035251,S3-74036113
S1-326603927	S2-61100892,S3-84965431,S3-428518546,S3-240031627
S1-806605425	S2-553902907,S2-518344726,S3-335173321,S3-549131675
S1-454253121	S2-106587514,S3-657576649
S1-49464450	S3-923445783,S3-228514327
S1-140825074	S2-379468681,S2-111782207,S2-324175846,S3-366133813,S3-303967065,S3-666319570
S1-21268128	S2-718273889,S2-851599383
S1-758685413	S2-736020144,S3-480269743
S1-508214927	S2-154732666,S3-468889557
S1-903880704	S2-809174069,S3-27498716,S3-27176527,S3-775434985,S3-172674901,S3-133698426
S1-164996900	S2-153387509,S2-754174996,S2-79728604,S3-331363481
S1-920275854	S2-226761936,S2-338104021,S3-977544715
S1-956407363	S2-178416252,S3-681211648,S3-404783768,S3-161346797
S1-970973950	S3-37759491
S1-736727316	S2-632751879,S2-451256746,S3-165438199,S3-646223161
S1-730904137	S2-302211310,S2-104813248,S3-816621227
S1-103857817	S2-225479770,S2-80923132,S2-279982926,S3-420268516,S3-514860479,S3-170469190
S1-19611935	S2-360027133,S2-298631337,S2-350098151,S2-431067071,S3-407463462,S3-140419860,S3-568695383,S3-632186324,S3-546301207
S1-862307093	S2-656551722,S2-873102662,S2-69993688,S3-640177204,S3-456642328,S3-865093749,S3-171282774,S3-190712422
S1-840456663	S2-558578460,S2-736926312,S2-116645264,S3-347918719,S3-156047809,S3-771633632,S3-406494041
S1-814725816	S2-125947473,S2-989039452,S3-680989347
S1-738695760	S3-268424314
S1-107416340	S2-931008215,S2-315569619,S3-496956408,S3-442609952,S3-637180816,S3-114745248
S1-326390300	S2-548436446,S3-838377864,S3-406156369
S1-789820343	S2-954273736,S2-822296450,S2-883421157
S1-913761091	S3-655557957
S1-377172103	S2-77148693,S3-469116067
S1-479810452	S2-380702553,S3-969186605
S1-326274095	S2-43466803,S3-40597561,S3-648387511
S1-674870592	S3-464956810
S1-498403520	S2-628385715,S3-606615,S3-246611802,S3-116748790
S1-564417972	S2-82750892,S2-925907279,S3-904400413
S1-997511231	S2-242043754,S2-151636174,S3-821902167
S1-204361273	S2-139583688,S3-665909550,S3-88893809
S1-897814072	S2-594935478,S3-770929304
S1-517965066	S2-582004659,S2-19288448,S3-488885229
S1-133291490	S2-876604422,S2-22643714,S3-54073384,S3-16500887,S3-122971139
S1-802792804	S2-738088917,S2-219287270,S2-964926806,S3-678702984
S1-115677184	S2-435947683,S2-681343559,S3-539912249,S3-233579178
S1-898469364	S2-577732682,S2-92289360,S3-546069196,S3-378529023
S1-894834135	S2-596078397,S3-373732855,S3-116011597
S1-409451019	S2-596510243,S3-554315301,S3-726895738,S3-299197361,S3-511372417
S1-332002858	S2-928955329,S3-206333479
S1-663372755	S2-733154859,S3-843803895,S3-201406397,S3-50508960
S1-880294512	S2-242213958,S2-82001413,S2-87243276,S2-40402098
S1-347637380	S2-492324044,S2-23236754,S2-815004852,S2-148267137,S3-98700005,S3-422462486
S1-223808352	S2-313003165,S3-292623624,S3-684057929
S1-398761591	S2-744266782,S2-133152788
S1-754653082	S2-457482767,S2-206502166,S2-977375006,S3-192055250,S3-269730611
S1-726143657	S2-178057327,S3-706667362,S3-12081773,S3-281164331,S3-949419242
S1-956851147	S2-169140372,S2-846001265,S3-408099906,S3-601857712
S1-138737895	S2-711173632,S2-613049192,S3-559492797
S1-852092011	S3-319482506,S3-403212369,S3-918381099
S1-421690287	S2-7519246,S2-225450759,S2-210539097,S2-553067235,S3-212332246,S3-114011971,S3-347374918
S1-803921477	S2-558413581,S2-85093966,S2-422432888,S3-520595334,S3-584234357,S3-880554208,S3-334430223
S1-832584677	S2-96844328,S2-639623037,S2-321885563,S3-917238904,S3-597930641,S3-733093664
S1-349379824	S2-474475681,S3-137315952,S3-636001083,S3-966288800,S3-87316245
S1-783433848	S2-688474719,S2-527660985,S2-317985216,S3-528568781,S3-660062360,S3-823778610
S1-763416627	S2-221916517,S3-880414403,S3-432759010
S1-615662752	S2-24686586,S2-315096679,S2-953752184,S2-467728204,S3-698001587,S3-398682041
S1-580004990	S2-11807938,S2-194355100,S3-61512117,S3-894392613,S3-309168519
S1-246905699	S3-382857073
S1-869695283	S2-222751634,S3-401630689,S3-495869163,S3-170308469
S1-762000369	S2-979567361,S3-519699193,S3-441378610
S1-858829992	S2-521808178,S2-272922874,S3-500931794,S3-879025671,S3-540159886,S3-313845390
S1-621135195	S2-476223577,S3-482330867,S3-361579135
S1-663100534	S2-74724510,S2-363867473,S3-695332740,S3-839639200,S3-889306292,S3-968725879,S3-537136328
S1-207192212	S2-452478380,S3-972192594
S1-390728838	S2-896277959,S3-815126868,S3-490252409,S3-641291232,S3-787723082
S1-72799432	S2-79347521,S3-369775822,S3-861360065,S3-948291598,S3-989630895
S1-99904029	S2-550336826
S1-69860891	S2-10773984,S3-112497974,S3-597627763,S3-113302656
S1-563645301	S2-236029001,S2-965260788,S2-493490873,S2-966481434,S3-970291611,S3-294191947,S3-576555375
S1-351325660	S2-240731748
S1-804901629	S2-961526099,S3-82692475,S3-235534330,S3-268843052,S3-772630275,S3-145650609
S1-641249389	S2-164599575,S2-740204561,S2-125924610,S3-448134696,S3-107010558,S3-75156851
S1-347473713	S2-833977732,S2-801392226
S1-634196583	S2-7441232,S3-49272219,S3-135427554
S1-418457189	S2-76148907,S2-467332137,S3-676086972,S3-240848626,S3-235980652
S1-621942577	S2-69325312,S3-243502110
S1-683959314	S2-5369669,S2-452579404,S2-535574254,S3-524072366,S3-494175953,S3-464546511,S3-625426095,S3-660406843
S1-955726698	S2-65625272,S3-246861739,S3-196230265
S1-627435369	S2-407456890,S3-434791269,S3-999256363,S3-52106442
S1-965951768	S2-14288419,S2-293502622,S2-756146959,S3-623527636,S3-407790361
S1-656808432	S2-269100510,S2-393648634,S3-840953270,S3-292093322,S3-793279118
S1-899176048	S2-978087554,S2-750669287,S3-298468664
S1-227770577	S2-53369412,S3-632223125,S3-915364086,S3-871690030,S3-908159349,S3-595053067
S1-768029488	S2-484506035,S3-488260311
S1-526295363	S3-25463422,S3-590841192,S3-944183894
S1-184152359	S2-291853801,S2-583932017,S3-308821452,S3-405729224
S1-826242584	S2-750810116,S2-856502155,S3-236123800
S1-423467773	S2-741330284,S3-337564361,S3-711624616
S1-308386391	S2-990341829,S2-22301542,S2-171356936,S3-222201247,S3-204087715,S3-5822838
S1-388987298	S2-18951250,S3-208883708,S3-389297223,S3-551937335
S1-271326665	S2-23993447,S2-166192601,S3-886817822,S3-497514592,S3-850389114
S1-225995999	S2-9691356,S3-199860861
S1-269888849	S2-329924607,S2-794226193,S3-119235447
S1-972034664	S2-715504334,S3-520281768,S3-898728835
S1-377533965	S2-444930418,S3-264111423
S1-161959577	S2-424010048,S2-443193814,S3-613412413,S3-655893766
S1-564299994	S2-768543078,S2-67357273,S2-76085044,S2-497744513,S3-829622253,S3-41710458
S1-216639808	S3-443125725
S1-414688542	S3-95022614
S1-593312174	S2-968207139,S3-208235921,S3-531132999
S1-694255747	S2-619592329,S2-112713873,S3-761945269
S1-852950379	S2-705797160,S3-412190601,S3-283709087
S1-848267550	S2-203243714,S3-53475515
S1-793787351	S2-883656225,S2-255700870,S3-430681794,S3-48849053
S1-84521691	S2-44956435,S2-459055395,S3-419581722,S3-308857375,S3-410049449
S1-110238302	S2-534752165,S3-811966718,S3-889536500,S3-798465426
S1-644046734	S2-69660096,S2-724290370,S2-158237860,S3-652620961,S3-899872630,S3-125642062
S1-613608209	S2-168817096,S2-235711464,S2-697315006,S3-424398615
S1-594361849	S2-658317726,S3-366727783
S1-341669877	S2-270709812,S3-566564819,S3-503300368,S3-585939617
S1-888743173	S2-983358092,S2-795432904,S3-192780149
S1-953512889	S2-985565581,S2-904725974,S2-314598239,S3-302337389,S3-589412200
S1-132217302	S2-676425407,S2-804677631,S3-697398714,S3-750045526
S1-353668940	S2-950133245,S3-91660967,S3-386130385,S3-650561087
S1-841003876	S2-708141825,S3-813774450
S1-751688419	S2-23745702,S3-847956783
S1-831691656	S2-144205762,S3-495567429,S3-441230820
S1-735431987	S2-584305608,S2-695071126,S3-183310176
S1-563475548	S2-337996012,S2-428597502,S2-32108627,S3-584888111
S1-990165325	S2-506780404,S3-960874437,S3-624764211
S1-191092967	S2-753831897,S2-368127393,S2-314359341,S3-304975152,S3-529682935,S3-692999770,S3-858957087,S3-508090875,S3-326722731
S1-332728077	S2-266934144,S3-232698834,S3-603627876
S1-730728212	S2-761580784,S3-343520322,S3-212095870
S1-322024131	S2-451711455,S2-908992803,S3-65713417
S1-605200353	S2-350516736,S2-815151415,S2-850500661,S2-453251748,S3-657703832
S1-666793305	S2-852904561,S3-38585854
S1-114140641	S2-188482212,S3-234484730
S1-859190382	S2-420001023,S2-623063030,S2-319070888,S3-286950140,S3-205544745
S1-320815852	S2-320215869,S2-86802977,S2-193093908,S2-380831540,S3-5422129
S1-464079987	S2-407338878,S2-567705626,S3-327348810,S3-654066916
S1-335372207	S3-140374083,S3-484725482,S3-981189109
S1-243849821	S2-418003912,S3-535207849,S3-514893773,S3-397147882
S1-486057306	S2-307519120,S2-137609722,S3-629017122,S3-964414751,S3-530219243
S1-740975677	S2-459869084,S2-46569281,S3-621753922,S3-466259425
S1-834503588	S2-657835701,S2-502616737,S3-123369108,S3-39564101,S3-705377400,S3-846490893
S1-878551959	S2-808766998,S2-677076014,S3-258659012
S1-360757940	S2-678709925,S3-610358554
S1-442378189	S2-811816985,S2-549682039,S3-823108586,S3-564563225
S1-735468406	S2-127378385,S2-669468739,S2-967122793,S2-497526078,S2-869866739
S1-717654870	S2-803881625,S2-194198168,S3-248802076,S3-176594277
S1-864144713	S2-450694981,S3-28949696
S1-430277864	S2-130581325,S2-941255393,S2-678442505,S3-148284043,S3-224784193
S1-115883493	S2-88077219,S2-289136124,S2-513823857,S3-868828914
S1-425867093	S3-256133051,S3-163920993
S1-213587925	S2-253013024,S2-908429511,S3-713684534
S1-359505634	S2-358135311,S2-365865986,S3-302122218
S1-822396562	S2-984492680,S3-938927947
S1-579862723	S2-775359947
S1-907786590	S2-716465122,S2-623041396,S3-951047206
S1-198233970	S2-856251935,S3-624878637
S1-96185580	S2-187139057,S3-449023203,S3-564610309,S3-656829690,S3-963877763
S1-850365368	S2-465690998,S2-318775716,S3-184695053,S3-687238461,S3-456270472
S1-313223387	S2-8189215,S3-660137074
S1-968384679	S2-768368645,S2-825374692,S2-208819170,S3-333799345,S3-916135370
S1-388848116	S2-431270045,S2-47809469,S3-787603383
S1-605672987	S2-633448042,S3-814133095
S1-629863664	S3-681771412
S1-528310392	S2-534000748,S3-873357005,S3-400781829
S1-963200431	S2-446091631,S3-144200311
S1-676321914	S2-886490455,S3-445598947,S3-885932197,S3-317729309
S1-951554071	S2-393767492,S2-623376779,S3-688260939,S3-286674896
S1-853453180	S2-987601678,S2-851676488,S2-126701794,S3-449665191
S1-825647697	S2-806640808,S3-508268792,S3-674271259
S1-969566656	S2-747686542,S3-735911151
S1-509053381	S2-958926498
S1-693585981	S2-78934905,S2-526892251,S2-385591613,S3-158582546,S3-208602226
S1-499991984	S2-867574272,S2-913803605,S3-504441946,S3-175167332,S3-803030924
S1-944637361	S2-549920886,S2-717403236,S2-595479589,S3-845671305,S3-450331975
S1-89857824	S2-15319258,S2-400838175,S3-240953896,S3-343561725
S1-226234137	S2-721699926,S3-935497266
S1-503504333	S2-611146176,S2-93944986,S3-363918247
S1-719547261	S2-465949783
S1-226123287	S3-374254600
S1-22451788	S3-818946579,S3-373495412,S3-503459883
S1-20616833	S2-931933042,S2-95214362,S3-492883356,S3-145011499
S1-246145169	S2-163967977,S2-329909631,S2-707679767,S3-752090694,S3-863581863,S3-251804769,S3-421368816
S1-830471125	S2-24703112,S2-433205434,S2-270595009,S3-359374785,S3-782224498
S1-852867411	S3-379615003
S1-930342533	S2-112610365,S3-409501915
S1-605558148	S3-8268403
S1-610578883	S3-634214041
S1-837870403	S2-850288798,S2-344483059,S2-656533053,S2-59172739,S3-969941975
S1-872662737	S2-427543179,S2-657864829,S3-861501180
S1-348338851	S2-915586195,S2-327064413,S2-490791558,S3-702590996
S1-149357848	S2-153630492,S2-441498079,S2-135850175
S1-92415338	S2-260910114,S2-455185221,S2-381310216,S2-423829899,S3-817910947,S3-703517333
S1-965450079	S2-913409407,S2-975186017,S2-604888867,S3-935693291,S3-878891818
S1-931675473	S2-473430058,S2-262323937,S2-925149130,S3-38382299,S3-841038070,S3-321936916
S1-815798984	S2-176308762,S2-175708213,S2-110435695,S2-759457088,S3-338300174
S1-237555357	S2-394591470,S2-115030373,S2-826991342
S1-232584404	S2-781504924,S3-748366636,S3-17434421,S3-12342385
S1-736824117	S2-82704700,S3-150827321,S3-615123958
S1-723625167	S2-620431160,S3-537052916
S1-995578820	S2-27525158,S2-475808416,S3-433725290,S3-199081924
S1-171472241	S2-687645461,S2-758574006,S3-335140510,S3-572000971
S1-201950866	S2-318828686,S3-213452947
S1-706489418	S2-435454508,S2-262597374,S3-779870345,S3-735525844
S1-968519294	S2-136809772,S2-106833389,S2-880648324,S2-736831548,S3-593573960,S3-596840250
S1-320078410	S2-750091945,S3-474050571
S1-572581747	S2-469904935,S2-943606995,S3-12222060
S1-814076238	S2-434281976,S2-192027868,S2-183269607,S3-107258691,S3-203548936,S3-499469703,S3-308335394
S1-279586341	S2-980055745,S2-586543780,S3-506079602
S1-305882010	S2-763902860,S2-661565746,S2-673077052,S2-304746800
S1-969528273	S2-218965974,S2-61334016,S3-819518418,S3-97280597,S3-846037774
S1-26254304	S2-365475047,S3-816295659
S1-505035959	S2-856193754,S2-945171952,S2-678340855,S3-462124579,S3-65921284
S1-673002587	S2-83274452,S3-944316282,S3-925107582,S3-202512479,S3-282522193
S1-586244138	S2-287678712,S2-666799464,S3-418512055
S1-430745523	S2-983996632,S3-732903020,S3-135676419,S3-205181876,S3-907418780
S1-400450484	S2-668469907,S2-361107847,S2-989550294,S3-983123985
S1-358127533	S2-435992222,S3-732623132,S3-616321382
S1-774605205	S2-959085014,S3-450630519,S3-500318089
S1-414692962	S2-107669828,S2-22586040,S3-916111540,S3-304973914
S1-903932880	S2-24107984,S3-247385969
S1-919716783	S2-719587272,S2-601705711,S3-951614722
S1-999160141	S3-536882631,S3-509318373,S3-213150442,S3-19664711,S3-84662362
S1-981831543	S2-149605637,S3-121953679,S3-904907254
S1-945899311	S2-489642815,S3-420823625,S3-935040137,S3-44095851
S1-553102633	S2-121079244,S2-498929305,S2-856614644,S2-134508450,S3-303122794,S3-928201039
S1-753577247	S2-599939330,S2-335608506,S2-726916286,S3-233983254
S1-59550656	S3-306655190
S1-807743419	S2-230767048,S2-906422840,S3-467477079,S3-871118577,S3-83960496
S1-518997247	S2-51053009,S2-252410036,S3-310068486,S3-530848866,S3-801184228
S1-621850894	S2-927152962,S2-535415603,S3-402204592
S1-3864630	S2-39274511,S2-57708858,S3-72306121,S3-457614869,S3-652296545
S1-740409242	S2-18607498,S3-245217825
S1-293119747	S2-426327179,S2-875696969,S2-831287714,S3-918081850,S3-19408645,S3-675086963
S1-959927137	S2-739018279,S2-507602890,S3-983423269,S3-347435426
S1-636024815	S2-859210800,S2-158786721,S3-547499268
S1-229059760	S2-749328509,S3-907721042,S3-989821192
S1-845919042	S2-905994993,S2-718459282,S3-665216327,S3-246281573,S3-210551712
S1-705148496	S2-360682643,S2-943405428,S3-62173674
S1-147013874	S3-860157703,S3-892075685
S1-193613047	S2-260513982,S3-730743834,S3-164584175
S1-338356689	S2-315111967,S2-427982447,S2-887784144,S2-824547961
S1-735206679	S3-676172242,S3-833676766,S3-446009241,S3-862022289
S1-830379370	S2-185857174,S3-626750326
S1-782279642	S2-382736829,S3-712457072,S3-839568145,S3-82494639,S3-973473994
S1-194878745	S2-499791966,S2-328711613,S3-851154425,S3-51511490
S1-163194922	S2-936549184,S2-541858890,S3-228018857,S3-468132215,S3-105128960
S1-971485721	S3-720002703
S1-460432613	S2-248982336,S2-460668252,S2-95032191,S3-65971548,S3-607365830,S3-822552035
S1-794880213	S3-293823228,S3-465846424
S1-383191969	S2-690810819,S3-482270262,S3-400083953,S3-388216933
S1-816902615	S2-286222068,S2-818438073,S3-567959254,S3-763006520
S1-395162386	S2-723423628,S2-353298672,S3-981519729
S1-998970058	S2-773397331,S2-554970550,S3-659707214,S3-263513706,S3-369984412
S1-320701301	S2-839701324,S2-977462058,S3-388913065
S1-741454815	S2-827959114,S2-929572417,S2-735816638,S3-804636848,S3-843971185
S1-70034624	S2-885041498,S2-693419477,S2-622192856,S2-924746430,S3-393214135
S1-994757363	S2-810777417,S2-822994580,S3-137751041,S3-515461558
S1-193204771	S2-790072746,S3-247361020,S3-410930628,S3-397003543
S1-798226275	S2-893119310,S2-233795025
S1-54009216	S2-669426171,S2-572326074,S3-669363627
S1-416358972	S2-797226342,S2-628647313,S3-590320047,S3-235132760
S1-175800316	S2-442428343,S3-346026785
S1-624801205	S2-740920948,S3-438449800,S3-568693603
S1-267130419	S2-105496652,S3-360377179,S3-3916122,S3-284203439
S1-395740814	S2-569329809,S3-157415637,S3-227818342
S1-398094214	S2-826051266,S3-144423438
S1-731036636	S3-118745270,S3-737259539
S1-875381920	S3-654219245
S1-488002602	S2-413450758,S2-181026944,S3-811356524
S1-494115495	S2-933933293,S2-330106958,S2-850027013,S3-678802726,S3-285750138
S1-351486317	S2-440121202,S2-613817449,S3-502237422
S1-724976215	S2-772347188,S2-131323135,S2-899564642,S3-162806803
S1-9743362	S2-762644367,S3-659704244
S1-665934437	S2-463979699,S3-630201253
S1-180954186	S2-853972614,S3-16609495
S1-613690243	S2-671675588,S3-120809464
S1-329973494	S2-353883154,S2-209897282,S3-332184532,S3-120686366,S3-573215478
S1-163133503	S2-188317916,S3-149169143,S3-545862384
S1-841036711	S2-442291311,S2-154161675,S3-925992337,S3-313438985,S3-245133749
S1-879814632	S2-793576417,S2-393347569,S2-889638006,S2-170625297
S1-131847140	S2-199097065,S3-829199782,S3-944233947,S3-676357548,S3-66031209
S1-77655921	S2-856795900,S3-414705049
S1-814115028	S2-383818939,S3-17323751
S1-890363954	S2-990101738,S2-610391994,S2-567319024,S3-877008729
S1-890570238	S2-314001815,S2-198453552,S2-301396922,S3-541608036,S3-272628376,S3-664173294
S1-964961769	S2-21970774,S2-708850242,S2-56503316,S2-510444969,S2-998566649,S3-283794520
S1-302748265	S2-433813263,S2-162166560,S2-923360766,S2-516657889,S3-482811109,S3-997068407
S1-496179717	S2-883393332,S3-498767403
S1-689028248	S2-27324240,S2-688572281,S3-532487738
S1-109193210	S3-462323918,S3-170137147
S1-98872134	S2-73670901,S3-304774276,S3-932616078
S1-980408250	S2-137660151,S2-16879542,S3-96001773
S1-715180051	S2-863402331,S2-279974398,S2-637327365,S3-823631692,S3-922987362,S3-758140125
S1-243939764	S2-66949722,S3-242986937,S3-392952542,S3-226434713,S3-679145080
S1-484230806	S2-822036125,S2-387881647,S3-461530552
S1-299511205	S2-570244321,S2-86676884,S3-512322702,S3-836279833,S3-8079764
S1-341011097	S2-554150961,S3-205026631,S3-68894192,S3-442249094
S1-869465327	S2-363606526,S3-964221709,S3-748882611,S3-778057072,S3-249344627
S1-934442591	S2-652629891,S3-465047799,S3-180908256,S3-998198975,S3-474713647
S1-915442776	S2-633646500,S3-76706683,S3-75919506
S1-959125671	S2-707839860,S2-144996097,S2-450841561,S2-20543027,S3-688848807,S3-230088082,S3-695002757
S1-547170490	S2-566423466,S3-675016446,S3-117007655,S3-286854415
S1-205008784	S2-85970394,S2-908838727,S2-779496358,S3-22039206,S3-4846806
S1-133794236	S2-913306597,S3-606865037
S1-929746003	S2-727885321,S2-887170543
S1-392334320	S2-926587132,S2-479097496,S3-777708402,S3-465853847,S3-756429788
S1-295092136	S2-543000846,S2-299501869,S2-394985263,S3-114112399,S3-527848856
S1-6088349	S2-732689845,S3-680001089,S3-855705735
S1-250999759	S2-286774916,S2-91333580,S3-668708119
S1-176089439	S2-214682478,S3-195571622,S3-801079880
S1-559692910	S3-131095285,S3-91912769,S3-707434856
S1-116290020	S2-244819625,S3-641155604,S3-524521195,S3-473561874
S1-334602452	S2-584465702,S2-439373385,S3-621759506
S1-39943607	S2-253110293,S3-798668259
S1-208895394	S2-929307069,S2-109063481,S2-627852303,S3-33070725,S3-99527372
S1-150708334	S2-540389829,S2-542965865,S2-859898710,S3-357848428,S3-875558498,S3-848459654,S3-42065050
S1-332182314	S2-259026159,S2-212587706,S3-272175987,S3-479319272,S3-402817362
S1-233080084	S2-856997713,S2-368337231,S2-315325157,S3-799351711,S3-855984084,S3-754787582,S3-165735515
S1-189098383	S2-910045731,S3-504645144,S3-867280123
S1-721959866	S2-170107651,S2-695090643,S3-624083315,S3-79370709,S3-44665150,S3-91168843
S1-59446811	S2-532399525,S3-74720891
S1-961800547	S2-313891513,S3-454105684
S1-750845447	S2-82028812,S2-500011901,S2-912786470,S2-550117428,S2-729933721,S3-667224996,S3-648955442
S1-770415332	S2-749206228,S3-707373584,S3-235618124
S1-974661151	S2-879315240,S2-937595777,S3-892642463,S3-766139896,S3-43370978
S1-351902559	S2-372251589,S2-350390357,S3-772735924
S1-503472421	S2-801854885,S2-788686038,S3-860683404,S3-634208871,S3-765907019,S3-874802780
S1-97986018	S2-940168803,S2-235929257,S2-277954569,S3-394209211
S1-306301262	S2-696251923,S3-158875540
S1-415764112	S2-869260858,S3-789237019
S1-545762443	S2-896461582,S2-98506421,S3-395493185,S3-979560480
S1-28625480	S2-162705429,S3-627245617,S3-644501431,S3-88972633
S1-142052719	S2-690698893,S2-563878206,S2-858420446,S3-580659757,S3-292036265,S3-816432575,S3-735647640
S1-130936803	S2-776070280,S2-710738316,S3-953317024,S3-840632598,S3-259764495
S1-659167847	S2-760310001,S3-990381163
S1-377103446	S2-764048948,S2-102508136,S2-696956107,S3-869417460
S1-841867182	S2-627931490,S3-935572164
S1-219499647	S2-480743963,S2-511971555,S3-671241113,S3-837033186,S3-731282049
S1-335959155	S2-836960726,S2-709788987,S2-702257213,S2-737592370,S3-629727791,S3-164218686
S1-425037184	S3-520674790,S3-164952641
S1-626763367	S2-686429366,S2-736158542,S3-623718969
S1-817575217	S2-700551915,S2-303756866,S2-564612645,S3-226586874,S3-895439518
S1-898500229	S2-803324052,S2-281324865,S3-928939494
S1-770070808	S2-230980822,S3-925483272,S3-218547706,S3-775078593,S3-814075827,S3-920396158
S1-981034820	S2-71478003,S2-544062274
S1-33025433	S3-476179409
S1-536007291	S2-502686991,S3-191973225,S3-898366963
S1-867546552	S3-850456944,S3-130815377
S1-24942209	S2-13621765,S2-729873410,S2-306115928,S2-200843983,S3-933134604
S1-86765969	S2-105280547,S3-802633399,S3-942760563,S3-255916085
S1-771610999	S2-218977611,S3-165069610,S3-473200498
S1-943220662	S2-141197016,S3-976251746
S1-287431134	S2-33350035,S2-878106813,S3-580466370
S1-959992569	S2-683020233,S3-672715874,S3-282754850
S1-468162404	S2-239602956,S3-881921680,S3-154798280,S3-59730959
S1-920014392	S2-828606187,S3-98069095,S3-269046199
S1-975101332	S3-901912609,S3-401508160
S1-507915274	S2-195436127,S2-808712329,S2-7940400,S2-323463818,S3-135873923,S3-486927306
S1-332666751	S2-206178656,S3-717591016,S3-757473477
S1-819507883	S2-866227424,S2-152848707,S3-410395956
S1-873391913	S2-379553126,S2-691293835,S2-981363230,S2-627893801,S3-534665236,S3-737013562
S1-584543613	S2-598885685,S2-385670648,S2-512460932,S3-761525396,S3-444650897,S3-948082823,S3-708638571
S1-75170155	S2-508945110,S3-601098501,S3-282386501
S1-195431106	S2-963520258,S2-858716591,S2-217015817,S2-310718484,S3-370580858,S3-988666483
S1-450745263	S2-644884525,S2-958081262,S3-684589797
S1-706616162	S2-110014405,S2-465560364,S3-478729749,S3-981140642
S1-999579261	S2-252811473,S2-366011942,S3-408365271
S1-567192455	S2-468467175,S3-577669396,S3-566569657,S3-740877048,S3-545304166
S1-973356999	S2-249715191,S2-973853943,S3-386680303,S3-752709207
S1-630140688	S2-869736046,S3-145501466,S3-217837223,S3-801306946
S1-833020320	S3-193034319
S1-622257785	S3-876907296
S1-382446639	S2-374913480,S3-107515317,S3-237289784
S1-245466527	S2-404680713,S3-294107839,S3-811816469
S1-268702876	S2-900192652
S1-865980289	S2-469865129,S2-760889303,S3-607204033
S1-361968039	S2-195358392,S2-539698467,S2-98728760,S2-839297478,S3-800781303,S3-808378821
S1-535874948	S2-765316323,S3-171066410,S3-638528069,S3-679063099
S1-628369220	S2-274375578,S2-589498181,S3-387331525,S3-223333896
S1-501458775	S2-204587000,S2-990292856,S3-211671954
S1-157914099	S3-250885794
S1-684818286	S2-497805695,S3-188784319,S3-36179627
S1-235690454	S2-256552649,S3-821115564
S1-832687666	S3-987169139,S3-521986750
S1-236704538	S2-187894485,S2-178330318,S3-931343806,S3-517909297,S3-273665002
S1-163754551	S2-923832020,S2-189512335,S2-457020889,S3-223721549,S3-916742532
S1-476193078	S2-760138132,S3-187064035
S1-965291538	S2-511123272,S2-125232398,S3-631748639
S1-691891977	S2-646488481,S2-582393371,S3-759449921
S1-767842543	S2-296852049,S2-125543702,S2-662819452,S2-141600314,S3-891407443
S1-7917845	S2-674870704,S3-941401437,S3-663117672
S1-309722037	S2-459077213,S2-628855107,S3-649576570,S3-892883568
S1-453967559	S2-434256308,S3-594132211
S1-779968757	S2-658462660,S3-712137482,S3-77923166,S3-482737311
S1-941004461	S2-414792514,S2-765114979,S2-651194773,S3-601912374,S3-773363193
S1-402713985	S2-193051075,S2-469705583,S2-689032195,S3-302055828
S1-191113983	S2-17857837,S2-150014586,S2-513367899,S3-541354301
S1-541664475	S2-423090057,S2-200612169,S3-996137025
S1-501265090	S2-224630664,S3-826709158,S3-749058528,S3-270415022
S1-106620738	S3-491480426,S3-888636229,S3-181775928
S1-62899669	S2-813404013,S2-809349212,S3-171142443
S1-3783586	S2-266809161,S2-907510772,S2-565715419,S3-692331883,S3-847613470,S3-837382835
S1-78533335	S2-745884514,S3-514790543
S1-64920558	S2-747065869,S2-582925017,S3-150110936
S1-825076163	S2-286787733,S3-189887367,S3-436104823
S1-444584397	S2-114689758,S2-84223783,S3-882043959
S1-311052280	S2-730611986,S2-421323279,S2-743446696,S2-764674977,S3-862213917
S1-194574574	S2-853003353,S2-176225243,S2-554543793,S3-66639646
S1-692815992	S2-195609939,S3-548732505
S1-723799247	S3-639167804
S1-718335630	S2-863704756
S1-834067220	S2-388084789,S3-670203201,S3-656314436
S1-830419229	S2-886204153,S2-740656840,S3-492202814,S3-370633823
S1-17745016	S2-791971192,S3-68808614
S1-385054172	S2-346911327,S2-173623733,S2-994252808,S3-755880534
S1-665899753	S2-906044474,S2-93490997,S3-794603530,S3-686492453
S1-293705490	S2-779403509,S2-393538150,S3-64568117,S3-736815530
S1-886433609	S2-463894943,S2-38303467
S1-331261462	S2-454373860,S2-551230321,S2-401171611,S3-312707505
S1-113342644	S2-354256143,S2-649841347,S2-423171134,S2-738772797,S3-594757874,S3-180853086,S3-515768906
S1-947501504	S2-460743841,S3-755466128
S1-46591264	S2-82078462,S3-565681028
S1-467083919	S2-385761567,S2-546344693,S3-108398280,S3-3481432
S1-952148075	S2-729069952,S2-455621986,S2-459996606,S2-175851759,S3-887888040
S1-122541962	S2-685735342,S2-931290594,S2-366704889,S3-312931941,S3-769154224
S1-291444127	S3-383004608,S3-337346102
S1-661270235	S2-138584383,S3-599609182,S3-593267192
S1-972145746	S2-592646131,S2-39571264,S3-677097208,S3-742408589
S1-243437251	S2-806697532,S3-913892994,S3-315797456,S3-493915884,S3-575236437
S1-778378056	S2-818597536,S2-932998767,S3-522487955
S1-110577816	S2-998217181,S2-54465901,S2-253010450,S3-830097481,S3-736206550
S1-224629150	S2-11097962,S3-74455926
S1-687707307	S2-632395983,S3-119965283
S1-674583422	S2-480387486,S2-399936722,S2-533905067
S1-785564558	S2-415202367,S2-685373125,S2-355054404,S2-848408806,S3-441650615,S3-87658377
S1-548731252	S2-384757638
S1-209861599	S2-496038726,S2-120985523,S3-939448086
S1-841455307	S2-72776498,S2-446576850,S2-750818263,S2-213725000,S3-254930250
S1-658049907	S2-226892617,S2-642169254,S2-768988178,S3-481731354,S3-158309773
S1-302711343	S2-852152058,S2-949562160,S3-186301208,S3-795705791,S3-565746698,S3-291494018,S3-419870476
S1-468768224	S2-279074809,S2-459177801,S2-95395399,S2-596159614,S2-870264198,S3-204016868
S1-439665278	S2-817592845,S2-453504262,S3-92619906,S3-234247336
S1-125644357	S2-685651941
S1-561885196	S2-123422346,S3-234382034,S3-641880771
S1-819864054	S2-519899417,S3-151332791
S1-127113783	S2-489938241,S3-949071994,S3-434127641
S1-196201554	S2-207597261,S2-258030515,S2-761768476,S3-42353982,S3-1798358
S1-538726183	S2-336774099,S2-931881971,S3-263938563,S3-872226438
S1-8497897	S2-227445584,S2-561448798,S2-815656899,S3-908750611,S3-883846775,S3-761102206,S3-963431030
S1-113542579	S3-400394919
S1-546999927	S2-124127179,S2-705555130,S3-232754767,S3-750115558
S1-435661578	S2-293174043,S2-475069405,S3-961080509
S1-983038975	S2-117038979,S2-228889576,S2-251672219,S3-702622127,S3-315388827
S1-522460022	S2-563600914,S2-969447561,S2-73888832,S3-382326358
S1-138791421	S2-860705240,S3-654372457,S3-982493261
S1-385029447	S2-328581541,S2-155813066,S3-496423102,S3-825740568
S1-269587178	S3-11873432,S3-399569934
S1-824444150	S2-252182761,S2-50236032,S3-587634600
S1-869893618	S2-772044247,S2-611248887,S2-379617368,S3-25101808
S1-183783736	S2-536067678,S2-252380991,S2-878375972,S3-500399037,S3-797205560
S1-690794697	S2-87066030,S2-699139369,S2-361766785,S2-281968598,S3-984035592
S1-389185192	S2-500774080,S2-821011867,S2-492609203,S3-575572545
S1-513507114	S2-169517942,S2-380860521,S3-87517400
S1-204194492	S2-276872939,S3-390867569,S3-129008245
S1-441736545	S2-570497683,S3-824229129,S3-600441188,S3-27128440,S3-714661920
S1-711752563	S2-467945545,S2-956045138,S2-473170516,S3-347046725,S3-15239441
S1-635690802	S2-400976979,S2-133068532,S3-471496056,S3-70454114,S3-748735404
S1-949965401	S2-383128173,S3-421759141,S3-891987025
S1-423759037	S2-451952735,S3-543784737,S3-27851544
S1-568551826	S2-479655318,S2-518628977
S1-565099599	S2-598504107,S2-785572217,S2-267515370,S3-523867864,S3-911497143
S1-716344075	S2-204884288,S2-478835244,S2-28701385,S2-44786381,S3-608301263,S3-269875839
S1-57199932	S2-144575277,S3-727902664,S3-893320551,S3-341788830
S1-851758241	S2-929037943,S3-39411604
S1-862879715	S2-906224724,S3-98935411,S3-141999447
S1-515803596	S2-298761509,S3-550958842
S1-311868951	S2-915923765,S2-843189426,S3-833934,S3-960329547
S1-935309896	S2-532978668,S3-17876868
S1-591255346	S2-377565966,S2-451736649,S3-528867384,S3-613877411,S3-408350105
S1-143799102	S2-429045124,S3-253949857,S3-546058190,S3-553713423
S1-480448529	S2-321156420,S2-598903140,S3-826603301
S1-710362808	S2-328849923,S2-778165625,S3-661377081,S3-746976588,S3-594458455
S1-377116020	S2-861180999,S3-792442161,S3-460019572
S1-915194099	S2-299528765,S3-810543570
S1-920407755	S2-70396375,S3-85275246,S3-82624983,S3-561726491,S3-431474707
S1-357274936	S2-6660308,S3-678423387
S1-884839096	S2-380774700,S2-275828360,S3-451095570
S1-34297167	S3-181546734,S3-493919617,S3-987982399,S3-459622193
S1-518914988	S2-494659187,S3-259627345
S1-69841153	S2-425318612,S2-436549116,S3-34271656,S3-843936280
S1-151497206	S2-370271126,S3-952807533,S3-30050104
S1-691878353	S2-219883916,S2-213804881,S2-299665456,S3-496761993,S3-280950630,S3-678229356,S3-412522410
S1-886206620	S2-691463824,S3-117563973,S3-869644618
S1-855391417	S2-227948960,S3-176568138,S3-921576750
S1-52335180	S2-627051200,S2-884180587,S3-886644050,S3-21962612,S3-244960420,S3-259266568
S1-914665522	S2-908939845,S3-336776850,S3-520033576
S1-909338279	S3-823543092,S3-143307562
S1-39449979	S2-33169290,S2-882635014,S2-181352888,S3-549909844
S1-949306216	S2-248334555,S3-138209462,S3-698839717,S3-947287520
S1-917403263	S2-867630352,S2-796446217,S3-406612494,S3-119239550
S1-344875598	S2-987355135,S2-43786657,S3-437643565,S3-292655923
S1-915137864	S2-604185378,S2-369837126,S2-196747341,S3-591423180
S1-33649180	S2-705266450,S2-367157443,S3-668600493,S3-413864414
S1-185659862	S2-125375040,S3-340123563
S1-51821601	S2-705145435,S3-733431209
S1-51525701	S2-476724509,S2-956470861,S3-282221488
S1-527932965	S2-791300003,S3-464151732,S3-637193001,S3-43473691
S1-346768724	S2-207366875
S1-494769283	S3-780528572,S3-443085329
S1-437755681	S2-8108619,S3-635054375
S1-951402317	S2-529666949,S2-548289747,S2-160123956,S3-403805653,S3-389601171,S3-478858779
S1-655234176	S2-322612147,S3-262100579
S1-308386690	S2-364538439,S2-554210635,S2-874747734,S3-23709160
S1-30244831	S3-436929967
S1-597608326	S2-328225771
S1-327106794	S2-77733177,S2-463696523,S2-861945469,S3-97475288
S1-339725840	S2-405197432,S3-503340633,S3-962326801
S1-218112378	S2-731424019,S2-285263626,S3-926201245,S3-957695882
S1-849611434	S2-479747179,S3-220651509,S3-772484614
S1-438317525	S2-428767644,S2-544467341,S3-617896989,S3-769084796
S1-760916400	S2-12400298,S3-443000948
S1-61894458	S2-987117524,S2-74174736,S2-114017771,S3-909910493
S1-408650056	S2-200078275,S2-144433455,S3-407080437,S3-639890714,S3-549314558
S1-470220768	S2-538955063,S2-177129324,S3-406307550,S3-708994253
S1-720472076	S2-831342323,S2-314602078,S3-563562460
S1-773986930	S2-940799083,S2-731632547,S2-998688278,S2-166740883,S2-671147307,S3-640263741,S3-551113114,S3-13103836
S1-28272546	S2-873867386,S2-81900085,S2-477462917,S2-142149015,S3-564663563,S3-943220410,S3-22050019,S3-670608826
S1-957924205	S2-963435343,S2-57876075,S2-903660079,S2-307845329,S3-516023774,S3-837265076
S1-62892601	S2-190330401,S2-908832526,S3-549180338,S3-779595508
S1-369233454	S2-841039240
S1-962005917	S2-189079383,S2-964642815
S1-554763962	S2-168122121,S2-369874281,S3-957726551
S1-246251536	S2-169199502,S2-124304676,S2-777539668,S2-907788537,S3-972096772
S1-588908253	S2-658530697,S2-196238479,S2-815536891,S3-803037763
S1-585474046	S2-132182039,S2-459605142,S3-95141169
S1-631852233	S2-162068312,S3-24189103,S3-878879672
S1-312386256	S2-57161535,S3-808027899,S3-246563130
S1-924663561	S2-74932768,S2-986539797,S2-17318506,S3-169561838,S3-111298997,S3-176050337,S3-260870209
S1-927224410	S2-722222824,S2-849405550,S3-913867473
S1-957290710	S2-26123852,S2-948987075,S2-473452923,S2-913701647,S2-185963419,S3-894914636,S3-67514592
S1-236962544	S3-995181661,S3-260163402
S1-396677117	S2-884211850,S2-16486945,S3-289581326
S1-146984543	S2-75792227,S2-490350754,S3-672538310
S1-629569464	S2-593592747,S2-15875323,S3-734237381
S1-486220055	S2-601652881,S2-292899676,S3-960224985,S3-228087899,S3-79217326
S1-304916303	S3-106983254,S3-204245861
S1-980995965	S2-994799264,S2-338725705,S3-52798580,S3-145675101
S1-325608190	S2-476003727,S2-793326725,S3-646971696,S3-566369992
S1-503118241	S2-744086161,S2-750046864,S3-170330211,S3-644605712
S1-426600831	S2-88429946,S3-299570626,S3-253043371,S3-372879426,S3-937746905
S1-95729172	S2-775574762,S2-448654139,S2-684272036,S2-870354676,S3-51996788
S1-263061634	S2-5293648,S2-45726476,S3-44946857
S1-548978578	S2-155920621,S2-187405914,S2-758093631,S3-363791363,S3-234019418
S1-145948786	S2-821518093,S3-115718204,S3-274766606,S3-292477825
S1-164241044	S2-371660359,S2-915796689,S2-869106404,S2-696256366,S2-543869570,S3-890982217
S1-431277534	S2-271891685,S3-861656352
S1-910968629	S2-251928509,S2-929755318,S2-798399737,S2-99862774,S3-563340458,S3-329314216,S3-649815791
S1-726222789	S2-188186910,S3-178285620
S1-380917944	S2-608008814,S3-57766291
S1-156922683	S2-773559173,S3-538450816,S3-663432245,S3-451676848,S3-82076650
S1-609045736	S2-544096572,S2-871715948,S2-850774534,S3-500325746,S3-418018019
S1-586108687	S2-696242610,S3-578078122,S3-859432941,S3-410853806
S1-600657586	S2-991631887,S3-381898513
S1-50429491	S3-833822490,S3-552115044,S3-58649630
S1-150278394	S2-934953757,S2-263073698,S3-803019195,S3-244492647
S1-667807494	S2-68978222,S3-674968488
S1-990336183	S2-863588114,S2-202660555,S3-447935653,S3-483939016
S1-329621127	S2-45909613,S2-711624660,S3-832010476,S3-726397508
S1-56772570	S2-766479773,S2-442429085,S2-478976587,S3-424075537,S3-637182211
S1-230589629	S2-310752691,S2-846273059,S3-636184105
S1-252854662	S2-219800623,S2-794843950,S3-488265427,S3-743688149,S3-807794649
S1-899342904	S2-277602143,S3-265985243,S3-344165671,S3-634467038
S1-908470597	S2-731494265,S2-536233943,S2-158721813,S2-248089299,S3-654429007,S3-27251400
S1-965213797	S2-780398547,S2-869727321,S3-907367128,S3-240050390,S3-508327009,S3-430165127,S3-836609196
S1-340498769	S2-176300627,S3-845707955,S3-874293819,S3-940939480,S3-880964335
S1-742703310	S2-529041209,S2-719286831,S2-400345023,S3-782789375
S1-209471003	S2-273232160,S2-828891663,S2-607497538,S3-799717923,S3-20007166,S3-13405547
S1-517496298	S2-429871367,S3-223720859,S3-732984874,S3-821071197,S3-806914207
S1-173773837	S2-760931305,S2-536447090,S3-902171379
S1-202359068	S2-734363637,S2-530742677,S2-811272031,S3-14555087,S3-807017086
S1-579842493	S2-580755798,S3-338193585,S3-7044759
S1-235263151	S2-170464239,S2-612634384,S2-176308917,S3-478019726
S1-890169306	S2-253927375,S3-346043870,S3-794721183,S3-510335601
S1-370184554	S2-696207627,S3-928551161
S1-370396548	S2-506985896,S2-389199587,S2-607258495,S3-213088965,S3-750397037
S1-409341584	S2-2994751,S2-26491510,S3-263420960,S3-42749062,S3-4830122
S1-293950712	S2-865394859,S2-939343438,S2-166119454,S2-973499362,S2-759888275,S3-753616463
S1-882724191	S2-304216101,S3-890670585,S3-896582625
S1-158304240	S2-851403159,S2-834082297,S2-569674209,S3-494587783
S1-501171623	S2-442637781,S2-385193620,S2-788426494,S3-402398526,S3-977904986
S1-227685903	S2-514991449,S2-689285647
S1-623682599	S2-427602499,S2-50419130,S2-947902917,S2-111430016,S3-525770083
S1-986316849	S2-463610208,S2-214259444,S3-482101270,S3-907256776
S1-871376134	S2-333062516,S2-536751056,S3-269920418
S1-346655988	S2-145227074,S3-223310687
S1-52035032	S2-427594772,S3-327967134
S1-771638434	S2-64051775,S3-415067978,S3-48365601,S3-761743655
S1-867003021	S2-887085471,S3-653094658
S1-821956580	S2-156436215,S2-281884964,S3-115246432,S3-702230171,S3-45424946,S3-495217628
S1-392045580	S2-426743767,S2-864986687,S2-752093770,S3-962781962,S3-478058926,S3-596604015,S3-179039874
S1-317179514	S2-521657376,S2-771647184,S2-703819804,S3-4385769,S3-363278575
S1-268388202	S2-384748419,S2-636962034,S3-765023629
S1-836733828	S3-682219411
S1-495092282	S2-60057601,S2-219582260,S2-249148534,S3-675537410
S1-693167581	S2-154038026,S2-777450339,S2-860985020,S2-553516729,S3-237253076,S3-227083292
S1-572530005	S2-917852467,S3-999831917,S3-265347792
S1-580574225	S2-919052175,S2-477590485,S3-340113084,S3-156319285
S1-707631356	S2-710673573,S3-280842895,S3-95576853,S3-392422727,S3-157296725,S3-552138581
S1-639964892	S2-796990317,S2-630202441,S3-571388277
S1-51534645	S2-295091836,S2-573115293,S3-96784045,S3-877650996,S3-744262276
S1-145128917	S2-845682362,S3-482483029
S1-829435208	S2-804638972,S2-653696891,S2-277772746
S1-412887214	S2-773235282,S3-136541319,S3-844280402
S1-364453691	S2-623263786,S2-333538330,S2-84950594,S2-613755848,S3-135237588,S3-914348879,S3-381252400,S3-337524218
S1-74050936	S2-717938616,S3-270162554,S3-269112769
S1-314305757	S2-226451995,S3-112531625
S1-653774885	S2-321719633,S2-383521496,S2-543190111,S3-405274219,S3-856663964,S3-963267049,S3-14614328
S1-837134709	S2-547745647,S2-896948350,S2-162872140
S1-846935876	S2-245558586,S2-705227347,S3-548322181
S1-57888601	S2-96161484,S3-308617774
S1-970130517	S2-602084524,S3-157766680,S3-231813030
S1-985901912	S2-639421762,S3-267026312
S1-943733729	S2-261825920,S3-680951722,S3-861572621
S1-291468916	S2-487248605,S2-594670651,S3-292372240,S3-931308073
S1-165493922	S2-163985964,S2-308216824
S1-287253806	S2-975679102,S2-163697184,S2-402267588,S3-806277102,S3-141430638,S3-515458252
S1-870118814	S2-188157401,S2-606095717,S3-534530723,S3-787388119,S3-831851705
S1-916564557	S2-150985016,S2-479870181,S2-875686323,S3-295697266,S3-82588696
S1-321645157	S2-983700747,S2-694355175,S2-930866696,S3-28854647
S1-525997573	S3-401511281,S3-983792112
S1-724746702	S2-714601134,S2-500687782,S3-590956656,S3-35714380
S1-966593075	S2-805860970,S2-192207406,S3-702803806,S3-349881466
S1-755416162	S3-862791286,S3-344992197
S1-124565563	S2-339009037,S2-702925344,S2-900167918,S3-301185963
S1-324192166	S2-726181712,S3-721031424,S3-911984265
S1-451567489	S2-512795412,S2-527647895,S2-173209794,S2-954294888,S3-868023846,S3-515017220
S1-519754831	S2-562355449,S2-579692320,S2-585434433,S2-992751343,S3-189489108,S3-959465391,S3-369923494
S1-821127180	S2-227081490,S3-417864111,S3-672899746
S1-164355908	S2-871886219,S2-601416178,S3-744533709,S3-615597456,S3-425568403
S1-336038581	S2-967080014,S3-856307898
S1-638430300	S2-816185757,S2-800442198,S3-973508484
S1-841093756	S2-505108990,S2-262003878,S3-312111836,S3-776236677
S1-996004583	S2-358643951,S3-40552242,S3-593014386
S1-468741777	S2-434079167,S3-849048574,S3-65556413
S1-893720053	S3-225889404,S3-946483954
S1-969655817	S2-597753939,S2-298047815,S3-827958178
S1-751001047	S3-786293659,S3-387796718,S3-437097420
S1-404976322	S2-679754610,S2-836698197,S3-441894425,S3-805241591,S3-628308433
S1-795867484	S2-136685418,S2-411091887,S3-434430924,S3-437541386,S3-786088019,S3-513032834
S1-206818423	S2-200444984,S2-22057452,S2-547987641,S3-878567634,S3-962166929,S3-156475578
S1-716284872	S2-415141966,S3-336034797,S3-250535494
S1-121435619	S2-688060957
S1-6171355	S2-940074380,S3-334346318
S1-258202640	S2-22701393,S2-960376305,S2-638730897,S3-631691641
S1-999606986	S2-328352361,S2-223596722,S3-839107769,S3-893383067
S1-202481088	S2-188965366,S2-465350407,S3-55481671
S1-384286212	S2-139079386,S2-396853192,S2-392643304,S3-365770419,S3-577952415
S1-577075120	S2-593527196,S2-351280817,S3-211643186,S3-768836363
S1-876788531	S2-949627367,S3-867542637
S1-845069926	S2-115517223,S2-762320153
S1-375501222	S2-387706473,S2-126465991,S3-606013672,S3-907009971,S3-537149944
S1-799515145	S2-799793292,S3-550073116,S3-595348880,S3-8063482
S1-17422944	S2-774928145,S2-277890669,S3-220937606
S1-943034982	S2-916282289,S2-278328744,S2-894622123,S3-9944171
S1-714770689	S2-87135482,S3-477559341
S1-826661984	S2-88960301,S2-569142541,S3-357619345,S3-47197697,S3-251594435,S3-163424651,S3-228326467
S1-265687103	S2-301102563,S2-506038448,S3-673131965
S1-459100520	S2-531892027,S2-414380325,S2-138070688,S2-501851327,S3-499529214,S3-293031733,S3-170920276
S1-556093417	S2-707456275,S3-311745767
S1-456899527	S3-818965770,S3-967604097,S3-926152968,S3-136041956
S1-597390483	S2-897127583,S2-859108960,S3-210347805,S3-28269372,S3-766556619
S1-688710934	S2-581998631,S2-208131372,S2-907507607,S2-850828424,S3-50873385,S3-324167869
S1-913201741	S2-816488478,S3-518794222
S1-91007715	S2-796424596,S2-750879180,S2-936178299
S1-250458290	S3-119275179,S3-668376417,S3-108327189
S1-513380057	S2-145889670,S2-654531012,S3-286675388,S3-152832240,S3-889984501
S1-626847880	S2-973797559,S2-720290456,S3-842279075,S3-442466164,S3-708676294
S1-813603860	S2-366479996,S3-85580948,S3-154160517,S3-825492137
S1-287910609	S2-216840651,S3-823432178,S3-229975357
S1-992725380	S2-289706352,S2-770520041,S3-322960212,S3-65272754,S3-675865120
S1-541934258	S2-547353683,S2-194360360,S3-325717812,S3-919172766
S1-89108188	S2-768269439,S2-238487708,S3-384976600,S3-556557109
S1-916382724	S2-647084294,S2-45929472,S2-896814099,S3-728128591,S3-31049345
S1-233099404	S2-928812102,S3-966559697
S1-467416561	S2-625447675,S3-645096956,S3-835852375
S1-414158273	S2-64742561,S2-915637700,S2-718869531,S2-928373340,S3-388642026,S3-240638541
S1-36975171	S2-453858965,S2-184754903,S3-179915578
S1-15329846	S2-768968831,S3-125346066,S3-16511092,S3-9190552
S1-611632720	S2-641670933,S3-518390894,S3-347093100,S3-822421945,S3-185411400
S1-943014078	S2-794857806,S2-154279533,S2-45593670,S3-440067402
S1-665831461	S2-77085454,S3-301748206
S1-247937411	S2-99070200,S2-368342127,S2-420766091,S2-780121478,S3-397271964
S1-954379763	S2-392858563,S2-630262953,S3-239715730,S3-524851882,S3-385859113
S1-866103168	S2-96441421,S2-253461775,S2-66201353,S2-451467659,S3-674681380
S1-230331027	S2-633867198,S3-680383529
S1-120404783	S2-264547706,S2-872351903,S2-370705551,S2-397815571,S3-972742311,S3-447453597
S1-923917675	S2-555018994,S2-424656302,S3-97278461
S1-368951336	S2-455368222,S3-527699676,S3-661007099
S1-513446470	S3-420184430,S3-163512753,S3-394762928
S1-260948209	S2-509159041,S2-484354099,S2-915874144
S1-360885811	S2-338539578,S2-253243834
S1-241670741	S2-174130943,S2-540938359,S2-575837868
S1-580932717	S2-891103667,S3-463406212,S3-467107456,S3-911342878
S1-374805927	S2-832551239,S2-955414092,S3-304718753,S3-881138942,S3-296683719
S1-743181336	S2-748837818,S2-438676935,S2-813644040
S1-807365493	S2-601693645,S2-115093041
S1-473962059	S2-130576740,S2-249473913,S2-664611690,S2-892134792,S3-340651726,S3-468261889,S3-48868028
S1-496588633	S2-994242969,S3-677842448
S1-421146668	S2-236783581,S2-237468840,S3-549908887,S3-612166186,S3-484736122
S1-91848138	S2-422983034
S1-753418510	S2-762407749,S2-806458542,S3-518623956,S3-226928049
S1-169775838	S2-116442144,S2-193270603,S3-948920175,S3-185442625
S1-360631792	S2-985653957,S2-973390611,S3-879888133
S1-852218772	S2-508524861,S3-483941732,S3-913783121,S3-496178376
S1-372063661	S2-17573302,S2-92889263,S3-284308691
S1-142512828	S2-182179142,S2-894445392,S2-553571004
S1-353378213	S2-172287637,S2-879461523,S2-813192791,S3-175052507,S3-837407553,S3-53179951
S1-368666742	S2-913720208,S3-742018014,S3-542021957
S1-137015278	S2-704715680,S3-600991586,S3-823257938
S1-319632815	S2-721372557,S2-408910376,S2-11169256,S3-492461691
S1-131667719	S2-685277363,S2-835168907,S2-225232343,S2-849198555,S3-579811141,S3-126024866
S1-899374641	S2-316351115,S3-208817491
S1-450364011	S2-408145636,S2-40657278,S2-847369332,S2-480222118,S3-922316304,S3-106630102,S3-308125022
S1-507320424	S2-635379637,S3-9301181,S3-104661957,S3-772990719,S3-617509455
S1-451982270	S2-603102865,S2-911010116,S2-976286875,S3-950015917
S1-985662050	S2-112532061,S3-187837247,S3-488755167
S1-419009468	S2-616496167,S3-534926499,S3-891452471,S3-320365212
S1-578909480	S2-943883772,S2-520627478,S3-205947033,S3-543705132
S1-58617099	S2-703856535,S2-699744237,S2-225281473,S3-987466043,S3-245869802
S1-534229336	S3-988712623,S3-719544307,S3-992059780
S1-512772920	S2-988253211,S2-862853602,S3-821106595
S1-317010806	S2-563544935,S2-997083834,S3-723885716
S1-132360152	S2-468537709,S3-85390064,S3-385961124
S1-528530104	S2-138655881,S2-997268915,S2-853246877,S3-441669189,S3-633869811,S3-759767916
S1-775078114	S2-638660747,S2-286701635,S2-650560035,S3-894587442,S3-395417940
S1-713879740	S2-106759443,S3-901231162,S3-506976017
S1-105419420	S2-572210105,S3-824408056,S3-544666858
S1-331632699	S2-806818702
S1-883092094	S2-589066831,S3-910525591
S1-339663754	S2-637786782,S2-515727016,S3-928461803
S1-599266857	S2-28987006,S2-350389008,S2-361070841,S3-997062266
S1-356878111	S2-479771716,S2-530261217,S2-886901073,S3-427985522,S3-373921576
S1-438908149	S2-43520760,S2-53511609,S3-292265836,S3-24667079
S1-416768526	S2-221624179,S2-148780729,S3-510168278,S3-372377217,S3-233560610
S1-401450115	S2-275405357,S2-779434073,S3-341622439
S1-55247270	S2-982418339,S2-266736114,S3-222461642
S1-365741874	S2-855240091,S2-572582898,S3-245281712,S3-97110959
S1-325042408	S3-927975179,S3-837868922
S1-729476625	S2-414620359,S3-730410806,S3-622957576,S3-705396452,S3-308518984
S1-377859743	S2-702477809,S2-821482461,S2-843851711,S2-762498778,S3-845622634,S3-91598110,S3-230544798,S3-59696067
S1-966579072	S2-854531141,S2-277486236,S3-112236361,S3-538005514
S1-939625468	S2-836218228,S2-894747895,S3-953594976,S3-541346454
S1-646634429	S2-991948290,S2-710628015,S3-659520837
S1-521794633	S2-63301236,S3-44618285,S3-898474506
S1-151276462	S2-784534020,S2-544602365,S3-537474015
S1-605691929	S3-581824543,S3-939983446
S1-147460110	S2-87640758,S2-431604266,S3-333721175,S3-438028216,S3-761231460
S1-916386455	S2-519799786,S2-765187494,S2-103443032,S3-954298841
S1-806683443	S2-650853417,S2-740176378,S3-439090576
S1-539095175	S2-920880340,S3-317043353,S3-267686172,S3-477391226
S1-991230787	S2-729500571,S2-159190846,S2-271573333,S3-873301716
S1-843263735	S2-643939654,S3-784552364
S1-414578016	S2-733480610,S3-875131
S1-135462599	S2-73237872,S2-632626289,S2-218385386,S3-619052735,S3-205564551
S1-78033402	S2-123704411
S1-646475289	S2-874005760,S2-636460822,S2-316928837,S2-43519763,S3-641599279
S1-496959788	S3-721365083,S3-735680243
S1-95024677	S2-585080637,S3-594117502
S1-557922887	S2-877648157,S3-982169115,S3-59895782
S1-14717712	S2-588135438,S2-180375798,S3-967055187,S3-205445563
S1-388294050	S2-591248023,S3-86434671,S3-494614784,S3-157232210
S1-715785751	S2-633045820,S2-221149022,S3-225541759
S1-35964220	S2-242271500,S3-254084719
S1-522984029	S2-152580277,S3-634324046
S1-607689713	S3-564468518
S1-904839670	S2-212427590,S2-199340469
S1-439395341	S2-747285443,S2-551650413,S2-577831762,S3-57037511
S1-565919526	S2-698569996,S2-872176806,S3-241449076
S1-755051718	S2-866084367,S2-967170794,S2-31287591,S3-85287295
S1-185254199	S2-606231700,S3-366294990,S3-30374786,S3-610095801
S1-222849438	S2-967640613,S3-215144977
S1-843012414	S2-330560641,S3-609069709
S1-392659506	S2-282760807,S2-859504764,S3-61343370
S1-231571044	S2-35694844,S3-808414778,S3-785819852,S3-435589022
S1-714698097	S2-346781973,S2-961051956,S3-940707172
S1-649866640	S2-886335170,S3-879556832,S3-409657160,S3-636859375,S3-516678377
S1-41287733	S2-868444077,S2-692329094,S2-859513044,S3-90839698,S3-551547003
S1-296900781	S2-650462947,S2-364308129,S3-639196987
S1-209591925	S3-634265107
S1-642879318	S2-884203506,S3-22626559,S3-276193070,S3-111301833,S3-808609705
S1-302460296	S2-399818360,S2-894849023,S2-977194833,S3-697521846,S3-296517313
S1-849220994	S2-290363976,S2-791282703,S2-488649073,S3-55553412,S3-219515884
S1-80184639	S2-166619299,S2-263977905,S2-850404803,S3-617055781,S3-489272348
S1-836988210	S2-921533485,S2-430342069,S3-124680309,S3-689369021,S3-307948906
S1-688696572	S3-101080669,S3-963666366,S3-951237037
S1-716230644	S2-336991882,S2-664720145,S2-426489795,S3-548089261,S3-821532669,S3-961183435
S1-880518375	S2-481603167,S3-792015749,S3-571274358,S3-982443039
S1-555053669	S2-294384068,S2-949370941,S3-783945299,S3-355358179
S1-805151512	S2-877265390,S2-451017590,S3-638975907,S3-518159900,S3-917818766
S1-636341077	S2-315189884,S2-880883872,S3-446970468,S3-422040979,S3-882471098
S1-564992521	S2-820578108,S2-666000418,S3-541484245
S1-951257992	S2-946198963,S2-26856749,S3-753678240,S3-446341275
S1-609873285	S3-74594661,S3-594593685,S3-174429551
S1-967410601	S2-449201882,S3-535788439,S3-753127764,S3-325364683
S1-944955087	S2-420660071,S3-685649483
S1-350594985	S3-872388626,S3-559188600,S3-98911377,S3-875409796
S1-701279841	S2-410456043,S2-936739774,S3-793659775,S3-273038907
S1-370296546	S3-817222051
S1-650434038	S2-398347104,S2-803406599,S3-812972972
S1-350858763	S2-367833727,S2-826169647,S2-588084878,S3-87643391
S1-776262326	S2-187607784,S3-979383160,S3-631489008
S1-850553330	S2-776733792,S3-958169139,S3-429855113
S1-539346489	S2-506191233,S3-988886271,S3-781696190,S3-697583906
S1-937204487	S2-455584627,S2-566238967,S3-855097044,S3-913391266
S1-326794764	S2-659220721,S3-155268729
S1-379148195	S2-164877779,S2-936757565,S3-128209889
S1-856661167	S2-426864532,S2-191981525,S3-175933224,S3-443066717
S1-838397382	S2-869384411,S2-735903295,S2-924169966,S3-174410220,S3-118162095
S1-795210501	S2-530711922,S2-14170206,S3-753757192,S3-915587579,S3-738971599,S3-52080625
S1-675836586	S2-823588409,S2-667253900
S1-134861413	S2-305237475,S2-970716306,S2-619513715,S3-145768788,S3-866778770
S1-234266477	S2-118885430,S2-224930056,S3-395318356
S1-398505532	S2-619105416,S2-341949587,S2-365983084,S3-699750940
S1-130519628	S2-72647281,S2-623472032,S2-799754416,S3-226987766,S3-971645053
S1-3992107	S2-776161586,S3-134731460,S3-968220839,S3-144203715
S1-547376905	S2-513368333,S2-390985809,S3-295281048,S3-729002949,S3-716049525
S1-297895099	S2-765670805,S2-96468714,S3-495454056,S3-552918511,S3-933276484
S1-380088953	S3-656632921,S3-439855888
S1-605322883	S2-516423834,S3-533773299
S1-824981822	S2-809543932,S2-467088723,S3-555469296,S3-158501859,S3-554253825
S1-747952270	S2-613359341,S2-431522961,S3-518525696,S3-25213152
S1-571383066	S2-727676941,S3-704403446
S1-599334705	S2-518572419,S3-944135188,S3-260355340
S1-773784129	S2-265327226,S3-314546403,S3-8069577
S1-85227003	S2-185412258,S2-939471538,S3-6036957,S3-194722839,S3-970296756
S1-252597977	S2-140842625,S2-583745988,S3-171216816,S3-22433958,S3-773665258
S1-291445996	S2-375187473,S3-112885849,S3-66890996,S3-634778714,S3-705174310
S1-478180969	S2-285385322,S2-64260148,S2-845663628
S1-114992899	S2-805049627,S3-378352264
S1-25600902	S2-552734216,S3-737788425,S3-49193459
S1-849532514	S2-613050319,S3-656612147
S1-957523363	S2-976926991,S3-941472116,S3-9691454
S1-705673674	S2-910924618,S3-484645183,S3-150291221,S3-849218970
S1-306784088	S3-855473786
S1-723070694	S2-309880230,S2-904567224,S3-36531940,S3-341625638
S1-443309674	S2-290936779,S2-892200218,S2-64175921,S3-294499720,S3-433150238,S3-761224290
S1-437494533	S2-764426677,S2-366920012
S1-655772912	S2-908665172,S2-414287307,S2-573009124,S3-463216833,S3-688999675,S3-483837363,S3-492931452
S1-282169649	S2-509193076,S2-66623512,S2-769952453,S2-394623412,S3-165217655
S1-408058048	S2-218160271,S3-632372616,S3-191025828,S3-122108951,S3-361476840
S1-781735049	S2-392251887,S2-694617209,S2-203596963,S3-645529951
S1-819474987	S2-911896124,S3-499955943,S3-919196764,S3-546286154
S1-425793335	S2-591187401,S3-661553441
S1-741987211	S2-584080491,S2-258547310,S2-476400503,S3-551774825
S1-429763911	S2-472321387,S2-262586572,S3-400615095,S3-203337670,S3-646910311
S1-31802498	S2-654223315,S2-753244753,S3-845543180
S1-733249010	S2-975522188,S2-276072358,S3-651373960,S3-588406437
S1-238517409	S2-74103291,S2-225867887,S2-121758744,S2-3269417,S3-727251267
S1-844500800	S2-814516698,S3-365092261,S3-16098819
S1-385710048	S2-835973720,S3-220789248,S3-620024395,S3-700789437
S1-952253811	S2-920478561,S3-637949985,S3-155116008,S3-965315852
S1-477408221	S2-564451645,S2-618621195,S2-904999288,S3-636012432,S3-563648353
S1-448935777	S2-285738926,S3-42865747,S3-129830973,S3-925002096,S3-94496006
S1-31726274	S2-987398975,S3-160187582,S3-15139859,S3-590591386,S3-870889349
S1-564422405	S2-592761962,S2-431449810,S2-940224534,S3-83253299,S3-432392910,S3-764813813
S1-504846317	S3-574873969,S3-739799499,S3-899150013,S3-47344489,S3-699917666
S1-477188050	S2-134251860,S3-366668562,S3-171910053,S3-193078264,S3-952590610
S1-19776255	S2-264765591,S3-488537393
S1-831367798	S2-362413682,S2-688041774,S3-56314794
S1-847478583	S2-472818231,S2-656508062,S3-486340470,S3-810157272,S3-480237412,S3-379071066
S1-862315580	S2-716333937,S2-960036086,S2-385613322,S3-639552140,S3-621776469,S3-192695203,S3-314185015,S3-255459492
S1-966839327	S2-98312751,S3-185695521,S3-53920530
S1-651511994	S2-815719211,S2-617605011,S2-726777223,S3-120567390
S1-192870255	S2-601748314,S3-806288805
S1-271972998	S2-94224550,S2-61164714,S3-713008241
S1-861723489	S2-39225806,S2-983940176,S2-311381612,S3-1465730,S3-661111766
S1-232232496	S2-913548558,S2-67435104,S3-820931197
S1-859327875	S2-884178938,S2-98619716,S2-288887831,S2-608312567,S3-788809240
S1-881931240	S2-168412285,S2-250609803,S2-372938780,S3-531006880,S3-22219603
S1-610561232	S2-70103846,S2-553027113,S2-772752257,S3-776172270
S1-692696592	S2-151132626,S3-427503397
S1-339442103	S2-552036941,S2-198166632,S3-122033108,S3-349197257
S1-344515266	S2-814730613,S2-957953090,S3-388920197,S3-16314742
S1-688247376	S2-537035622,S3-903179914
S1-520530464	S2-145899043,S2-950473339,S2-397594965,S2-277711852,S3-886948740,S3-729909960
S1-213658904	S2-33993525,S2-358394283,S3-231834230
S1-680896316	S3-540543859
S1-52914861	S2-660297929,S2-49964368,S2-365242738
S1-849688155	S2-46005066,S2-945430114,S2-24222272,S3-321503127
S1-589943165	S2-420198502,S2-955773795,S2-987969113,S2-743694607,S2-398507298,S3-677292403,S3-75903240
S1-832449198	S2-522414479,S3-852224760,S3-271268811
S1-730760166	S2-943639805,S2-135626928,S3-932802578,S3-766810757,S3-10434751
S1-346364822	S2-705529607,S3-282201322,S3-114722682
S1-808272989	S2-840907668,S3-387009025,S3-446436225
S1-749304696	S2-244425939,S3-627318661,S3-48306196
S1-290593732	S2-992579169,S2-215531256,S2-316108526,S3-947075740,S3-119974348
S1-946069528	S2-935735051,S2-37993907,S2-414912781,S3-418039409
S1-270838873	S2-500093259,S3-825607962,S3-421287783
S1-426018338	S2-521639188,S2-457059666,S3-988043300,S3-793520148,S3-525479998
S1-616948981	S2-495073335,S3-635797942,S3-193770030,S3-946887342,S3-571935379
S1-179193055	S2-121013485,S2-329783902,S2-42375515,S2-708489471,S3-380717374
S1-894474635	S3-917790583,S3-811759525
S1-174298023	S2-430581389,S3-865080929,S3-688647634,S3-422680935,S3-13207899,S3-838049651
S1-728182198	S2-497262265,S2-644036963,S3-990422014,S3-650502869
S1-213289399	S2-25000279,S3-849984285
S1-718304424	S2-780951849,S2-70355128,S3-214628569,S3-452584890,S3-646442343,S3-992512246,S3-735668830
S1-235348261	S2-435171563,S2-36641839,S3-20816680
S1-18504443	S2-362150874,S2-806726749,S2-740744432,S2-608676175
S1-474045440	S2-478146209,S2-744290785,S3-770269288,S3-622694172,S3-435169509
S1-104335130	S2-512370199,S3-856559338
S1-752247119	S2-93741556,S3-95118657,S3-167566359,S3-946688125
S1-226943673	S2-474315894,S2-98780799,S3-600184029,S3-481400213
S1-272811571	S2-891762533,S3-671797508
S1-256812008	S2-671484498,S2-124447961,S3-330759797,S3-358138026
S1-432024180	S2-291888629,S3-917192757,S3-987481294
S1-427407376	S2-511858430,S2-42396879,S3-655471503
S1-80871537	S2-315385663,S2-423184978,S2-933046659,S3-76202716,S3-587654074,S3-420273163,S3-234539283
S1-15173379	S3-268928477,S3-642205930,S3-238125591,S3-855248509
S1-662585464	S2-991972456,S3-932234183,S3-434502250,S3-130194099
S1-703158841	S2-890269396,S2-354219489,S2-163632353,S3-536660638,S3-108382122
S1-73544766	S3-555380369,S3-820663311
S1-870248182	S2-436512299,S2-654683549,S2-155137576,S3-174388952
S1-932321260	S2-544849908,S3-691160246
S1-199417216	S2-732988786,S2-224180595,S3-435571070,S3-182119443
S1-236297973	S2-966358628,S3-622723796
S1-569671501	S2-179316291,S2-685088206,S2-728702044,S3-4566585,S3-944137990,S3-332938585
S1-546875387	S2-596835119,S2-668150946,S3-462766843,S3-94690720
S1-231591920	S2-414942437,S3-920106862,S3-685347041
S1-852155767	S2-588397757,S3-85101006,S3-714885979,S3-971758373,S3-603206122
S1-928820726	S2-416771674,S3-162358459
S1-372845787	S2-972115677,S2-857911770,S3-672626811
S1-289279748	S2-291646356,S3-984187226,S3-201464449
S1-479684706	S3-411863390,S3-206901148
S1-283166627	S2-925279811,S3-685343955
S1-532578982	S2-266774191,S2-445557064,S2-522489265
S1-837716265	S2-661984146,S2-369452654,S3-140113272,S3-651410168
S1-997909288	S2-809600761,S3-239920255
S1-601739988	S2-528859464,S2-831962792
S1-360302289	S2-243822292,S3-890326595
S1-861163662	S2-58009034,S2-893498519,S2-664244710,S2-713124866,S3-34623175,S3-977930388,S3-424253860
S1-218814805	S2-929249100,S2-74436000,S2-419990572,S3-689398240
S1-299857324	S2-540279080,S3-444171117
S1-784589937	S3-541042243,S3-736635827
S1-799749528	S2-905346335,S2-252425418,S2-622008941,S2-114187766,S3-398307785,S3-545716213,S3-995970024
S1-401260021	S2-773348946,S2-627014698,S3-426357875,S3-834011652,S3-967361368
S1-681051935	S2-325807006,S3-340414068,S3-406239022,S3-217228745
S1-845494031	S2-14596543,S3-644153793,S3-365983873
S1-134582030	S2-386880403,S3-704520865,S3-197966296
S1-248132552	S2-917539565
S1-331348600	S2-486361770,S2-460484920,S2-405587617,S2-876946102,S3-208794290
S1-890050085	S2-551034649,S3-658759360,S3-639904109
S1-447963545	S2-70734357,S3-66464644
S1-986600089	S2-543044932,S2-553899019,S2-888170039,S2-513030447,S2-26880685,S3-311759566,S3-546453332
S1-457199475	S2-62984896,S2-960401346,S2-300735264,S3-456181381,S3-279567343
S1-617078223	S2-72806518,S2-758253800,S2-344038866,S2-92131443,S3-159692939,S3-719515064,S3-693331178,S3-911645567
S1-864161595	S2-516476223,S3-114742028,S3-936152023
S1-184529714	S2-491471993,S2-279535086,S3-369012518
S1-934174944	S2-760492917,S3-297360849,S3-288002018
S1-447941083	S2-673533129
S1-956612515	S2-270445394,S2-395621264,S3-231094431,S3-128416185
S1-237875442	S2-272270152,S2-321064899,S2-778461504,S2-655350677,S3-95296226
S1-967463141	S2-464334435,S2-225024914,S3-335465323,S3-75586382,S3-811092925,S3-542695706,S3-754539282,S3-617271736
S1-396647558	S2-83513621,S2-224631873,S3-417637138
S1-208271214	S2-93921064,S3-73778309,S3-337233894,S3-92834735
S1-929515767	S2-595043603,S3-64452055,S3-319070460
S1-334271784	S2-237753232,S2-372776960,S3-498294064,S3-171925311
S1-691802367	S2-476580304,S2-822303172,S2-165235639,S2-250683511,S2-37234824,S3-14802817,S3-458994694,S3-315027746,S3-584942414
S1-144312095	S2-534309499,S2-496769600,S3-949180502
S1-242535926	S2-725927515,S2-237509600,S3-863542202
S1-669266648	S2-62601192,S2-398147880,S2-455612925,S2-884169673,S3-199724758,S3-157012881
S1-189650721	S2-717896818,S2-12261932
S1-772680131	S2-584329610,S2-827093493,S2-838528611,S3-512941294
S1-456275793	S2-182585618,S2-753815334,S2-718966545,S2-135246695,S3-612624867,S3-475657653,S3-780994733
S1-743757465	S2-15696513,S2-114757601,S3-227577230,S3-830742945
S1-866771210	S2-222869131,S2-954788251,S3-526594050
S1-314812133	S2-356505387,S3-885560574
S1-91172215	S2-654765891,S2-593730918,S2-919885112,S3-674032391,S3-660637148
S1-370056258	S2-27932173,S2-409134052,S3-44079197
S1-365841273	S2-347418041,S3-404902506
S1-657078358	S2-809697469,S2-938975549,S3-226318932
S1-746134541	S3-724436961,S3-884594841,S3-68928392
S1-733470932	S2-397871936,S2-637732980,S3-804223678,S3-484118865,S3-328561953
S1-980927216	S2-459863958,S3-759382420
S1-659222075	S3-213617991
S1-512411732	S2-212500565,S2-952133631
S1-328382442	S2-935185746,S3-58125640,S3-182600566,S3-854993756,S3-751805554
S1-132256415	S3-825927737,S3-321041517,S3-120356652
S1-866833612	S2-767247397,S2-342546213,S3-661774813,S3-541652808
S1-243135839	S2-649380335,S2-915676461,S2-179839499,S2-902869312,S3-614181286,S3-898989014,S3-951596903
S1-562121490	S2-727523686,S3-963697868
S1-388031329	S2-777021144,S2-563591699,S2-763446840,S3-769766119
S1-209457370	S2-279353631,S2-794597768,S3-456457480
S1-75559409	S2-305655726,S2-216899649,S2-132855566,S3-46403436
S1-864836083	S2-873168167,S2-87167281,S2-802440112,S2-675309474,S3-465046926,S3-481421496,S3-216714613,S3-110006629
S1-290220367	S2-276092076,S2-77156324,S2-30683391,S3-867401841,S3-18932312
S1-959378339	S2-343399075,S2-989443932,S3-264567503,S3-164673833,S3-126021615
S1-768985726	S2-618564294,S2-810897640,S2-231056806,S3-349695150,S3-54623342,S3-706770368
S1-763197017	S2-469337467,S3-115631870
S1-662356988	S2-86002071,S3-275234223,S3-84664434
S1-491945432	S2-696526077,S2-417346311,S3-9963070
S1-377608637	S2-99805718,S2-563660233,S2-795119448,S3-560428154
S1-330456408	S2-728749742,S3-418538618,S3-852781504
S1-687265022	S2-265266740,S2-317717118,S2-582541437,S3-695524862
S1-4635059	S2-48887334,S3-951713754
S1-656875094	S2-716250105,S3-466824989,S3-370084977
S1-371303635	S2-344397388,S2-321505044,S3-814990345
S1-346954991	S2-845004447,S3-873092374
S1-603536935	S2-665315439,S2-971299459,S3-717643764,S3-182239471,S3-930857206,S3-974088718
S1-402736878	S2-170013783,S2-920688600,S2-507000726,S2-963420994
S1-446244944	S3-803982956,S3-548505333
S1-61235822	S2-282737811,S2-175365708,S3-541816723,S3-395082764
S1-360758463	S2-506349328,S2-96900001,S3-158709576,S3-525578657,S3-446055211
S1-29287602	S2-922969315,S2-410269839,S3-258999236,S3-584604314
S1-601398677	S2-887491013,S2-447255564,S3-37635025,S3-725513650
S1-201639497	S2-544468442,S3-953411109
S1-51149460	S2-377343706,S2-208487179,S3-6207010,S3-542648182
S1-234518543	S2-701070451,S3-140941727
S1-1337661	S2-20198973,S2-375728281,S2-350047439,S3-838290843,S3-449104557
S1-290889159	S2-918794372,S2-454048350,S3-117314551
S1-692901144	S2-351703820,S3-424348688
S1-718224853	S2-646865328,S3-768024761,S3-679346928,S3-3154070,S3-462652469,S3-211288401
S1-91063734	S2-89689374,S3-673916846,S3-726573382,S3-820625016,S3-777129828
S1-546411001	S2-123531061,S2-528295298,S2-378986887,S3-682280738
S1-402027190	S3-801182717
S1-844256806	S2-95356301,S2-999312396,S2-214422477,S3-945478992
S1-471228581	S2-677341379
S1-636787189	S2-690128436,S2-772305471,S2-161278924,S2-267984706,S3-4350070
S1-432893236	S3-134942668,S3-633788635
S1-277174042	S2-937076997,S2-983376369
S1-884344319	S2-960189883,S2-620571618,S2-762369434,S3-976458893,S3-362987336,S3-200401888
S1-136406261	S2-408396742,S3-602408969,S3-62071333,S3-835909977
S1-138301699	S3-463797005,S3-300735658
S1-698456909	S2-963857980,S2-390897343,S3-384866499,S3-414536098
S1-89235665	S2-162218672,S2-886728757,S3-291774034,S3-210853374,S3-680829209,S3-296377048
S1-895340719	S2-754626561,S2-851660790,S2-736435627,S3-246925042
S1-279664598	S3-105172670,S3-133632305
S1-703199100	S2-495914011,S3-996578547
S1-652536905	S2-186184988,S2-321945654,S3-887577693,S3-113356703
S1-480908996	S2-999896750,S3-602226669,S3-501508536
S1-225458954	S2-308754886,S3-825665162
S1-321958577	S2-556337527,S2-588318367,S3-629308097,S3-705315089
S1-248408253	S2-214397645,S3-148068838,S3-512455915
S1-236313832	S2-534315831,S3-952426879,S3-251344015,S3-428711339
S1-712543103	S2-623484178,S2-936412421,S2-496033742,S2-416544172,S3-122597154,S3-958691969
S1-838143823	S2-242795945,S2-334492498,S3-300237390
S1-591913974	S2-174468712,S2-95543095,S3-550580182
S1-397061310	S2-116482847,S3-242988997,S3-740629807
S1-479227303	S2-144393825,S2-545500359,S3-738764495
S1-390207015	S2-477050485,S2-77764881,S3-382678351,S3-930382804
S1-798411251	S2-107915178,S3-929195311
S1-2137379	S2-898358340,S3-925467969,S3-88451057
S1-368508625	S2-821308133,S3-176901133,S3-344036169,S3-625052515
S1-808774322	S2-7640658,S2-609198930,S2-811620879,S2-533827987
S1-386142599	S2-666000793,S2-540832952,S2-134324025,S3-732859817,S3-887218896,S3-439030268
S1-608084682	S2-251353294,S2-556528373,S3-130232330
S1-952102446	S2-342122151,S2-317589745,S3-972682828,S3-943261689
S1-176571325	S2-332926277,S2-408367029,S2-517353009,S3-623944808,S3-596703873
S1-853328859	S2-621924892,S3-725816144,S3-20533097
S1-141151790	S3-23518465,S3-871014230
S1-629021280	S3-130169919,S3-476993776
S1-53949634	S2-708421601,S2-72499719,S3-787513056,S3-851260133,S3-275434419
S1-781778701	S2-722280413,S2-312661201,S2-131143558,S3-729275208,S3-523598456,S3-612454993
S1-161765276	S2-895313934,S2-956593456,S2-611175686,S2-336761783,S3-898449046,S3-416919699
S1-578836735	S2-869122569,S3-19668949
S1-29647623	S2-160496235,S2-728957515,S2-744994320,S2-499776863,S3-493837060,S3-658943171
S1-6529521	S2-463276379,S2-731792927,S3-825693646
S1-679530259	S2-544481817,S2-853762866,S3-427438243,S3-176671379
S1-455367817	S3-796821374,S3-764982936
S1-232054428	S2-201648941,S2-528247927,S2-409889972,S3-926728729,S3-642392542
S1-797454584	S2-345809413,S3-309806729,S3-603849001,S3-948178303
S1-941525240	S2-29395404,S2-780193890
S1-237117002	S2-664247133,S2-283984632,S3-192133043,S3-763368376,S3-726716141
S1-667996147	S2-889537490,S3-205253266
S1-789268875	S2-973330925,S2-276684279,S2-911858927,S2-441045362,S3-456113201,S3-267443649
S1-993657977	S2-259341785,S2-41310769,S3-793179018
S1-809581837	S2-366872471,S2-124900042,S2-924763740,S2-859343208,S3-319456874,S3-281667528,S3-200890129
S1-699279080	S2-336201228,S2-746444750,S2-523776304,S2-24407021,S3-308772801
S1-21060541	S2-881115078,S3-376843035,S3-334118219
S1-472184693	S2-137921090,S2-387469149,S3-234210693,S3-477530841
S1-488023783	S2-618578852,S2-374924941,S2-671795471,S3-505750390,S3-872814289
S1-835025606	S2-235297147,S2-758794930,S2-14528155,S3-690145603,S3-743516396,S3-910702615,S3-117685882
S1-887769974	S2-539821825,S2-346441701,S3-286930333,S3-259994438,S3-181939730
S1-355800156	S2-993911180,S3-622399779,S3-821172692
S1-666087323	S2-263789815,S2-57329860,S2-366290519,S3-821141827
S1-305204923	S2-191634132,S3-976651610,S3-773041869,S3-159444536
S1-932135869	S2-196202135,S3-111226499,S3-569171360,S3-872926387
S1-790365425	S2-282282889,S3-69651746
S1-869739843	S2-370048128,S2-980146177,S2-392126385,S3-889117202,S3-446632942,S3-785299506
S1-652223487	S2-928737202,S3-532125297
S1-594071430	S2-888904239,S2-476163365,S3-646699917,S3-117704133
S1-822692350	S2-64228383,S2-925716483,S3-274124615,S3-975934491,S3-197671159
S1-516199787	S2-849129087,S2-526753496
S1-492367059	S2-528482932,S3-762065163
S1-816374893	S2-26856872,S2-171746634,S2-602823843,S3-526392544,S3-256185889,S3-334833329,S3-738615249
S1-251608462	S2-474305967
S1-46689481	S2-193431321,S2-892109895,S3-164719579,S3-75907260
S1-553267356	S3-697703034
S1-470133514	S2-80533657,S3-48859454,S3-714259805
S1-306168426	S2-212680863,S2-940566519,S2-530641708,S2-157616021,S3-410288695,S3-834572141,S3-320699587
S1-435253419	S2-587305055,S2-127752584,S3-734139809,S3-755669217,S3-577413499
S1-897776683	S2-316627956,S3-343935627,S3-489746322,S3-891174680
S1-270484582	S2-659654668,S2-250172297,S2-24602345,S2-921508158,S3-592596701,S3-795394819
S1-590257561	S2-192661108,S2-808440024,S2-157847076,S2-38813382,S3-167399158,S3-608951265
S1-212761464	S2-916043999
S1-552767467	S2-821846264,S3-373445506
S1-611100170	S2-859102189,S2-524322020,S2-108007459,S2-946557018,S3-578346332
S1-949430943	S2-873255210,S3-89551066
S1-272903349	S2-425721337,S2-84265331,S3-31260570,S3-715868249
S1-722904512	S2-411192008,S2-830591140,S2-127081378,S3-149448310,S3-293335665,S3-631766144
S1-679413301	S2-790273021,S3-771051446
S1-317498318	S2-32442335,S2-791311371,S3-769782946,S3-121075430,S3-438235988,S3-766361355
S1-536335439	S2-641045202,S2-383131039,S2-633916336,S3-576589381
S1-141657891	S2-333684965,S3-145946594,S3-268487519
S1-992981106	S2-183324959,S2-343410744,S2-238197025,S3-501947335,S3-375520479
S1-925646660	S2-53626737
S1-131660151	S2-716682066,S2-143023821,S2-414293628,S3-142718198,S3-823363003
S1-567890293	S2-37204823,S2-324102161,S2-527220098,S2-78990740,S3-623790525
S1-659501316	S2-193454631,S2-631986580,S3-426443939
S1-841958022	S2-243065235,S2-75509225,S2-319826915,S3-984574260
S1-427314260	S2-169724988,S2-146513479,S2-842454082,S3-111214681,S3-348990280,S3-830117078
S1-947272121	S2-298650529,S2-554146140,S3-274462553
S1-205348897	S2-319633913,S2-444666692,S3-503579012
S1-170534743	S2-136533250,S2-947735147,S3-892715950,S3-127815011,S3-402964065,S3-407345832
S1-266532102	S2-681003294,S3-706855268,S3-59929911,S3-20270880,S3-790776391
S1-128709466	S2-332602608,S2-639748435,S3-142873967,S3-944590414
S1-880490101	S2-965566950
S1-675202746	S2-132992225,S2-693271215,S2-458338165,S2-573395181,S3-197767751,S3-301117225
S1-721645464	S2-774017410,S2-87165103
S1-712671312	S2-164725087,S2-864941045,S2-182381295,S3-152972449
S1-907524980	S2-280154310,S3-987615326,S3-806287739,S3-232309802,S3-726836131
S1-933065149	S3-170883645,S3-966228712
S1-111523905	S2-882638209,S2-908241188,S2-330059306,S3-554200936,S3-206034589,S3-578805458
S1-91170830	S2-498812429,S2-622338502,S2-740914303,S3-92239240,S3-578326743
S1-167820518	S2-960726769,S2-841893514,S2-263535414,S2-469554245,S3-867051179
S1-74990542	S3-130713932,S3-752842207,S3-978496534,S3-669242207
S1-544874533	S2-606331247,S3-937676775
S1-520198880	S2-827284945,S2-885770972,S3-42185637
S1-359103418	S2-65273481,S2-650102258,S2-301437763
S1-811434348	S2-897720351,S3-327973145,S3-67322537,S3-796636738
S1-344440286	S2-39003270,S2-627291729,S3-303377191,S3-979525468,S3-866258280
S1-257881175	S2-248239744,S2-95640541,S3-498632105,S3-839445773
S1-495264632	S2-719005832,S2-723795519,S2-813520406,S3-904391556,S3-515551903,S3-87953917,S3-844941827
S1-927928706	S2-538925214,S3-694167320,S3-611313719
S1-204896914	S2-721330649,S2-712630123,S3-331885254,S3-159718456,S3-355114328,S3-449114989
S1-499549468	S2-245064219,S2-172990753,S2-608028721
S1-885170059	S2-137635209,S2-179916809,S2-122405823,S2-165651148,S2-989510294,S3-166189382
S1-822439240	S2-977998495,S2-943335911,S3-622644775,S3-478121060
S1-456385246	S2-114084582,S2-59562555,S3-983064593,S3-531743655
S1-295694389	S3-203592859
S1-866762574	S2-961889373,S3-531583629
S1-373283461	S2-859037227,S2-504949350,S3-332530893,S3-183297595
S1-568468681	S2-980524418,S3-447244633,S3-410146647,S3-806534538,S3-282109383,S3-739540303
S1-387365684	S2-551445157,S2-993733714,S3-949025213,S3-859606375
S1-676119230	S2-592258594,S2-107478891,S3-201433149
S1-738069898	S2-13986435,S2-886347386,S3-524465784,S3-422047164
S1-866240766	S2-300510763,S2-766889653,S3-303023335,S3-666617146
S1-874996661	S2-286062574,S2-676775259,S3-711143815,S3-723799439
S1-112225081	S2-818021502,S2-417364056,S2-522316565,S3-719611012,S3-797064607,S3-785935923,S3-718115121
S1-927735601	S2-885324567
S1-950886044	S2-917710422,S2-288040535,S2-379311069,S3-750934009,S3-708194424,S3-998833376,S3-236843869
S1-160821874	S2-59583479,S2-101448317,S3-881196037
S1-770469741	S2-390516799,S3-673321724,S3-942100556
S1-287031718	S2-987116979,S3-87703821,S3-555220075,S3-738043072,S3-826134948,S3-462315893
S1-121736106	S3-414338006
S1-949166739	S2-814220614,S2-272038682,S2-257824084,S2-306401333,S3-589641553
S1-660889726	S3-701155309
S1-407571954	S2-363740391,S3-82842235,S3-248143884
S1-203173779	S3-440451183
S1-29711278	S2-882250068,S3-239296569
S1-709592127	S2-234471165,S2-698786626,S2-161305731,S3-125884276
S1-859163574	S2-956389686,S2-943147377,S3-836932320,S3-263059703,S3-574390420
S1-116088527	S2-445942701,S3-87305205
S1-867748709	S2-575716696,S2-19658926,S2-475660494,S3-231076325
S1-200575767	S2-599348050,S2-113075373,S3-260449178,S3-157033840,S3-684356661
S1-555564458	S2-311646792,S2-434907218,S3-647007937,S3-273637612
S1-607763900	S2-591638687,S2-599218243,S2-497952743,S3-473929808,S3-76562848
S1-186929220	S2-832725075,S3-238505465,S3-713400704
S1-423399223	S2-287543628,S3-250009372,S3-898421109
S1-669362949	S2-841177923,S2-998292824,S2-408752651,S3-609824680,S3-316257826
S1-344289493	S2-38831114,S3-957061812,S3-154877118
S1-741906218	S3-528175808
S1-446351389	S2-25625348,S3-883303063
S1-361720922	S2-252066114,S3-460227755,S3-50584668
S1-858503390	S2-484411123,S2-513367000,S2-808286569
S1-23070454	S2-617110109,S3-153529293,S3-267691988
S1-489270198	S2-254992565,S2-325821451,S3-377532632,S3-801517596,S3-545598505
S1-6796539	S2-340219554,S3-238152696
S1-723048826	S2-351277209,S2-887695716,S2-576029626,S2-79901499,S3-133838176,S3-415214535,S3-937285619
S1-235632801	S2-714557396,S3-294784276
S1-325534772	S2-786799623,S3-319381116,S3-116432044
S1-879797502	S2-116625193,S2-990746399,S3-604717448
S1-492630010	S3-95072711,S3-439317182
S1-317312401	S2-625544759,S2-96201753,S3-758457998
S1-259752186	S2-641375664,S2-779046624
S1-464764426	S2-427341701,S3-645192855
S1-388198620	S2-382006144,S2-596718445,S3-535881187,S3-626713327,S3-220329754,S3-246726466
S1-332552848	S2-965982168,S3-739673712,S3-356890031
S1-8869761	S2-897690143,S2-135284700,S3-910331729
S1-980988134	S2-425651237,S2-627848058,S3-192460154,S3-321371948,S3-851079816
S1-18221000	S2-23213772,S2-136170358,S3-545844106,S3-101916205,S3-229583347,S3-324139051,S3-718074062
S1-127366052	S2-877510886,S2-698759724,S2-817150852,S3-722693909,S3-741087541
S1-503791420	S2-85406077,S2-930555958,S2-658580878,S3-623464826,S3-410594116
S1-26663078	S2-997338501,S2-356523738,S3-90545088,S3-749620400
S1-591047687	S2-722489477,S3-40465107
S1-775428608	S2-425560313,S3-394190685,S3-904230301
S1-25068152	S2-388539632,S2-44668938,S2-916116558,S3-505184362,S3-602025063
S1-135885866	S2-62181851,S3-447806346
S1-249175250	S2-108194218,S3-606219463
S1-567236870	S2-403595104,S2-571272584,S3-438882900
S1-159063135	S2-921351554,S2-161182351,S3-377047217,S3-765602676
S1-500472209	S2-326017703,S2-558929183,S3-375877358
S1-460301707	S2-691411107,S3-830771050
S1-324430593	S2-255462694,S2-615816337,S3-888840777
S1-265664792	S3-731022517,S3-167210056
S1-304674940	S2-903860233,S2-622201219,S3-236897218,S3-501754775,S3-827638969
S1-582588129	S2-374157759,S2-145588068,S2-60134615,S3-840218175
S1-66413395	S2-921617824,S3-803655405
S1-416957165	S2-592093179,S2-102718077,S3-437740723
S1-123495429	S2-491318595,S2-199358282,S3-228708499,S3-437921577
S1-230437611	S2-707214316,S2-648449000,S2-514965676,S2-421520368,S3-344141754
S1-732598637	S2-985644413,S3-669247452,S3-860815591
S1-757723750	S2-134943780,S2-485451341,S2-330637319,S3-249546995
S1-963558110	S2-977966662,S3-20845818,S3-472232488
S1-858758738	S2-687242567,S2-688088132,S2-761947298,S3-373597089,S3-32563883
S1-709539315	S2-108246,S2-77025352,S2-482856268,S3-875895865,S3-61282802
S1-686782644	S2-896461166,S3-427988621,S3-370304999,S3-253419189
S1-500485882	S2-758502630,S3-164357451
S1-125875069	S2-901719622,S3-660883551
S1-822108575	S3-541745505,S3-489610799
S1-886467576	S2-640336440,S3-764409352
S1-214589380	S2-121098883,S2-549223151,S3-120917570,S3-254632308,S3-662368992,S3-938131797
S1-383336131	S2-444351066,S2-812751144,S2-226199683,S2-951066793,S3-597965516,S3-518287921
S1-941255914	S2-892495502,S2-141735531,S2-962065593,S3-793201169,S3-378965403
S1-817747234	S2-842551159,S3-163825326,S3-894156039,S3-931934747
S1-591903806	S2-805635683,S3-12135871
S1-240442490	S2-341389720,S2-568580333,S2-829202088,S3-110423540,S3-790264113
S1-574826824	S2-7580839,S2-48903365,S3-720775351,S3-203198885
S1-793549367	S2-346028383,S2-739303026,S2-926719116,S3-908791851,S3-151131112
S1-959083051	S2-232645461,S2-453760893,S2-540813601,S3-18010237,S3-645304053,S3-805563603
S1-925873563	S2-42898089,S3-340607012
S1-806803009	S2-596859823
S1-234520669	S2-715439855,S2-621560506,S3-110983719
S1-302352035	S2-188908984,S2-721556457,S2-659611909,S3-271249005,S3-195647411
S1-623604377	S2-83812537,S2-516510163,S2-173096319
S1-598906548	S2-237012406,S2-597088764,S3-296428216
S1-647007957	S2-946924808,S2-16361627,S3-734549223,S3-671610394
S1-215584606	S2-14586796,S2-133427601,S3-20760797,S3-57219897,S3-403328629
S1-933358906	S2-969460480,S2-141507022,S3-535718621
S1-21616653	S2-759784089,S3-720906574
S1-912619331	S2-584269621,S2-59746285,S3-547286527,S3-559466672
S1-569981214	S2-42214284,S2-735920852,S3-741246001,S3-789964427
S1-913379042	S2-783572929,S3-819650767,S3-957868088
S1-448428150	S3-179393967,S3-362091095,S3-688486098,S3-21553960
S1-1522429	S2-967097340,S2-611078986,S2-577363007,S3-863416729
S1-650086075	S2-153528091,S2-76750158,S2-994982492,S2-613258511,S2-287698638,S3-482627300,S3-652338329
S1-863847519	S2-569296998,S2-180553608,S2-128920362,S3-95281390
S1-523818121	S2-281674202,S2-203585696,S2-708381042,S2-276896382,S3-97982923
S1-23948155	S2-257691864,S3-491170177,S3-245298174,S3-867903662
S1-369435188	S2-623492813,S2-592878328,S2-68752229,S3-488760147,S3-695554691,S3-806925465
S1-306063732	S2-446975637,S2-270737291,S2-133206337,S2-311366066,S3-690886633,S3-495205918,S3-613927870
S1-215161801	S2-923807190,S3-293383369,S3-202412797,S3-503217268
S1-401563206	S3-639151721,S3-101500867,S3-108205817
S1-89196556	S2-600378080,S2-31318744,S2-736344864,S3-783574328
S1-116488177	S2-35457335,S2-725686047,S3-233411761,S3-438803885,S3-241657140
S1-133081790	S2-335919160,S3-625614637,S3-95907108,S3-116187489
S1-294896816	S2-751915981
S1-477693448	S2-615894322,S2-71310319,S2-421361412,S3-524008422
S1-384212636	S2-34209420,S2-655821324,S3-74353318
S1-598458322	S2-334629404,S3-228502555,S3-788089200
S1-883825783	S2-392045745,S3-529643402,S3-180873496
S1-375293517	S2-37550116,S3-762798987,S3-776518245
S1-241194387	S2-613128257
S1-162973677	S2-49299853,S2-634320371,S3-376148185,S3-287178190,S3-957166057,S3-218267031
S1-279847633	S2-631528164,S3-299962918,S3-661102991
S1-716884185	S2-356046787,S2-888846630,S3-736329288,S3-435178460,S3-185006858,S3-232216991
S1-643474622	S3-579000033,S3-361613126
S1-360548287	S2-953278528,S3-489058702
S1-143026878	S2-959333124,S2-561033167,S2-873084075
S1-799501041	S2-617725408,S3-52737060,S3-595040849
S1-793803510	S2-846890512,S2-869319833,S3-768417899,S3-479212148
S1-636476089	S2-772013125,S2-933320791,S2-800040617
S1-354402413	S2-714398081,S2-229151860,S3-215412540,S3-218032878,S3-2568485
S1-631869851	S2-855351679,S2-262526343,S3-302282934,S3-100357789
S1-83348340	S2-581922774,S2-137031309,S3-526437831
S1-187559066	S2-257897625,S2-222222666,S3-856443058,S3-391737103
S1-461031416	S2-68817715,S2-29616380,S2-306054017,S3-63221663
S1-781232832	S2-762585007,S2-368278503,S3-332513072,S3-809041265
S1-773254119	S2-953006464,S2-702223865,S2-634312657,S3-19769316,S3-826094012
S1-742598457	S2-292366705
S1-623722390	S2-145072362,S2-13292350,S3-922743721,S3-925998212,S3-774908255
S1-845214704	S2-264886671,S3-743147596,S3-141824276
S1-445569289	S2-462270983,S3-312512490
S1-837791060	S2-780864212,S2-44630194,S2-466366945,S3-190276855,S3-605628115,S3-183367403,S3-817817332
S1-879811569	S2-693645488,S2-204970421,S3-224087781
S1-636411913	S2-746709159,S2-479311959,S2-956935473,S2-134189486,S3-312922796
S1-383604958	S2-45406931,S2-455722604,S3-791480715,S3-709890779,S3-711251940
S1-892038207	S2-524678077,S2-911117741,S2-894755905,S3-501978077
S1-358531700	S2-683828251,S2-241323064,S3-738176980
S1-570621564	S2-475160312,S3-691851759,S3-590355155,S3-846578490
S1-918838609	S2-49916609
S1-211131768	S2-430084530,S2-888898167,S2-675541010,S2-349192642,S3-770630433,S3-824167219,S3-391130401,S3-495479275
S1-74669044	S2-171114520,S3-910669058,S3-238663796,S3-258464163
S1-190096486	S2-310919991,S2-715350011,S3-558761588,S3-841260070,S3-994631476
S1-286836585	S2-744406754,S3-986445261
S1-813423548	S2-486930274,S2-254355281,S2-265683646,S3-324760455,S3-755577580
S1-275017734	S2-891593600,S3-477429769,S3-391124514,S3-144393529
S1-413309771	S2-133335676,S2-568182384,S3-765399521,S3-867427116
S1-385470712	S3-139157579,S3-8092485
S1-48210955	S2-293297760,S3-108622527,S3-405930484
S1-248836780	S2-448303194,S2-692447284,S3-621339854,S3-892909398,S3-944004320,S3-852191863
S1-199043269	S2-500800988,S2-725218517,S2-379768207,S3-778918078,S3-167719173,S3-459321598
S1-977144940	S2-585253783,S2-608136705,S3-391672053,S3-346954551,S3-993002815,S3-165862560
S1-130680761	S2-921144834,S3-714159695,S3-480464717
S1-328617677	S2-455852394,S2-156713288,S2-279331772,S2-376650830,S3-999743020
S1-199496140	S2-355002051,S3-607654383,S3-802845400
S1-132044657	S2-702654009,S2-858123277,S2-694592809,S3-153747519
S1-555755707	S2-739978185,S2-59724573,S2-486748069,S2-437712599,S2-680474974,S3-226840959,S3-676194326
S1-678516785	S2-98933897,S2-379927807,S3-174769349,S3-53761128
S1-635737754	S2-215309665,S2-293850728
S1-78799915	S2-950590810,S2-784366326,S3-520667656,S3-986152976
S1-333374373	S2-512928783,S2-934771832,S3-790525691,S3-257147634,S3-757566371
S1-46094876	S2-661222940,S3-810646932
S1-411539238	S2-690803239,S2-47108908
S1-598444895	S2-731967592,S2-30233473,S2-41735761,S2-109081623,S3-434499892
S1-716290444	S2-959933937,S2-799300980,S3-214732434,S3-354439107
S1-334918191	S2-150515469,S2-754739159,S3-991579771,S3-406911770,S3-213039077
S1-755714551	S2-923307592,S3-683168032,S3-599051232
S1-891297605	S2-3375355,S3-643380757,S3-594368288
S1-20854831	S2-748770063,S3-593382548
S1-964177037	S2-164185682,S2-138072306,S2-985682782,S3-328814814
S1-578046403	S2-103582199,S3-800745188,S3-263483965
S1-964698153	S2-216585934,S2-522471938,S2-313719278
S1-104942580	S2-607864665,S2-816432712,S3-245207231
S1-262588392	S2-653310377,S3-887580115,S3-305515785,S3-233283996
S1-405032979	S2-580603222,S2-49905000,S3-787681952
S1-194942846	S2-584954411,S2-170711853,S3-220866158,S3-928237742
S1-636762824	S2-982085929,S2-775904430
S1-804815252	S2-949534924,S2-802211182,S3-154379788
S1-832434050	S2-709693420,S2-591424116,S2-133943285,S3-681169685
S1-366261967	S2-785720024,S2-385317001,S2-934290191,S3-314134473,S3-556571985
S1-134446398	S2-289952377,S3-161551888,S3-435493342,S3-227527004
S1-338742161	S2-339342515,S2-969245165,S3-635268510,S3-636038087
S1-562124516	S2-863781809,S2-60230499,S3-744148584
S1-566956629	S2-894692956,S2-932952701,S2-893922575,S2-671679241,S3-936474633
S1-783049592	S3-350674139
S1-120832748	S2-94793981,S3-303392531,S3-523673212
S1-26815129	S2-842448127,S2-433776969,S3-754559639,S3-418430481,S3-385536366
S1-726420000	S2-295033309,S2-986382354,S2-85893468,S3-193239304,S3-131175750,S3-161766165
S1-4907738	S3-446939902,S3-119852703,S3-765505715,S3-499986694
S1-929199888	S2-166362157,S2-699052645,S2-763571462,S3-212135058
S1-538944064	S2-891586190,S2-806442591,S3-746740271,S3-744661738
S1-415946439	S2-508765233,S3-132328004,S3-27464319
S1-713614869	S3-204569291
S1-562062180	S2-264512136,S2-10000390,S2-430446118,S3-642741275,S3-230939109
S1-203101792	S2-981699325,S2-439105129,S2-957662256,S3-972468006,S3-424100200,S3-140543139
S1-747851409	S2-626216290,S2-774223845,S3-750945660
S1-779196632	S2-309737033,S2-983689056,S2-86736326,S2-264849305,S3-65734607,S3-975220640
S1-8494964	S2-465068425,S2-643871609,S3-278063481
S1-510155405	S2-608092925
S1-170114115	S2-181752903,S3-739521701,S3-724709678,S3-954386179
S1-465544585	S2-271437907,S2-258784821,S2-738745453,S2-719157584,S3-546743771
S1-734293240	S2-425366145,S2-308794763,S3-876131614,S3-598910175,S3-851742440
S1-442320691	S2-259112960,S2-7411494,S2-626211686,S3-617911611,S3-644754001,S3-895900858
S1-223473124	S2-875658177,S2-155377805,S2-93785778,S3-315998613,S3-546112626,S3-555051183,S3-706956590,S3-691957371
S1-308685333	S2-3840696,S2-887028765,S3-437158339
S1-790248803	S2-919244989,S3-192909330,S3-646576726,S3-671287574,S3-491441473
S1-262318017	S2-333794346,S2-867808430,S2-892813193,S2-815307006,S3-495001087,S3-167681980
S1-118059043	S2-473621282,S3-951373462
S1-700221858	S2-436194496,S3-360712747
S1-446579873	S2-431742944,S2-674055644,S3-156176124,S3-768779809
S1-749702779	S2-992307039,S2-768795867,S2-252736399,S2-816993188,S3-387987746,S3-343698769,S3-480155921
S1-25728312	S2-182366793,S3-720626222,S3-229060636
S1-763725327	S2-964376042,S2-199365090,S3-228327725
S1-453076355	S2-991289526,S3-1796383
S1-371934101	S2-819184639,S2-276992238,S2-86782849,S3-513008045,S3-641230698
S1-13095934	S2-603343601,S2-202352792,S3-28318375,S3-515920670,S3-442285700
S1-933586332	S2-654731028,S2-767887597,S2-295685821,S3-214746387,S3-729811447
S1-807622528	S2-173753184,S2-672409840,S3-706092192,S3-7860144
S1-620815881	S2-708401428,S2-165575686,S2-493015786,S3-609359689,S3-573473849,S3-756264081,S3-636143623
S1-174067820	S2-276767931,S2-897314067
S1-292406072	S2-845425175,S3-858520387
S1-250021091	S2-28470888,S2-672161594,S2-468514759,S3-732311160,S3-233895595
S1-360825323	S2-630100639,S3-361035915,S3-175057801,S3-513553684
S1-868511168	S2-78143438,S2-756979287,S3-829558960,S3-195560758
S1-459475888	S2-605334060,S3-353726902,S3-46349626,S3-727036872
S1-131744588	S2-831381434,S2-619381003,S2-835864278,S3-676427728,S3-512508671
S1-809927502	S2-539640779,S2-373237652,S3-272597220,S3-485649345
S1-364340903	S2-33186232,S2-123236170,S3-823332320
S1-208596219	S2-11056186,S3-501035701
S1-230029861	S2-23108856,S2-455235799,S3-595503289
S1-813194176	S2-35957966,S3-886605798,S3-522364866
S1-202442838	S2-811095233,S3-537208354
S1-164014411	S2-573667390,S3-793415568
S1-758702136	S2-451546992,S3-591926236,S3-988046397,S3-957897405
S1-806272964	S2-759399781,S2-363138505,S2-186238034,S3-723274700
S1-520141018	S2-104877571,S2-653116348,S3-564105559,S3-476316349
S1-804572729	S2-439447773,S2-181522375,S2-494172116,S3-633649074
S1-156277372	S2-210965380
S1-715926985	S2-126862775,S3-320267446
S1-17586936	S2-947350589,S3-757523854,S3-72201583,S3-19939567
S1-656204611	S2-736350458,S2-757477396,S2-755699742,S2-461889383,S3-242341531,S3-478715052
S1-829658125	S2-822050169,S3-47537123,S3-569759938,S3-843807618,S3-444026055
S1-78991521	S2-678891187,S2-208933384,S2-252549707,S3-930266748,S3-776716558
S1-343564342	S2-280550017,S2-654710075,S3-549239143,S3-913467705,S3-74174153
S1-94984505	S3-417512022,S3-213368395,S3-240423944
S1-105312686	S2-121148950,S2-228475317,S2-432775987,S2-570685796,S3-560345252
S1-614274240	S3-937412919,S3-326948684
S1-43758702	S2-277913896,S2-416718354,S3-439169751,S3-908434839,S3-31997492,S3-439646252
S1-936909669	S2-501570057,S2-869303,S2-736979844,S3-837228092
S1-204377021	S2-652291863,S2-400146957,S2-830276617,S3-255302876,S3-362302541,S3-193988559
S1-322919150	S2-696372809
S1-222706899	S2-705960163,S3-388974063
S1-296362229	S2-867143219,S2-486988523,S2-156269349,S2-691770479,S2-272310119,S3-63697126,S3-105100167
S1-993202691	S2-606269467,S3-753004886
S1-330546381	S2-618677855,S2-157381177,S2-995850945,S3-709492821
S1-583223488	S2-913670619,S2-36505243,S3-845126853,S3-735718716
S1-615388188	S2-842570268,S2-224817268,S3-137983041
S1-766354879	S2-381810733,S2-156998873,S3-955774227,S3-402660616,S3-460582102,S3-341461022
S1-920625115	S2-87167081,S2-800301928,S3-883852675,S3-469264501
S1-837594004	S2-370642035,S3-516552285,S3-102622323,S3-53680319,S3-367497695
S1-706939041	S2-648889725,S2-276457112,S2-773125106,S3-917757567,S3-650937812,S3-340427535,S3-657286485
S1-724218816	S2-235645182,S3-159897324
S1-48880179	S2-608271162,S2-703001350,S2-687674975,S3-955078056
S1-314116511	S2-34071033,S3-325881658
S1-927290314	S2-303020192,S2-535502699,S3-100188701
S1-679093393	S2-2407339
S1-527204281	S2-482713736,S2-514725298,S3-37591815,S3-26181111
S1-834037937	S2-185277282,S2-719919122,S2-361242538,S3-999527559
S1-637925510	S2-409403799,S3-79434022
S1-898462984	S2-174747602
S1-200715739	S2-157891369,S3-510065727,S3-979502205,S3-19078052
S1-556425538	S2-231053061,S3-4251737,S3-949655750
S1-415649890	S2-226499716,S3-851923086
S1-983694869	S3-301064217,S3-886586780,S3-142319878
S1-560635717	S2-666412900,S2-649932259,S3-530283577,S3-167047489
S1-174739389	S2-851108161,S2-680316367,S2-7879344,S2-407014849,S3-975527562
S1-191561060	S2-400036370,S3-343673678,S3-912475866,S3-497200007
S1-108527631	S2-619465975,S3-494295663,S3-899295890,S3-447168786
S1-328951249	S2-467337231,S2-158248179,S2-424628654,S3-763955222,S3-198215120
S1-221015382	S2-963530459,S2-785799225,S2-155021149,S2-121885381,S3-682534110,S3-362905336
S1-738660573	S2-661557192,S2-717313931,S2-416314858,S3-589375402,S3-785488801,S3-113166290
S1-404699138	S3-848808508,S3-508241867
S1-156369321	S2-898416017,S3-146816823
S1-529148610	S2-419801902,S2-429389246,S3-510781868,S3-667478941
S1-331881999	S2-492262187,S2-910215585,S3-725896298
S1-405192999	S3-582221538,S3-557289226
S1-543671304	S2-121472316,S2-681861477,S3-929593161
S1-751658868	S2-267739223,S3-818089819,S3-555257020,S3-63952817,S3-38845558
S1-982341227	S2-34271520,S2-614470596,S2-761391911,S3-839673360
S1-117649994	S2-240745384,S3-374505647
S1-898506297	S2-253970246,S2-970776115,S2-725588722,S3-931224076
S1-289734114	S2-151424267,S3-391982603
S1-454706819	S2-380224503,S3-355872567,S3-422534354
S1-241143577	S2-915056654,S2-289222177,S3-952865027,S3-619098569,S3-212302283
S1-869188574	S2-911418522,S2-442535157,S3-221758095,S3-292966891
S1-681463873	S2-126549373,S3-602010751
S1-235170644	S2-599167032,S2-127728494,S2-528523724,S3-230075575
S1-690513817	S2-555509887,S2-821335142,S3-266818624
S1-284733441	S2-986929745,S2-466143188,S3-435574587
S1-334418038	S2-981444801,S2-693865697,S2-613406815,S3-790478368,S3-743474981
S1-69983021	S2-912760164,S3-421225128
S1-443966015	S2-180190476,S3-232475076,S3-462159683,S3-304792273,S3-242235340
S1-306559245	S2-617181737,S2-798522560,S3-943348061,S3-932688615,S3-836098721
S1-754010612	S2-795584515,S2-417153398,S2-883590389,S3-663290119,S3-413654016
S1-877883240	S2-527772216,S3-466058216
S1-135319959	S2-535332687,S3-265042400
S1-309786366	S2-291569082,S3-94617533
S1-380513576	S2-735153377,S2-716235978
S1-732694961	S3-30967741,S3-833382594
S1-406706463	S2-971015860,S2-849926527,S3-340677101
S1-12353217	S2-450173350,S3-98251355,S3-218246343
S1-974520475	S2-165031763,S3-787316866,S3-19098025
S1-470557908	S2-351711645,S3-909427354,S3-25116009
S1-179842306	S2-93297760,S3-926015634,S3-337093435
S1-881519009	S2-741794304,S2-966898725,S3-81636205,S3-718432920
S1-985953719	S2-410798890,S3-870003441,S3-538332825
S1-160485772	S2-900245553,S2-155823253,S3-326826684,S3-370702453
S1-91833217	S3-234396327
S1-174110150	S2-639337845,S3-337528603
S1-605684235	S2-692367113,S2-614250594,S3-728804233
S1-536968179	S2-751176662,S2-5118805
S1-338976873	S2-385947752,S2-372940673,S2-427075026,S2-99687452,S3-684131985,S3-266768485,S3-942427074,S3-39620141,S3-151211931
S1-423558479	S2-912283679,S2-378963993,S3-260526117,S3-382316176
S1-373941765	S2-357057671,S2-690221995,S3-630463161,S3-953195484
S1-110342003	S2-962640981,S2-783743928,S3-70880875,S3-393582104,S3-468766148,S3-170583187
S1-492440497	S2-31078907,S3-73059877
S1-240544761	S2-977261517,S2-916723743,S2-847875640,S2-351282651,S3-518866187,S3-882719278,S3-296226110
S1-932294359	S2-141039242,S2-272440694,S2-640560499,S3-21319937
S1-516941179	S2-52323234,S2-131568028,S3-226664513
S1-124787273	S2-118028764,S3-944483718,S3-210546625,S3-681639690
S1-348185236	S2-889542963,S3-573381522
S1-686351681	S2-134674361,S2-142998606,S2-126933582,S2-441699807,S3-569756903,S3-141698450,S3-3147946
S1-673555250	S2-849516323,S2-511907266,S3-620313143,S3-690417804
S1-397417615	S2-916510661,S3-118067228,S3-471119359
S1-911325206	S2-112248243,S3-153231414,S3-336014300,S3-723901385,S3-586799163
S1-746757127	S2-413080834,S2-198498139,S3-18545636,S3-180804248
S1-88132224	S2-319257334,S3-994389950,S3-983786569
S1-585896860	S2-621191963,S2-71880264,S2-172444385,S3-236756647
S1-386727446	S2-435399229,S3-89133773,S3-493792511
S1-915750940	S2-324233674,S2-407582344,S2-292361631,S2-693293924,S3-55287463,S3-46219688
S1-404905294	S3-939445140,S3-398883477,S3-534824729
S1-782520454	S2-635979650,S3-139843530,S3-493003225,S3-936577782
S1-793118002	S2-783488
S1-938211304	S2-671353572,S2-462137606,S3-189717250,S3-110950538,S3-25883573
S1-552579311	S2-281551703,S3-764165980,S3-738411963,S3-194807709,S3-96588734
S1-820807417	S2-238194734,S3-205454151,S3-281007501
S1-493881532	S2-456350260,S2-149934707,S2-480617582,S3-920515486
S1-420782640	S2-696952475,S3-715496802,S3-259709643,S3-212827205
S1-964743952	S2-540106384,S3-989285680,S3-371616864,S3-646690804
S1-703168730	S2-35523282,S3-401124497
S1-784275879	S3-357392551,S3-5673846,S3-886650289
S1-570157097	S2-56304146,S3-669299398
S1-242126382	S2-304743519,S3-753348699,S3-449647926
S1-699169595	S2-488065997,S2-638091124,S3-666255056
S1-976598963	S2-398710178,S2-818234016,S3-622886587,S3-456608948
S1-574747862	S2-138487205,S2-436478369,S3-744265826,S3-584862330,S3-606970913
S1-587349347	S2-195224749,S3-31861097
S1-130770102	S2-754662406,S2-601709987,S2-230351536,S3-146348570
S1-214621745	S3-21425990
S1-327501689	S2-174529021,S3-516361489,S3-400640111
S1-374297432	S2-137539865,S2-920370215,S2-752254981,S3-179755989,S3-698211036
S1-735588721	S2-764901785,S2-750187726,S3-185864449,S3-252362237,S3-394924453
S1-882514294	S2-911545107,S3-480990979,S3-308371721
S1-169917613	S2-723358889,S2-373772290,S2-760494154,S2-922184603,S3-824080487,S3-589222465
S1-635972882	S2-37671748,S3-160943354
S1-228670637	S2-711701728,S3-726293386,S3-254257682
S1-486527126	S2-806777913,S2-464392430,S2-104403960
S1-180681513	S2-262205928,S2-56129661,S2-209869284,S2-623092248,S3-790081358,S3-138207327
S1-312019345	S2-774005328,S3-426491017
S1-431506673	S2-980232106
S1-522673249	S2-69883486,S3-600239093,S3-308513866,S3-195290883
S1-180418223	S3-927388350,S3-857291749
S1-41063808	S2-127262101,S3-860844372
S1-606118073	S2-14862296
S1-790302045	S2-85435110,S2-974313034,S3-137135227
S1-630972459	S2-69732626,S2-436411953,S3-166051885,S3-41449967
S1-198830915	S2-654161613,S3-149837307
S1-441853006	S2-711764058,S3-434472879
S1-603014812	S2-767161175,S3-357174737,S3-651780516
S1-666053714	S2-836204924,S2-901041224,S3-406672423,S3-986458182,S3-397326000
S1-929586670	S2-372510518,S3-63407859,S3-926864779
S1-311757983	S2-475681882,S3-442780340,S3-105903893,S3-988687087
S1-642381596	S2-403753948,S3-374965316,S3-346217018
S1-776628423	S2-774844276,S2-223776384,S2-859586932,S3-594610141
S1-878188376	S2-169549860,S3-777448449
S1-11518470	S2-420826318,S2-485101940,S2-394610763,S3-965111607
S1-48571234	S3-572850709,S3-530658843,S3-384170282,S3-437922470,S3-926661389
S1-456861875	S2-745122750,S2-346694185,S3-291112277
S1-775952301	S2-741598498,S3-367792878,S3-966785600,S3-640108108
S1-120348799	S2-507068513,S2-727351585,S2-385636826,S3-924631826,S3-627105232,S3-19444301
S1-995940252	S2-636908225,S3-260803750
S1-463025715	S2-979977332,S2-986477702,S3-664821405,S3-402280892,S3-647217951
S1-236704368	S2-768322060
S1-632607629	S2-486211776,S2-258699814,S3-190958951,S3-584735329,S3-264426172
S1-823841660	S2-574680462,S2-702878689,S2-93136002,S3-911096760,S3-230365496
S1-635027231	S2-232493332,S3-748289865
S1-879832663	S2-729876746,S2-331702566,S2-987096802,S2-200191212,S3-496484050,S3-384228790,S3-752711656,S3-992770690
S1-812440516	S2-571849393,S2-930202324,S3-554741164,S3-797799881,S3-70908894,S3-550985328
S1-820692646	S2-116229406,S2-439758531,S2-975834658,S2-509086099,S3-961721775
S1-632722505	S2-543532138,S2-37516488,S2-266637427,S3-669053416
S1-360008581	S3-227703141
S1-548374503	S2-539844398,S2-113816814,S3-947784226,S3-361304350
S1-238334993	S2-734695919,S2-409103392
S1-99709238	S2-676172494,S2-290790584,S3-254918058
S1-823448208	S2-103368663,S2-578603949,S3-829560119,S3-524484394
S1-989623232	S2-641522901,S2-655833305,S2-698271809,S3-557834114,S3-299023187
S1-193342346	S2-433857073,S3-449127201,S3-686295066,S3-434199882
S1-95510222	S2-25495921,S3-40028305,S3-346558761
S1-859557930	S2-164443859,S2-356643845,S2-480054853,S3-965506397
S1-987285059	S2-819124210,S2-433039652,S3-897530021
S1-576753128	S2-191699913,S3-260932138
S1-457350022	S3-19209905
S1-658880532	S2-809377583,S3-725245467
S1-597955082	S2-473495796,S3-684393889
S1-335467078	S2-975074680,S2-223820568,S3-863111557,S3-31388258
S1-880514196	S2-679780060,S2-900177001,S2-260424512,S3-684119318,S3-42903342
S1-174075085	S2-491662501,S2-320422156,S2-868362453,S3-256528272,S3-466155334
S1-321712086	S2-603081709,S2-342093400,S3-388426452,S3-976847531,S3-722335618
S1-455221994	S2-891984529,S2-729158579,S2-367116791,S3-318044991
S1-895272207	S2-118843829,S2-320067757,S3-544278946
S1-943593026	S2-500181793,S3-774512252
S1-375864124	S2-57742008
S1-422136412	S2-262131207,S3-373171659,S3-104792964,S3-30451029,S3-876445930,S3-904627317
S1-343645748	S2-878041862,S2-626566713,S3-85798573,S3-307176851,S3-996356248
S1-273925212	S2-711674837,S2-979690456,S2-960043739,S3-389228592,S3-607288866
S1-971271487	S2-156269867,S3-325858740
S1-40039357	S2-436906785,S3-49302085,S3-158731780,S3-199172707,S3-919387551,S3-466002207
S1-729028239	S2-215117686,S3-350610948
S1-117246184	S2-156139100,S3-102701995
S1-908745299	S2-665224688,S3-754651699,S3-57286443
S1-990922224	S2-604228408,S2-204127974,S2-980290004,S2-515666675
S1-850333401	S2-965447171,S2-177546879,S3-596723793
S1-679469187	S2-397197347,S2-241659665,S3-694013962,S3-158015279
S1-493616362	S2-594899185,S2-416143444,S2-185985236,S3-28028762,S3-976311348,S3-469376208
S1-398861203	S2-189166186,S3-532010939
S1-753581257	S2-190137933
S1-912547965	S2-501110084,S3-209535168
S1-655390532	S2-104932537,S2-585154677,S3-789333589
S1-517024232	S2-997901517,S3-511805243,S3-759799539,S3-240845018
S1-390401494	S2-393420603,S3-66933700
S1-372947205	S2-702987519,S2-108855357,S2-339662292,S3-587429613,S3-454555957,S3-751154133
S1-380962184	S2-379681813,S2-402325876,S2-815687452,S3-45177088
S1-958118908	S2-806819402,S2-72324361,S3-234771670,S3-747737764,S3-99044096,S3-507630890
S1-792604144	S2-51798885,S3-645114030
S1-208197086	S2-804532979,S3-371225465,S3-140791304
S1-321121099	S2-208151203,S3-807421874,S3-77394329
S1-389513296	S2-327065874,S2-110361119,S3-466745388
S1-52618093	S2-384338763,S3-180386859,S3-711241912,S3-60334020
S1-478251038	S2-962330620,S3-93880610,S3-463345077,S3-547596743
S1-951123704	S2-118683389,S3-259200361
S1-925664946	S2-217595982,S3-446334981,S3-518526638,S3-653879466,S3-904743153
S1-563471335	S2-618811112,S3-905060526,S3-22021824,S3-475704705
S1-792676813	S2-604775622,S2-673199344,S2-466093808,S2-472015003,S3-459056352,S3-159813084,S3-967081443,S3-714271720
S1-714121133	S2-942670346,S2-532241916
S1-468843286	S2-676219618,S2-410801484,S2-840767569,S3-152835009
S1-564347736	S2-841460166,S3-265104993,S3-715403869,S3-881991962,S3-514196091
S1-947272262	S2-348621387,S3-455056631,S3-798873519
S1-763102344	S2-547475715,S2-755956194,S3-570039605,S3-681102488,S3-101511247,S3-686029351
S1-876110881	S2-267269510,S3-779954048,S3-280974518,S3-969270119,S3-719533170
S1-284965486	S2-493059744,S3-756889085,S3-848454746,S3-711810613
S1-866341972	S2-396035974,S3-340004767,S3-344177483,S3-793756968,S3-273706610
S1-389618667	S3-990333540,S3-44691952
S1-252790308	S2-603110619,S3-642261152,S3-487404292
S1-516497060	S2-784684132,S2-751613123,S3-586202599,S3-376068846
S1-600983309	S2-692259843,S3-882028327
S1-457738365	S2-835879746,S3-710744156,S3-192737719,S3-894782703
S1-729118671	S3-551039550
S1-39513112	S2-575586896,S2-818533745,S3-31065945,S3-848815741,S3-436986701
S1-21960994	S2-246152691,S2-675088296,S3-451156842,S3-257212456,S3-523015930
S1-739531058	S2-982299657,S2-308313519,S2-729596099,S3-779799104,S3-481338843
S1-62834009	S2-459347456,S3-220972342,S3-526987309
S1-855874690	S2-794173080,S2-771441184,S3-113847488
S1-178428339	S2-533194896,S2-641696065
S1-598487427	S2-602752155,S2-47320676,S3-696120136
S1-14846397	S2-126128334
S1-797107577	S2-340823186,S2-435985668,S2-49931983,S3-719334361,S3-632687274,S3-908552889
S1-655161511	S3-591244632,S3-799721849,S3-482365446
S1-904499913	S2-94766978,S3-927022670,S3-958904283
S1-654535677	S2-211957840,S2-568983241,S2-907859071,S3-363748595,S3-726121689,S3-16984520,S3-405490052
S1-253787113	S2-541499945,S3-3306244,S3-242122212,S3-312211062
S1-712977465	S2-931532263,S3-354954203,S3-555683696,S3-126386095
S1-456092475	S2-602591051,S3-166537796,S3-857718707,S3-369633976
S1-935362740	S2-718462121,S3-599147032
S1-719105837	S2-205804235,S3-744986354
S1-84902043	S2-57759396,S3-228245178
S1-467803672	S2-194036882,S2-528976061,S3-852679987
S1-965235871	S2-973456294,S2-202020820
S1-419849914	S2-270556119
S1-330090224	S2-315417089,S3-245514851,S3-105064759,S3-279487496,S3-772215510
S1-304462983	S2-86818787,S3-585526456,S3-989992004,S3-398866763
S1-38603355	S2-449722490,S2-457161452,S2-58511650,S3-779504819,S3-214210100
S1-393862007	S2-448232092,S3-726208808,S3-690172660,S3-274149649,S3-53237697
S1-434573544	S3-564157513
S1-105196640	S2-884995908,S2-846560875,S3-116377017,S3-461418103,S3-904185772
S1-749277664	S2-53512522,S2-120121002,S3-455066933,S3-131274472,S3-549531790
S1-794711935	S2-438396406,S3-3329305
S1-373003006	S2-373564961,S2-76627676,S3-639440285,S3-107641585
S1-592879963	S3-100930298,S3-646705735
S1-544739366	S2-73026866,S3-160939565,S3-980182915
S1-53666397	S2-769298388,S2-671909075,S2-686483412,S2-966385293,S2-711861453,S3-193323696,S3-907836407
S1-211004576	S2-502169066,S3-690126975,S3-138579668,S3-276947535
S1-794980084	S2-36402389,S2-411906153,S3-283357865,S3-944491062
S1-838549122	S2-699935371,S3-527789673,S3-900550249,S3-744675551
S1-126919199	S2-835474227,S2-946468577,S2-104731455,S3-13100036,S3-251872556,S3-112139556
S1-961653678	S2-47531931,S3-986203694,S3-911207869,S3-150929099,S3-153878797
S1-278661642	S3-911645938
S1-117783971	S2-387716323,S2-184176475,S3-678628296
S1-376612826	S2-732260331,S3-311904745
S1-891139805	S2-457157815,S3-186773671,S3-413054062
S1-91131506	S3-832952021
S1-960487818	S2-843719982,S3-19200233
S1-523506055	S2-640500982,S2-973100840,S3-617536399,S3-840236322,S3-839180899
S1-405863305	S3-624400990,S3-439436926,S3-597730417
S1-577895495	S3-804188702,S3-726150684,S3-634876883
S1-47167450	S2-353644092,S3-525530979,S3-988847193,S3-142273683
S1-666040382	S2-779672180,S2-697251518,S2-132099073,S3-734203545
S1-979371169	S2-136865599,S2-494991905,S2-89724696,S3-140762018,S3-922793971
S1-641160158	S2-22592328,S2-439291712,S3-935514925
S1-667449847	S2-901417895,S2-226491110,S3-112109338
S1-296965087	S2-337469861,S2-713758652,S2-383847937,S2-906360028,S3-586502202
S1-890154000	S2-225172677,S3-249331796,S3-506053306,S3-383888241,S3-827933655,S3-11688744
S1-462011102	S2-84999071,S2-966286332,S2-192950761,S2-466366430,S3-874506632,S3-593352384,S3-200359358
S1-644847390	S2-397741733,S2-426212800,S3-511246807,S3-146785825,S3-163012409
S1-981298083	S2-544934386,S3-610363186,S3-359010440,S3-978437662
S1-214965710	S2-993441333,S3-771227299,S3-701334170
S1-411419573	S2-727424969,S2-353184326,S2-694683797,S3-913839962,S3-100988283
S1-465707933	S2-98114274,S2-950143254,S3-853896195,S3-13090357,S3-149657586,S3-109827873
S1-76561431	S2-236321915,S2-805776076,S2-143835041,S2-749771817,S3-742063147,S3-66359572,S3-424247774,S3-409035685
S1-653716732	S2-369534713,S3-407145868
S1-634751295	S2-629743704,S2-266404382,S2-300194681,S3-458500390,S3-117502649
S1-8833572	S3-316303924,S3-630321954,S3-403475277,S3-428133250
S1-730904161	S2-448388423,S3-887471440
S1-625773857	S2-857094115,S2-972429877,S3-886973910
S1-907541635	S2-875329294,S2-695959259,S2-929792844,S3-280067454,S3-397700993,S3-623745500,S3-658518952
S1-69266933	S2-684190131,S3-904867631,S3-482913205
S1-401233981	S2-73796683,S2-893219126,S2-955650118,S3-881160835,S3-317502851,S3-929012647
S1-893005619	S2-84978535,S2-854139007,S3-93456013,S3-276129802
S1-689104656	S2-717111807,S2-910245365,S3-342451032
S1-483481833	S2-489658325,S2-959784763,S2-703063435,S3-402902885
S1-582944760	S2-145709115,S2-700127242,S3-716909322
S1-334738013	S2-343495496,S3-566149851,S3-947406932
S1-983081785	S2-514621359,S2-420864723,S2-770345652,S2-318359313,S3-998441842,S3-526665869
S1-743167129	S2-421887644,S2-696171968,S2-841506638,S2-872374341,S3-233212164,S3-354247755,S3-259042781,S3-729436057,S3-715115606
S1-554514045	S2-535163985,S2-905126222,S2-325033972,S3-231885754,S3-144380874,S3-570332126
S1-575005198	S3-950901239,S3-97334334
S1-527633688	S2-970034072,S2-320448654,S2-770076090,S3-202631324
S1-198679202	S2-186492208,S3-63863756
S1-8751893	S2-725759057,S2-875570452,S3-765287076
S1-212221726	S2-369786726,S3-383440785
S1-290764322	S2-355991048,S2-96651035,S3-176503225,S3-581235438,S3-995144217,S3-31926683
S1-535958863	S2-37913965,S3-292500581,S3-934069721
S1-608933132	S2-881006208,S3-791710857,S3-138480482
S1-301214369	S2-668489295
S1-589308913	S2-166358267,S3-271126380,S3-667376408
S1-13395717	S2-978274419,S3-834729484,S3-180036848,S3-572364342,S3-635251263
S1-557364382	S2-840590234,S2-929909233,S2-192090867,S3-88611992,S3-423326904
S1-363106031	S2-42940124,S2-59149238,S2-661361914,S3-366552209,S3-870807904,S3-653430164
S1-174144054	S2-843533073,S3-355997740,S3-274865276
S1-66025403	S2-1215380,S2-626668748,S3-4044858,S3-77586690
S1-448762454	S3-970537568,S3-142024420
S1-994945399	S2-286699901,S2-842527814,S3-182922968
S1-224435308	S2-213416420,S3-302933581,S3-650814514
S1-81944060	S2-71515094,S2-304806748,S3-855411876
S1-63061677	S2-939894194,S3-322378226,S3-447894408,S3-27090154,S3-892080201
S1-127252610	S2-250119274,S2-392121540
S1-435531948	S2-689162707,S3-738878038,S3-275712340,S3-993540193
S1-841093735	S2-57808372,S2-707686303,S2-437916431,S3-326792578,S3-383837126
S1-796659609	S2-467041064,S2-203697504,S2-54356929,S2-89504615,S3-537212891,S3-373070195
S1-614906436	S2-774008759
S1-792646863	S2-399671478,S3-75072471
S1-955149336	S2-983424953,S2-998152506,S3-51536539,S3-583006015,S3-601553374
S1-888548222	S2-443611446,S2-307511560,S3-792041860,S3-705185663
S1-421263499	S2-960359005,S3-876786669,S3-44394869
S1-730912693	S2-249117552,S2-894158914,S3-199489165,S3-377265315
S1-720644605	S2-361068141,S3-712547111
S1-674534779	S2-434288222,S3-173986594,S3-316608953
S1-895544856	S2-484302554,S3-363721110,S3-593920223
S1-292598163	S2-170418552,S2-901031472,S3-411741854
S1-429518134	S2-375236572,S3-761942841,S3-153944176,S3-347778948
S1-324231813	S2-563689289,S3-541511819,S3-576023694
S1-260326078	S2-234114560,S3-149786149,S3-105247459,S3-225883652,S3-842469741
S1-424183463	S2-355408661,S2-77909678,S3-312755572
S1-443284003	S2-857955906,S2-213774894,S2-862964629,S3-930938731
S1-821084681	S2-513757827,S2-578215431,S2-381459757,S2-696214367,S3-611233948,S3-970487597,S3-692660998,S3-498238028
S1-781641970	S2-567211190,S2-193315890,S3-846081823
S1-115341465	S2-505401933,S2-9018778,S3-332839683,S3-109813963
S1-205487034	S2-733204457,S2-453779264,S2-508536231,S3-686503360,S3-778942193
S1-717802022	S2-29107039,S2-169111577,S3-927037365,S3-993741451,S3-176220047
S1-139718448	S2-260112851,S2-29414225,S2-408936774,S2-260717001,S3-928638075,S3-759532177
S1-52452117	S2-556231544,S2-112681803,S3-329110168,S3-437158715,S3-927746240
S1-526067631	S2-697113679,S2-428820014,S3-437314632
S1-469641239	S2-885360905,S2-367924932,S3-628948937
S1-874157337	S2-124231599,S2-678302999,S2-470646668,S2-33163946,S2-698976851,S3-953728511,S3-554423466
S1-850565492	S2-70723067,S2-712424266
S1-40707936	S2-81685787,S3-35690066
S1-664463509	S2-565156039,S2-286847308,S3-270312622
S1-544089773	S2-508889468,S2-182924182,S2-457685251,S3-779627479
S1-148447083	S2-456466094,S3-682523135,S3-465573061,S3-855236030,S3-908321049
S1-107753255	S2-824100641,S3-881869490,S3-435426832
S1-874032395	S2-411775328,S3-601750642,S3-474621218
S1-644211401	S2-260924912
S1-220368636	S2-286898317,S2-931980219,S3-65448585,S3-70615591
S1-708858508	S2-9481371,S2-190267455,S2-497582256,S3-573135192
S1-59604899	S2-686973812,S2-12096823,S3-680372045
S1-641958717	S2-410883790,S2-236329665,S2-139679347,S3-865311209,S3-620937043,S3-996242401
S1-446492325	S2-638359312,S3-311289855,S3-751847055,S3-616416304
S1-69207777	S2-862267864,S2-560539820,S3-409536796,S3-527199318
S1-128104855	S3-635128934
S1-560124010	S2-982847987
S1-923647240	S2-14636602,S3-123603490
S1-330073601	S2-103329618,S3-628674441
S1-616134107	S2-148701869,S2-796856211,S3-393991837,S3-261374181,S3-389801132
S1-169088903	S2-760745749,S2-459723515,S3-902920351
S1-330434472	S2-892167553,S2-826752724,S3-494063274
S1-722491354	S2-780521101,S2-752758147,S2-478243588,S3-58885206,S3-442225979
S1-410263024	S2-218930392,S2-52236383,S2-310061024,S2-124883101,S3-245528279,S3-701516830
S1-976127968	S2-679131048,S3-401461367
S1-322751792	S2-743242470,S2-207703224,S2-618008897,S3-420015828,S3-109939587
S1-586806946	S2-158000070,S2-598672412,S3-50687905
S1-240887122	S2-698012170,S3-413162175,S3-162017446
S1-146369048	S2-286193402,S3-754114423,S3-643666105,S3-483976636
S1-527553973	S2-542504346,S3-764701416,S3-895212691,S3-113353389
S1-694362717	S3-322382916,S3-642704034
S1-502368942	S2-558060892,S2-44101015,S3-896911398,S3-921380814
S1-585314222	S2-582029033,S2-67915462,S3-76509179
S1-71873640	S2-529586847,S2-996763667,S3-333886306,S3-569176736
S1-716458951	S2-768164417,S3-20945453,S3-794511684
S1-16405034	S2-69912863,S2-336071863,S2-504918925,S3-775892083,S3-210042280
S1-517090797	S3-798908058
S1-211629418	S2-847403708,S2-153428545,S2-473537097,S3-253868458,S3-381329726,S3-166013293
S1-925413937	S2-741192649,S2-38909933,S3-825285362
S1-896129383	S2-398265396,S3-937595851,S3-956116988,S3-865668283,S3-352357709
S1-94418066	S2-607821337,S2-83856657,S2-283953581,S3-671448772,S3-358185362,S3-666457482
S1-542743158	S2-954440019,S3-948816112
S1-54532916	S2-293730451,S2-793354584,S3-578292693,S3-721045667
S1-801406471	S3-34823999
S1-644848402	S2-127395735,S2-978065394,S2-505820055,S2-827064578,S3-542639440
S1-137467553	S2-758224235,S3-115000103
S1-757532513	S2-255497537,S3-752591720,S3-848615724
S1-929495278	S2-685283173,S2-720983780,S3-696009232
S1-151908199	S2-452641362,S3-74115461
S1-114225105	S2-610570401,S2-636382894,S2-940911088,S2-31150642,S3-140653966
S1-808629119	S2-204809200,S2-235150519,S2-105453467,S3-190715798,S3-114975435
S1-840143421	S2-105788721,S2-8155463,S3-700199065,S3-819399873
S1-114840898	S2-153596919,S3-331875242,S3-893325624
S1-221198754	S2-577234928
S1-292434603	S2-487747208,S2-265093224,S3-136740611,S3-485097895,S3-943233903,S3-21389209
S1-768108420	S2-247085999,S3-309989502,S3-65727129
S1-677234595	S2-74993834,S3-837535640
S1-230863896	S2-244764748,S3-490655475,S3-162433566
S1-738577604	S2-293088883,S3-799731419
S1-418647868	S3-531986581,S3-393667842
S1-862231249	S2-715803610,S2-808726834,S2-661499117,S3-819749737,S3-252016166
S1-103611424	S2-972156354,S3-629710261
S1-561851535	S2-348250086,S2-887003632,S3-391961532,S3-265420261,S3-843541625
S1-147627646	S2-485208519,S2-340496120,S2-430693940,S3-868059186
S1-964413911	S2-117259210,S2-496395014,S3-784374102,S3-445868241,S3-699444108
S1-244864370	S2-236138132,S2-629175916,S3-235124485,S3-500509381,S3-185191298
S1-287664296	S2-886561936,S3-498320073,S3-263221047,S3-831160723,S3-518203877
S1-784656343	S2-882990891,S3-426190183
S1-527852200	S2-600767860,S2-566338210,S3-342223742,S3-636119960
S1-318423205	S2-291631882,S2-614537396,S2-258398506,S3-36120623,S3-180480641,S3-232684150
S1-463924951	S2-806876061,S2-652720903,S3-473353020,S3-824886200
S1-360025023	S2-788798762,S3-982199268
S1-294664557	S2-972504193,S2-806611448
S1-262707182	S2-262502494,S2-73239868,S2-766645577,S3-361563647,S3-71835542
S1-760072381	S2-958070051,S2-30158140,S3-433219622
S1-973313020	S2-376947708,S2-446997190,S3-842972117,S3-73098175
S1-697191301	S2-101033141,S3-984997956
S1-972825115	S2-543258040,S3-295873935,S3-120496774
S1-926169343	S3-558140706
S1-928371510	S2-611624193,S2-109716467,S2-140730220,S3-406547089,S3-646932217
S1-843955872	S3-70269048
S1-261903847	S2-122865234,S3-203354208
S1-227875306	S2-149470866,S2-572968387,S2-190863480,S2-581906373,S3-393732262
S1-699419454	S3-901318984,S3-808426577
S1-870361809	S2-882135304,S2-323410086,S3-339490280,S3-533221572
S1-573567436	S3-661450602,S3-623667837
S1-74951787	S2-775564074,S3-428026403,S3-461999885,S3-812045415
S1-655439473	S2-13940355,S2-954625937,S2-361114506,S3-265161318
S1-535711332	S2-929341732,S2-420180230,S2-182550047,S3-146078754,S3-855213535,S3-347334519
S1-499493532	S2-171751025,S2-308810346,S3-304574692,S3-56559261
S1-744464663	S2-128776005,S3-711334321
S1-944486837	S2-766348940,S2-911113216,S3-536859999
S1-202952014	S2-823309355,S2-528589978,S3-702116301,S3-513851516,S3-907928218,S3-129846632
S1-833352219	S2-249159696,S2-948973107,S3-621206991,S3-427858253,S3-562879886,S3-968658155
S1-272379349	S2-811305217
S1-735017375	S2-659352171,S2-487213039,S3-682023491
S1-568989314	S2-264223089,S3-374468620,S3-62247660,S3-660209041
S1-361094273	S2-703262716,S2-719481758,S3-577918722,S3-104517523
S1-776760901	S2-238404352,S2-226720517,S2-686850299,S3-756627999,S3-954591396,S3-140482591
S1-372695127	S2-910426113,S2-27833003,S2-220326167,S3-16900474,S3-770260106,S3-440181238
S1-261739792	S3-47669800,S3-852240529,S3-682421605
S1-765318353	S2-435964433,S3-212572796,S3-25004119,S3-450109915,S3-499212832,S3-746528948
S1-525611816	S3-936754548,S3-86758196,S3-457783881
S1-31671776	S2-682188198,S2-177091257,S3-990065771
S1-476608752	S2-79729822,S3-882754538,S3-436787426,S3-730636614
S1-98673773	S2-184427176,S3-532146311,S3-654911053,S3-664441183
S1-341987577	S2-302862855,S2-744523041,S3-57494676,S3-678997547,S3-390088296,S3-685816503
S1-199841978	S2-828721154,S3-79543899,S3-194933581,S3-71811627
S1-358281727	S2-449381369,S2-915411754,S2-357337234
S1-562753938	S2-645876747,S3-655708233,S3-131832136
S1-97978104	S2-731263505,S2-239077533,S3-158683956,S3-916578869,S3-397912062,S3-664873057
S1-342601163	S2-838028455,S3-223002057,S3-68079729,S3-36130462,S3-389402783
S1-742925598	S2-246908989,S2-65040350,S3-57055563,S3-999559534
S1-285435040	S2-532264700,S2-333160649,S3-252168713,S3-445955387
S1-844722931	S2-98199264,S3-309435607,S3-624613692
S1-772460057	S2-697963981,S3-708060516,S3-290905821,S3-644329953
S1-848109320	S2-204189354,S3-119705420,S3-58803867
S1-518755139	S2-388542199,S2-244383355,S3-937932840
S1-42938249	S3-923003759
S1-586972861	S2-613110076,S2-159868697,S3-169361614,S3-454498481
S1-726661405	S2-343042461,S2-858411904,S2-222032281,S2-289130848,S3-163828556
S1-549608297	S2-925056466,S3-200890651
S1-867454135	S3-473525700,S3-831583012,S3-245385656,S3-715766608
S1-381192039	S2-717142432,S3-733540998,S3-554618131,S3-669597908,S3-170767796
S1-60423930	S2-536219073,S2-188552960,S2-418468849,S3-137388351,S3-515813283,S3-85378071
S1-931814329	S2-80589388,S2-870319313,S3-919529722,S3-481932039,S3-970944503
S1-622074431	S2-810975409,S2-970963914,S2-317216808,S2-40918105,S3-890745303,S3-454459764
S1-428008733	S2-662259929,S2-117646927,S3-106214281
S1-484242496	S2-950904010,S2-959105822,S2-447927957,S2-981354311,S3-637870841
S1-242611654	S2-60944822,S3-989646653,S3-971439700,S3-808193573,S3-709428072
S1-128535530	S2-842034455,S2-934526579,S2-30569225,S2-381855612,S3-65069866
S1-505205140	S2-264639706,S2-797102494,S2-841808907,S3-853352823,S3-481990327
S1-385639714	S2-292549078,S2-646518264,S2-239012185,S3-771801316
S1-765510401	S2-288012482,S2-628439812,S2-229402549,S3-778257759
S1-922570983	S2-773054950
S1-355286216	S2-731856625,S2-214793010,S2-89432716,S3-501116127,S3-979308571
S1-145183908	S2-469821690,S3-431322786,S3-307131164
S1-801188444	S2-609181912,S3-801034879,S3-177796211,S3-676291548,S3-807336947
S1-529833883	S2-403408853,S2-448944388,S2-856559520,S3-477437936,S3-850938687,S3-674460628
S1-901424079	S2-610036282,S3-26046096
S1-617865931	S2-480402981,S2-661150930,S2-411328549,S2-816091684,S3-612990705
S1-870943778	S2-451363119,S2-558427486,S3-833279463,S3-84804685
S1-86252370	S2-443156130,S3-301381561,S3-208812414
S1-401328954	S2-423265339,S2-297503779,S3-832082746,S3-260135584
S1-723498965	S2-503608776
S1-734960506	S2-467505246,S2-496439467,S3-516436427,S3-648762782,S3-609586745,S3-548071649
S1-853450941	S2-401515715,S2-771822256,S3-694625395,S3-471165701,S3-234016513
S1-992847681	S2-283731772
S1-53494370	S2-529959261,S3-288416997
S1-748252423	S2-298690514,S3-167933240,S3-232514302
S1-824985579	S3-357834530
S1-241989651	S2-164153311,S3-642672606,S3-563217533
S1-221276202	S2-667314024,S3-899596907
S1-268904583	S3-970393797,S3-915969922,S3-591699715,S3-747419776
S1-509856825	S2-926209277,S3-826405374,S3-646385368,S3-364105990,S3-808440726
S1-685995224	S2-932724835,S3-278191694,S3-482694682
S1-756347280	S2-79264469,S2-114403646,S3-20491944
S1-374242157	S2-100024812,S3-975943810,S3-308749696,S3-837749895,S3-566759547,S3-357642024
S1-849047408	S2-271445710,S3-541326677,S3-347825161
S1-130539228	S2-569005095,S3-372212305,S3-423082196
S1-854798992	S2-647891923,S3-972266076,S3-113619818,S3-639559193,S3-522296177,S3-625127381
S1-557044657	S2-149608348,S3-16865811
S1-135122325	S2-396356353,S3-211999309,S3-836767838,S3-740289168,S3-755319116
S1-241454838	S3-565547049,S3-855742916,S3-491400688
S1-475219406	S2-984768491,S2-41664985,S3-722415739,S3-707859915
S1-415378269	S2-195708861,S3-183001765,S3-563666590
S1-738226129	S2-901386970,S3-708641161
S1-156801843	S2-152744981,S3-406506574,S3-780418672,S3-128644919,S3-229175828
S1-969867804	S2-75704532,S2-632989720,S3-64469472,S3-933449376
S1-921970566	S2-402108819
S1-421277630	S2-683529554,S3-308045364,S3-11224185,S3-801561388
S1-586104729	S2-98227827,S3-302701612,S3-644026538
S1-922017721	S2-476788616,S3-556869829,S3-500778253
S1-197207253	S2-410414295,S2-38093106,S2-831509659
S1-402962090	S2-934725708,S3-818552609
S1-283268435	S3-976100006,S3-171800618
S1-111582031	S2-88221956,S2-613762285,S2-714512387,S3-519225273,S3-656176942
S1-707030556	S2-989451895,S2-580874618,S3-93487086,S3-611810215,S3-788106973,S3-904981858
S1-117107699	S2-890638059,S3-65821454,S3-302410215,S3-70236209
S1-840832966	S2-136363735,S2-61135453,S2-723485544,S3-339870134,S3-253189236
S1-602506055	S3-138803975,S3-769939628
S1-518217507	S2-640286144,S2-621813806,S2-804477874,S3-817410850,S3-112088055
S1-905327471	S2-40819540,S2-201308414,S2-754157138,S3-22259946,S3-784026364
S1-21703838	S2-635930402,S2-952516705,S2-970317262,S3-979135919
S1-766660869	S2-879271450,S3-958427814
S1-771412402	S2-732876376,S3-514226251,S3-871968841
S1-923700489	S2-401639460,S2-127815962,S2-275575698,S3-617439418,S3-401034742
S1-343660280	S3-464759308,S3-393734059
S1-604023477	S2-467552338,S2-785056587,S2-71807919,S3-436213279
S1-884645626	S3-824296524
S1-38492420	S2-176939062,S2-203902879,S2-479527392,S2-723720628,S3-991042531
S1-985914050	S2-490234432,S2-177802152,S2-333956590,S3-273386318,S3-572409861,S3-680071563
S1-577067650	S2-78811559,S2-195484169,S3-802601439,S3-50030665
S1-193158389	S2-857566502,S3-384983838,S3-134564982
S1-200789600	S2-540272276,S2-770217307,S2-790532179,S3-47429485,S3-193881221
S1-386098123	S2-38705068,S2-31421363,S2-183988976,S2-134975803,S3-540500882,S3-462504581,S3-711838503
S1-310123787	S2-312385502,S2-392179328,S3-499081592,S3-442325659,S3-325971141
S1-43490237	S2-892002811,S3-890472539,S3-809483653
S1-262407505	S2-992457568,S3-283499580,S3-765904138
S1-93364233	S2-38753834,S2-824261022,S3-100732187
S1-975791843	S2-670651170,S2-308306193,S2-993573350,S3-379486928,S3-961877790
S1-376317594	S3-302636620
S1-842630638	S3-974667185
S1-495078516	S2-459464777,S2-830538264
S1-445569342	S2-383572544,S2-500484632,S3-290983927
S1-553965079	S2-54441053,S3-566194626,S3-103810929,S3-833601130
S1-718342713	S3-357120731,S3-486709705
S1-809317590	S2-521886689,S2-458733504
S1-235432591	S2-424675456
S1-638411898	S2-764066955,S2-440739892
S1-175227602	S2-488749274,S3-89599888,S3-135264668
S1-9168159	S2-730226608,S2-57633669,S2-960143775,S3-844009219
S1-576875501	S2-275247262,S3-117489562
S1-661988508	S2-282808245,S3-794822677,S3-234624047
S1-102932806	S2-924871834,S3-594368173,S3-686297641
S1-118444975	S2-666291244,S3-626336116
S1-806667073	S2-540274220,S2-900383755,S2-891895110,S2-42405760,S3-603978987,S3-796777546,S3-249013894
S1-795129134	S2-807074780,S3-816471369
S1-892822283	S2-67325703,S2-870180293,S2-538436207,S3-882030478,S3-455696006
S1-837116015	S2-935671467,S3-193109231
S1-258841004	S2-994103709,S3-522749328
S1-730524495	S2-857325338,S2-561301553,S3-881203096
S1-557528794	S2-703642476,S2-955569275,S3-605615765
S1-279267731	S2-733911124,S2-685367324,S3-758746768,S3-416139714,S3-744397675
S1-870810010	S3-735591067,S3-799022753
S1-515014010	S2-76834772,S2-171148784
S1-579714664	S2-357094633,S2-923149001,S3-989729562
S1-582458460	S2-986943272,S2-360727494,S3-834390340,S3-979393622
S1-5005197	S2-727432519,S3-704232967,S3-160714760
S1-286916504	S2-539960045,S3-46716015
S1-306630115	S2-123615698,S2-870690862,S2-728669276,S3-993280920
S1-775987694	S2-605328509,S3-149377135
S1-611594566	S2-353134582,S3-478318650
S1-889678429	S2-656775247,S2-573236303,S3-677892528
S1-306572134	S2-865351541,S2-162244222,S3-548649471
S1-112140451	S2-183014124,S2-873438280,S2-645679136,S3-134792739,S3-143890142,S3-239383330
S1-862733928	S2-171923422,S2-165685751,S3-559917141
S1-324046389	S2-547695550,S2-481820120,S3-656412177
S1-439955664	S2-751989590,S3-75827377,S3-505574438
S1-433022371	S2-28735486,S2-521190352,S3-860002395,S3-875053993,S3-725600666
S1-670116361	S2-729392336,S2-760540135,S2-321318035,S2-649163015,S3-490690311
S1-714199538	S2-653929187,S2-723563667,S3-478664559,S3-3224295,S3-732399919,S3-521851113
S1-971021015	S2-258594594,S2-655027475,S2-198544713,S2-206338860,S3-523591962
S1-813391864	S2-867506885,S2-74997468,S3-279584388,S3-797757249,S3-755091667
S1-262271121	S2-801800059,S3-185654832,S3-237215359
S1-69488183	S2-923884599,S3-877277986,S3-409605396
S1-473410769	S2-355519810,S2-380623977,S2-544087933,S2-781738576,S3-459577023,S3-923827315,S3-829131168,S3-385146806
S1-728823112	S2-536030862,S2-118936234,S2-714292823,S2-444112838,S3-786148998
S1-224235780	S3-56410161
S1-33458511	S2-452443373,S3-865452839,S3-351739919,S3-267103564
S1-893120408	S2-984602451,S3-747399173
S1-292414305	S2-697466279,S2-744267675,S3-207405970,S3-174468178
S1-658825155	S2-277788877,S3-974859425
S1-294361137	S2-263342288,S2-367409265,S3-675173660
S1-103376930	S2-213227097,S3-222031649,S3-794603548
S1-382086122	S2-894031822,S2-219371561,S3-691285411
S1-699491832	S2-577072073,S3-152934580,S3-456279423,S3-256014148,S3-489629580
S1-812315158	S2-457563380,S2-28209646,S3-219079439,S3-817059555
S1-172246349	S2-501583216,S2-106373206,S3-123797621
S1-697288505	S2-274788353,S2-344901946,S3-65211466
S1-128787215	S2-837719848,S2-34296624,S3-740624350,S3-475769870,S3-607022309,S3-924343600
S1-848641620	S2-306091352,S3-715432620,S3-543155091
S1-126356209	S2-394026583,S2-999397016,S2-315910114,S3-848104799,S3-350053806
S1-882319248	S2-480678839,S2-141696085,S2-115058133,S3-472306102,S3-672250397,S3-330241434,S3-559347350,S3-585668709
S1-557012863	S2-344830036,S2-293753039,S2-726670804,S2-797332272,S3-261839142
S1-876562334	S2-540702124,S2-962469619
S1-489543459	S2-51503028,S2-482301291,S3-210968315
S1-121857536	S2-375301520,S3-342181617,S3-211573137
S1-844888129	S2-541611503,S2-151781736,S3-428361989,S3-261057925,S3-953364501
S1-627738393	S2-415669558,S2-800706811,S2-127859610,S3-649652675,S3-345956035
S1-349517513	S2-780222585,S3-148862695
S1-43560249	S2-317940461,S3-408631961
S1-514202337	S2-279637280,S3-322334734,S3-515685933
S1-483616676	S2-984778789,S3-49313530,S3-346567851,S3-585794373
S1-37299876	S2-243593406,S2-835140980,S3-55213119,S3-431443895
S1-89347845	S2-583611730,S3-841432642,S3-143984102
S1-75817753	S2-865311538,S2-424557199,S2-65958310
S1-237680165	S2-435279089,S3-25447398
S1-958096532	S2-481276804,S3-34102478,S3-848070091
S1-978396730	S2-255344905,S2-521025358,S2-983780537,S3-97198727,S3-755572822
S1-917692285	S2-316678659,S3-875162196,S3-713880607,S3-41042045
S1-292412812	S2-352281679,S2-176188950,S3-246070872,S3-498945127
S1-421799057	S3-851532680,S3-494032316
S1-560504570	S3-502154418,S3-353431987,S3-488034366
S1-290714088	S2-764177912,S3-863924418,S3-587689931
S1-187563	S2-664891594,S2-354450544,S3-802784203
S1-284765542	S2-750029988,S3-933667733,S3-656710294
S1-92441357	S2-677497233,S3-145472734
S1-467411035	S2-731492162,S2-814626257
S1-976482232	S2-558921847,S2-174786252,S3-860698783,S3-982642298,S3-464688488
S1-806331517	S2-824402591,S3-469749018,S3-51988217,S3-901925182,S3-344862062
S1-579229098	S2-757893374
S1-472937874	S2-951601996,S3-221227256
S1-760431875	S2-300316782,S2-263450665,S3-561411229,S3-109702281,S3-253011117,S3-685226959
S1-171302533	S2-741869851,S3-148386781
S1-887384262	S2-726556060,S3-371955661,S3-512564930,S3-56162017,S3-632581170
S1-544819555	S3-61057594,S3-310355871,S3-865909110
S1-323125861	S2-265022512
S1-340217053	S3-548903263,S3-189204568
S1-669065976	S2-652950337,S2-419185329,S3-136601842,S3-299672592
S1-250924404	S2-740499098,S3-734566804
S1-134179737	S3-455287453
S1-642265720	S2-560978199,S3-791460492,S3-703553002
S1-681382514	S2-835289808,S3-997740665,S3-173477143
S1-820879380	S2-857209923,S2-556486594,S2-214003027,S3-164379625,S3-785871781
S1-830623043	S2-583391985,S2-644593519,S2-674786529,S2-592005066,S3-788803675,S3-973662735
S1-89538153	S2-378532971,S2-630746968,S3-560474471,S3-990965422,S3-752607840
S1-434100263	S2-169773089,S3-847706167,S3-8638775,S3-489367817,S3-782069238
S1-806358448	S2-400696881,S2-211249329,S2-334774535,S3-831128488
S1-713928401	S2-469401438,S3-715180454,S3-40097878
S1-56744617	S2-857913934,S3-660775084,S3-47465798
S1-646438827	S2-373745687,S2-345456182,S3-275536126,S3-321395742,S3-387448177,S3-152902955
S1-292117188	S2-829703592,S3-917566425,S3-630428352
S1-702778882	S2-232040965,S3-784872163,S3-647061575
S1-323324688	S2-115920512,S3-391060272,S3-722174739,S3-981137647
S1-737699001	S3-101992099
S1-686543258	S2-549396991,S2-812999853,S3-542003592,S3-262320241
S1-835013688	S2-438366728,S2-806914752,S3-640196441,S3-347293861,S3-59135264,S3-816652549,S3-368077180
S1-326799185	S3-100101963,S3-608439756,S3-554003010,S3-28856000
S1-392765439	S2-761976123,S2-360047480,S3-105411461,S3-286623138
S1-541900122	S2-217559270,S3-95436394
S1-639294981	S2-790935456,S2-744930852
S1-309682725	S2-725730813,S2-713322566,S3-429498337
S1-305435633	S2-386424336,S2-981172077,S2-742658577,S3-666553979,S3-612746826,S3-260222061,S3-593217687,S3-180735739
S1-77105669	S2-453782736,S2-182624386,S3-442562459
S1-42887302	S2-109572405,S3-451334423,S3-236843909
S1-99941664	S2-634709851,S2-526707226,S3-739333429,S3-812114863,S3-43651002
S1-356366013	S3-649404283,S3-657333862,S3-857143233
S1-257208903	S2-163368032,S3-403241821,S3-290249345,S3-144876591
S1-629257741	S2-984633504,S3-739932618,S3-562771293
S1-33136366	S2-470933268,S3-593894543,S3-499767273
S1-119010611	S2-246546427,S2-333182223,S2-669308887,S2-191199229,S3-590189717
S1-816513866	S2-10657846,S2-134790050,S2-462425427,S3-131364407,S3-800639022,S3-382017915
S1-841433657	S2-33524982,S2-705491592,S3-124489944,S3-384394761
S1-403954640	S2-121003414,S3-39411001,S3-876858912
S1-537074334	S2-393395291
S1-99391494	S2-964028466,S2-127975244,S3-436546424,S3-157468539,S3-462718732
S1-891271651	S2-825283260,S2-544149644,S2-214288013,S3-464989494,S3-548421462,S3-555122264
S1-227355142	S2-632663866,S2-878035982,S2-169141320,S3-64022874,S3-218361246,S3-162284626
S1-406122612	S2-485263016,S3-965239370,S3-604072881,S3-85853810
S1-885164902	S2-612375198,S2-253299810,S3-257190284
S1-552451815	S2-622317290
S1-560900025	S2-563638708,S3-931251034
S1-27560622	S3-612781826,S3-418575218
S1-900189078	S2-379089019,S2-791660140,S3-369011585
S1-63228449	S2-852669980,S3-474070684
S1-739168691	S2-198671672,S2-799969823,S3-571683051,S3-106439978,S3-305821264,S3-843297494
S1-268570881	S2-562384480,S2-46022688,S3-619834047,S3-984657253
S1-795007433	S2-741490923
S1-286242320	S2-919203849,S2-899080055,S3-910046321,S3-640000862,S3-755651249
S1-562521845	S2-555816199,S2-893955478,S3-591113775,S3-788232295,S3-955565352
S1-358245562	S2-774798838,S2-753075486,S2-648163783,S2-465238856,S2-824574427,S3-72714319,S3-292049620,S3-346214146
S1-811857180	S2-983132998,S2-121756462,S3-451188264,S3-278459992
S1-451280985	S2-158588704,S2-711073087,S2-94806255,S3-902070208
S1-471777176	S2-834652157,S2-159219627,S3-892806914,S3-87140341
S1-334755706	S2-700663522,S3-950508181
S1-482922764	S2-595045735,S2-166009461,S2-287184763,S3-657474378,S3-616744125
S1-949581673	S2-381743160,S2-802525637,S2-104807795,S2-826358377,S3-20636753,S3-708018658
S1-542429856	S2-562945956,S3-731054661
S1-341613826	S2-625404830,S3-367315779,S3-746849987
S1-988244308	S2-757927979,S2-561951409,S2-241808502,S3-156819025,S3-2566243
S1-420696632	S2-137732862,S2-985577404,S3-918465172,S3-609130398,S3-717711439,S3-435725188,S3-665153376
S1-955573868	S2-673445694,S2-914326976,S3-153909971,S3-129708773
S1-85443643	S2-333285123,S2-119120843,S3-358069770,S3-611115728
S1-74559089	S2-889710056,S2-756023967,S3-560836375
S1-892894224	S2-440659740,S2-195006705,S2-821186439,S2-699617028,S2-656832031,S3-361992753,S3-258569886
S1-402121807	S2-305143264,S2-57382794,S2-665835477,S2-933724257,S3-503207295
S1-723966103	S2-399866773,S2-334991974,S3-73180305,S3-161755914
S1-621013197	S2-958233514,S2-980688474,S3-438118612
S1-660444397	S2-210833816,S2-381357519,S2-403692337,S3-11584044,S3-150648939
S1-583147530	S2-818682029,S2-228673453,S2-574619554,S3-138992378
S1-919975886	S2-106727450,S2-561319802,S3-213165645,S3-71949996,S3-397780700
S1-66957389	S3-869668205
S1-189006069	S2-822234818,S2-730517859,S2-30086318,S3-917841420
S1-98881213	S2-474822358,S2-790030643,S2-302701497,S3-840061771,S3-851496227
S1-732634801	S2-846947205,S3-853019956
S1-997911136	S2-207617181,S2-256903345,S3-595279201,S3-566560105
S1-946844555	S2-178117701,S3-67580480
S1-828747387	S2-232695076,S2-796473114,S3-447849704,S3-186066576,S3-579477050
S1-256029708	S2-568231144,S3-613862253,S3-316743070
S1-742501615	S2-929626156,S2-806591243,S3-742000879,S3-319624057,S3-122070968
S1-153585395	S2-107129998,S2-972280455,S3-323879376
S1-527797733	S3-266319267,S3-179833259
S1-617222385	S2-885284585,S2-373982733,S3-860257629,S3-449004293
S1-365752471	S2-740554922,S2-437467453,S3-790267834,S3-14862621
S1-954296591	S2-839500431,S3-929314901,S3-688298880
S1-327341837	S2-351935323,S3-562146661
S1-556046221	S2-198903824,S2-192250464,S2-584443602,S2-103173732,S3-838487648
S1-213739517	S2-676316178,S3-239640300,S3-461509650
S1-360691042	S3-618755901
S1-80316082	S2-770137040,S3-849507917
S1-432180562	S2-579356988,S3-929607341,S3-246009642
S1-951268331	S2-847000030,S3-525494662,S3-292038772
S1-599350722	S2-444527248,S2-425937296,S2-878045343
S1-961608040	S2-853767225,S2-99525520,S2-384072105,S3-335141964
S1-602623090	S2-618033739,S3-85596442
S1-764935929	S2-349073612,S2-642257845,S3-200042699
S1-83228732	S2-283942665,S2-857131978,S2-611419554,S3-288082866
S1-980838623	S3-709330575
S1-393151395	S2-677822396,S2-957531104,S2-479233939
S1-848462409	S2-184721789,S2-656704600,S2-538213841,S3-463981464,S3-333433849
S1-471341160	S2-580453828,S3-302779982,S3-236090654
S1-113154558	S2-159635689,S3-620436611
S1-788506452	S2-791659847,S2-989666342,S2-878306426,S2-753843259,S2-584461024,S3-421133068,S3-305946227
S1-566388195	S2-602733266,S3-532492478
S1-230550187	S2-821067577,S3-315818568,S3-845136564
S1-849010683	S3-147622114,S3-559801752,S3-684530288,S3-774648110
S1-333055738	S2-511430754,S2-764321133,S3-721659361,S3-614582937,S3-945340091,S3-387598085
S1-159324797	S2-500268679,S3-915523565,S3-166217301
S1-503322608	S2-347903081,S3-721545087
S1-902353120	S2-669382411,S2-987753655,S2-897721229,S2-282938949,S3-832990138,S3-925336312
S1-345287900	S2-473981054,S2-953858860,S2-468413939,S2-488100729,S3-397055983,S3-341881650,S3-66891841,S3-329230059
S1-884438685	S3-426141807,S3-697052844,S3-80307258
S1-644539174	S2-512973101,S2-774474798,S2-332216665,S2-915906262,S3-751413554,S3-308482314,S3-95424862
S1-944327912	S2-787869556,S2-21543865,S2-581001642,S3-574808366
S1-997027271	S2-283762524,S2-633056262,S2-800527581,S3-83436798,S3-596763775
S1-698718689	S2-883460972,S2-564510070,S2-899790021,S3-816277759,S3-515563762
S1-854493010	S2-956945614,S3-442031592
S1-537070039	S2-2636423,S2-46364595,S2-592473785,S3-899752384
S1-644990572	S2-136094219,S2-916794488,S2-360843747,S3-544296563
S1-471278113	S2-471501545,S3-770235122,S3-132513222
S1-502843042	S2-692645096,S2-240035023,S3-938625114,S3-426004794,S3-971070710
S1-597360158	S2-483472029,S2-651699519,S2-828421016,S3-120931964,S3-595167314,S3-299399681,S3-18510566
S1-389044219	S3-263777371
S1-714329465	S3-729433386
S1-501798646	S2-490434836,S3-526459776
S1-611638305	S2-923196223,S3-93608390
S1-609561341	S2-26442063,S3-987566879
S1-140016244	S2-291442247,S2-753389478,S3-334756633,S3-935302220
S1-451303317	S2-553485654,S3-454917484,S3-173329362
S1-226612708	S2-635166190,S2-906421634,S2-392882266,S3-888245476,S3-706776198,S3-306028644
S1-22249028	S2-46386152,S2-539624956,S2-433932634,S2-427370460,S3-101877448,S3-67663298
S1-206031779	S2-910765985,S3-203225082,S3-38296323
S1-701663821	S2-802948946,S2-320756588,S2-145932765,S3-627581571,S3-937713692,S3-525932866
S1-723743359	S2-387249295,S3-838197942,S3-312375955,S3-130500494,S3-625125499
S1-515157758	S2-519711455,S3-767519542,S3-917822963,S3-664407031
S1-886783544	S2-142627253,S2-366511747,S3-480465985
S1-138854841	S2-571637360,S2-739638099,S3-824785666,S3-904470022
S1-826101515	S2-996928163,S2-24715954,S2-43684569,S3-318666698,S3-151066102,S3-104466321
S1-597777745	S2-207379803,S2-68495279,S3-914334571
S1-54512667	S2-344286782,S2-20330127,S3-239680345,S3-559955306,S3-619843141
S1-213509919	S2-382226713,S2-225996873,S2-285693910,S2-406346909
S1-455268344	S2-837875770,S2-508087457,S2-789190902,S3-33481843
S1-192820641	S2-183455049,S3-461489787,S3-697038180
S1-483752140	S2-581595607,S3-842104552,S3-880899436
S1-57053949	S2-68600844,S2-801442203,S3-653510671
S1-741501526	S2-951335500,S2-873508272,S3-284118244,S3-256361117
S1-114268838	S2-509342367,S2-169622793,S3-847905691,S3-79718969,S3-215593956,S3-568473807
S1-324527818	S2-282214857,S3-692478590
S1-453315685	S2-576271028,S2-410351240,S3-345737764,S3-470702232
S1-9642592	S2-283079624,S3-698215134
S1-442681520	S2-898472951,S2-109749827,S3-207812730,S3-973169416
S1-974698664	S2-43095274,S3-813265399,S3-368872424
S1-606566729	S2-653512507,S3-273543958
S1-89791259	S2-898188535,S2-348562001,S2-335185312,S3-966935279
S1-858481136	S2-642076661,S2-118865347,S3-405798527
S1-710003850	S2-689781209,S3-209091873,S3-846712327,S3-479555486
S1-242851810	S2-111781207,S2-907526371,S3-636276521,S3-726636881,S3-595994739
S1-295781422	S2-591863760,S2-861025496,S3-997886899
S1-865054309	S2-134312059,S2-837923602,S2-478961709,S3-998961458
S1-444318786	S2-968536078,S3-619122408,S3-255893683
S1-281074485	S2-707657026,S2-344788690,S3-241332649
S1-144573123	S2-881490798,S2-663219693,S2-260407090,S3-994130385,S3-911589653
S1-105969715	S2-407228015,S2-45632503,S2-769365315,S3-862997656
S1-966075818	S2-660007625,S3-602129354,S3-248657336
S1-878328950	S2-849349868,S2-573529257,S2-332937504,S2-647472653,S3-189224938
S1-393597563	S2-727696171,S2-240194714,S2-173520387,S3-86680872,S3-123990087
S1-126943596	S2-276149210,S2-507441964,S2-336324480,S3-922204576,S3-45085767
S1-978183202	S2-895350464,S3-184868227
S1-8304933	S2-961597457,S2-329611982,S2-591139327,S3-595587657,S3-647890900
S1-659118499	S2-991441981,S2-632702824,S3-988633289,S3-47258746
S1-802882304	S2-884207299,S2-268455201,S2-160889324
S1-819290306	S2-737878305,S2-120533199,S3-457057660,S3-620602407
S1-378020857	S2-482010117,S3-946941194,S3-546029838,S3-178977009
S1-427045283	S2-287385438,S2-635834435,S2-578935389,S3-934495909
S1-753232721	S2-237823273,S2-142751246,S2-385320379,S2-302075866,S3-786657010,S3-782089878
S1-656188154	S2-570752983,S2-562390643,S3-629161577,S3-624675200
S1-675956752	S2-990973129,S3-729940922,S3-58099198,S3-371988109
S1-119663161	S2-92809438,S2-428768332,S2-738031182,S2-516702928,S3-827032603,S3-768066923
S1-886090373	S2-379752146,S2-650033380,S3-816302155
S1-81003955	S2-484660685,S2-172584879,S3-479176363
S1-906178882	S2-526402676,S2-126851604,S3-519260256
S1-754216085	S2-297016310,S2-315050464,S2-564648570,S2-295604914,S3-584149640,S3-161530025,S3-123457860,S3-45772017
S1-103304863	S2-696941326,S2-285426600,S3-293247984,S3-340943839
S1-1767850	S2-656791912,S3-400865130,S3-31240372
S1-362158337	S2-361718007,S3-402500858
S1-134181084	S2-302620754,S3-202076591,S3-131343361
S1-634812321	S2-102327168
S1-277017697	S2-527581086,S3-540279778,S3-990990094,S3-30833681
S1-437448837	S3-847812088,S3-323481346
S1-696453705	S2-119004599,S3-147099992
S1-911539983	S2-134442450,S3-151739122,S3-379984851
S1-905981244	S2-168829577,S2-949468276,S2-82650296,S3-921038458
S1-186217135	S2-219017452,S2-386065860,S2-987203306,S2-918612377,S3-580424383,S3-679616866
S1-992941916	S2-223439773,S2-537320633,S2-803095336
S1-153610908	S2-315237813,S2-490951290,S3-329225490
S1-782598129	S2-540846759,S2-943589588,S3-267605295
S1-428551863	S2-512968181,S2-352054691,S2-852740771,S3-946861020
S1-212253626	S2-711409245,S2-141266266,S3-513167870,S3-837610851,S3-493787109
S1-522311886	S2-145451430,S2-881770599,S3-276727876
S1-489537474	S2-796642854,S3-801297719,S3-37627806
S1-444375375	S2-302194794,S2-857089720,S3-875560865,S3-853502274
S1-487111359	S2-895771449,S2-219596445,S2-138857777,S3-615013178,S3-14806910
S1-370523321	S2-804559086,S3-30306727
S1-489514258	S2-167336137,S3-868420778,S3-444761868,S3-680463303
S1-113591189	S2-705814847,S3-117858750
S1-759140867	S2-681928461,S2-800890973,S3-503391820,S3-260943745
S1-947355045	S2-612885402,S2-649400893,S2-543611255,S3-617627264,S3-778260516,S3-378075840
S1-329451585	S2-891620131,S3-954155952
S1-539607566	S2-867224649,S2-984627821,S3-79039056,S3-420673092,S3-87413705,S3-335431260
S1-970968812	S2-71414224,S2-509444007,S2-469125579,S3-302355687
S1-408457402	S2-684965999,S3-465860022,S3-888067591
S1-766245474	S2-180761626,S3-812821512,S3-967844700
S1-612929087	S2-693966724,S2-908141107,S3-290853026,S3-744873132
S1-984810284	S3-746048916
S1-211826376	S2-194428868,S2-169270212,S2-178324254,S2-160826426,S2-547799668,S3-979109838
S1-273003620	S3-511760037
S1-191758055	S2-154894956,S3-87051909,S3-212298439
S1-286159331	S2-817965017,S3-665875074
S1-630723075	S2-559268133,S3-104872679,S3-193041525
S1-229514223	S2-808961617,S3-607355965,S3-800379381,S3-175005281
S1-456301846	S2-476109762,S2-29556187,S2-818187258,S3-911570262
S1-227543076	S2-722516612,S2-68398100,S3-189224968
S1-417410306	S2-145714927,S3-161415490,S3-774377612,S3-181267555
S1-146551515	S2-304080071,S2-844950678,S3-219585655
S1-43307950	S2-181037474,S3-332758446,S3-63625967,S3-607673566,S3-615541628
S1-622372831	S2-899331650,S2-595856877,S2-505035491,S3-744150717
S1-987687276	S2-815881968,S3-509474574,S3-344986444,S3-367844809
S1-745925691	S2-546533805,S3-768176787
S1-762859927	S2-817568073,S3-488688974
S1-964411007	S2-256614216,S3-953413812,S3-506365327
S1-891279970	S2-173971276,S2-384145634,S2-165695187,S2-190489599
S1-59289702	S2-756131938,S2-286325558,S2-262991996,S2-652235373,S3-895134847,S3-338135309
S1-937563859	S2-750801238,S2-464911973,S3-739253546,S3-679560446
S1-873363709	S2-7192747,S3-687570036
S1-53069363	S2-913585047,S2-747787807
S1-170116560	S2-311561646,S3-937110777
S1-773889823	S3-909043335
S1-911497778	S2-962668946,S2-687230613,S3-514302074
S1-572369330	S2-909756177,S3-656033276,S3-160698344
S1-114891787	S2-533324273,S2-160888426,S3-247945771
S1-760999404	S2-407444732,S3-769496165,S3-653142561
S1-47483776	S2-876177860,S2-790867213,S2-980304323
S1-173298472	S2-799206146,S2-987479970,S3-334331184,S3-647782901
S1-474472218	S2-500637836,S2-493664067,S3-99472669
S1-786912795	S2-426680423,S2-300006657,S2-750971359,S3-248242305,S3-769001068,S3-582278354
S1-392699983	S2-768955768,S3-258443756
S1-440790746	S2-367623713,S2-536910143,S2-583583660,S3-480983643,S3-832879616,S3-273873999,S3-451110753
S1-888880271	S2-692512351,S2-258112137,S3-89492840
S1-333640669	S2-312103179,S3-942078306
S1-970128142	S3-677103243,S3-258721392,S3-656206564
S1-448088247	S3-537426713
S1-160684247	S2-194634676,S3-680712408,S3-336259445,S3-320212389,S3-479964
S1-761130064	S2-870091214,S2-552405999,S2-47739361,S3-661737793,S3-62866841
S1-433529962	S2-251818154,S3-11249541,S3-783737630
S1-977556759	S2-272119041,S2-92687562,S3-453255906,S3-197322824,S3-87631275,S3-879337543
S1-353502466	S2-604592710,S2-962559899,S2-789279794,S3-387204117,S3-271814526
S1-516007277	S2-832612136,S2-718914143,S3-110182430
S1-317407621	S2-435195360,S2-236065220,S2-87498022,S3-903815000,S3-874803373
S1-598020245	S2-835711164,S2-91332030,S3-442972270,S3-665144279
S1-560420238	S2-17600581,S2-809160676,S2-454969175
S1-65702494	S2-653951986,S2-269625211,S3-798452554
S1-891513300	S2-874828995,S3-902322057,S3-965513041
S1-447586902	S2-235454638,S3-491214682
S1-675000763	S2-894457855,S2-836643183,S3-519859565,S3-829545153
S1-641583847	S2-155641774,S2-193553728,S2-734173730,S2-74746281,S2-124099454,S3-609035764,S3-128390152
S1-535481817	S2-189495365,S2-912812380,S3-178082630
S1-725705747	S2-614759668,S3-457305470
S1-985266352	S2-281733938,S2-600576903,S2-908216929,S3-666330231,S3-639110673
S1-245950897	S2-853278682,S2-725743782,S2-544124715,S3-129906690
S1-979506007	S2-375784001,S2-532666171,S2-78112624,S2-294859445,S3-742593862,S3-901889806
S1-425947268	S2-932140408,S2-427330306,S2-880808547,S3-783427219
S1-691305378	S2-785202257,S2-524339968,S2-763782698,S3-211176662
S1-974571239	S2-597633560,S2-346542359,S3-54453813,S3-302468310,S3-832671614
S1-787209745	S2-714458022,S3-994895777
S1-32076814	S2-303937463,S2-743852584,S2-289770011,S3-694970674
S1-891348168	S2-759401335,S3-985882020
S1-465005038	S2-357651539,S2-921617268,S3-233683042,S3-824566692
S1-376877964	S2-241524063,S3-155156152
S1-945750371	S2-170477936,S2-665746480,S3-859760502,S3-73340740
S1-370318499	S2-516338963,S3-572240973,S3-500713522,S3-934657862
S1-803829720	S3-416234879,S3-138946374
S1-475866497	S2-917121270,S2-620958182,S3-316806257
S1-868495904	S2-475938129,S2-115131642,S3-92127233
S1-481492977	S2-175693287,S2-316120920,S3-201104714,S3-366082737
S1-657298918	S2-64398850,S2-563464776,S3-349457006,S3-211008062
S1-480561630	S2-219658327,S3-258287290
S1-89246898	S2-550341159,S3-629196345,S3-884476505,S3-663766185
S1-989403169	S2-824480044,S2-819388771,S2-35349682,S3-744844044,S3-143817849,S3-71846119
S1-528163612	S2-40372265,S3-340931514,S3-239698506
S1-279968732	S2-835363303,S2-851078303,S3-715903353
S1-336581511	S2-432524190,S2-678697884,S2-933850078,S3-733118141,S3-648239218
S1-160218632	S2-566187362,S3-8318646
S1-295155537	S2-526188020,S2-406816322,S3-379010875,S3-510956492
S1-127349911	S2-519140213,S3-935570041
S1-735674700	S2-353461683,S3-412564681,S3-816590726
S1-426402971	S2-967558634,S2-280578175,S2-898591968,S2-666542273,S3-367674855
S1-228455342	S2-812640652,S3-27283654
S1-190433446	S2-696679593,S2-68031187,S3-394834016
S1-137632337	S2-972254998,S2-855535467,S3-801740669
S1-865613203	S3-560460185,S3-586965547,S3-149883218
S1-269027227	S2-457862229,S2-389891245,S3-212826573,S3-595935679
S1-497352574	S2-604495962,S3-727166069,S3-303164588
S1-727849054	S2-493622694,S2-365058799,S2-906730059,S3-869971143,S3-598825560,S3-669229109
S1-177035204	S2-147122179,S3-353372622
S1-67906277	S2-532357634,S3-899145653,S3-549174110,S3-462894320
S1-929915887	S2-598834183,S3-751221397,S3-788314098,S3-398542267
S1-235605229	S2-196944208,S2-103309225,S2-332811867,S3-569435806,S3-114735031
S1-307494662	S2-278188460,S3-295133045,S3-396003305
S1-754248427	S2-678546399,S2-333244260,S2-147352290,S2-298975128,S3-544968866,S3-431707469,S3-668164252,S3-858071336
S1-926535003	S2-531742291,S2-504097757,S2-814810839,S2-780443911,S3-857209708
S1-537600312	S2-115840539,S3-300005999
S1-854395849	S2-818594848,S2-854361655,S3-46177305,S3-855981358
S1-467217827	S2-124547580,S2-259465320,S2-170182239,S2-395546174,S3-336380174,S3-439348803
S1-371241365	S2-926401631,S3-127946839,S3-296853718,S3-250831481,S3-202367199
S1-647556936	S2-462645326,S3-50573552
S1-494889231	S2-72263646,S3-501839800,S3-676014857,S3-401971404
S1-309660161	S2-716442105,S2-909034734,S3-601554729
S1-523598900	S2-545533381,S2-526750240,S3-206327208
S1-787627408	S2-18497901,S3-157008408
S1-714299051	S2-299466767,S3-3056510
S1-676009680	S2-707951656,S2-60724544,S2-861586729,S3-812643404,S3-799040510,S3-145053860
S1-52357963	S2-511713266,S2-82398714,S3-702880397,S3-919297851
S1-615506501	S2-384944418,S3-895334119
S1-975160730	S2-513829396,S2-834804548,S2-172146610
S1-449047708	S3-606575058
S1-447182457	S2-474508060,S2-919055655
S1-427842340	S2-638213200,S2-539681722,S3-483432137,S3-684440440
S1-45741566	S2-707073399,S2-301692194,S2-190859066,S3-686148454,S3-722155045
S1-703899358	S2-119674237,S2-558066956,S2-297425429,S3-160318593
S1-557536576	S2-111980395,S2-759301723,S2-55614406,S3-67835521
S1-189327846	S2-444409281,S2-10311998,S2-561876329,S3-74594007,S3-970015897
S1-565566550	S2-764159613,S3-70318865
S1-758881053	S2-650694786,S3-465693653
S1-544024044	S2-963703414,S3-36452156,S3-374815670
S1-686416285	S2-822814120,S2-691169560,S3-461447988
S1-661752298	S2-799889288,S3-130312394
S1-65171844	S2-929595650,S3-159506637,S3-596730935,S3-233921244
S1-857949397	S2-876810309,S2-959003065,S3-618804259,S3-627306816,S3-467225790
S1-930822081	S2-989298847,S2-358407429,S3-219435484
S1-123785530	S2-894084849,S3-339080368,S3-837937714
S1-572958088	S2-216603080,S2-913207196,S2-40338806
S1-140743070	S2-382192168,S3-138325108
S1-166448681	S3-77080519
S1-87214705	S2-598649789,S2-679665495
S1-166280157	S2-943257373,S2-60315853,S3-320450952
S1-695005295	S2-928083969,S2-826164878,S3-412897760
S1-931635257	S2-272277489,S3-360905155,S3-163528435
S1-181024006	S2-461690238,S3-754188428,S3-45300327
S1-571174991	S2-920188677,S3-181429633,S3-875221763
S1-910406484	S2-524920110,S2-39144248,S3-310295974,S3-469200213,S3-17176672
S1-44501980	S2-486351789,S2-315820617,S2-899593449,S3-440548129,S3-44346969
S1-750370277	S3-470391821,S3-339392596
S1-871000633	S2-789912532,S2-864356992,S2-226189710,S3-467666816
S1-937866402	S2-118341311,S3-876992560,S3-436189327
S1-151256012	S2-597477944
S1-829851867	S2-607721422,S2-484686292,S2-922480897,S3-650735962,S3-849724615,S3-146013163
S1-507732354	S2-609530391,S2-650200446,S2-196864303,S3-22066939,S3-336197328
S1-58063126	S2-375618881,S2-830725695,S2-74172630,S2-741878854,S3-751110147,S3-105905630
S1-362441295	S2-696214564,S2-867767747
S1-790523695	S2-27742230,S2-558033907,S2-761467276,S3-334205836
S1-914492638	S2-733516774,S3-137071905
S1-36313203	S2-333143078,S2-425610354,S3-892293690,S3-898943890
S1-952007062	S2-880970182,S2-390593626,S2-361101735,S3-750680946,S3-443298624
S1-288537358	S2-381912768,S2-171502897,S2-92342546
S1-330779782	S2-759953341,S2-44426573,S3-235132858,S3-855453653,S3-657509497,S3-365985158
S1-473640143	S2-692528671
S1-939796360	S2-958507254,S2-633588248,S3-74765751,S3-761609196,S3-202816351
S1-237084912	S2-138098924,S3-312279940,S3-350900359
S1-641722173	S2-118564082,S3-890568535
S1-157282030	S2-237624947,S2-521022607,S2-766643874,S3-996743479,S3-828051951,S3-701341635
S1-327733862	S2-171640842,S2-231835348,S2-414834927,S2-377871594,S2-612193940,S3-532769160,S3-169626670
S1-707094244	S2-535926945,S2-349775668,S2-42203388,S3-615295678,S3-799754529
S1-95890974	S2-752538971,S3-864259415,S3-321652622
S1-402030529	S2-718640210,S3-342080886,S3-421357083
S1-810700781	S2-29722201,S3-496313627,S3-27179238,S3-886153638
S1-744404954	S2-413462250,S3-804894333
S1-11236456	S2-498338313,S3-214668346
S1-267076674	S2-607574249,S3-206436753,S3-785166164
S1-144968856	S2-985328928,S3-695506571,S3-923847048
S1-29834932	S2-956236222,S2-711357844,S2-721081501,S2-435723863,S3-712710115,S3-175040991
S1-909264771	S2-359187979,S2-208759343
S1-951376715	S2-711613050,S3-459454545,S3-480026490
S1-113751985	S2-86954674,S2-308303291,S2-356471026,S3-440751815
S1-854105004	S3-317814805
S1-290311885	S2-279758727,S2-864953245
S1-664204516	S2-966469279,S2-379874725,S2-578170530
S1-538939475	S2-50255087,S3-108970775,S3-366448405,S3-904101384,S3-213395977
S1-296038116	S2-324146567,S2-813392172,S3-680053
S1-489938925	S2-34465694,S2-39091466,S2-923484768,S3-474279935,S3-145156220
S1-721302696	S2-891916332,S2-288917116,S3-128472447
S1-529121967	S2-199207710,S2-996487798,S3-112880834,S3-492392439
S1-904724369	S2-269126263,S2-63003661,S2-192179194,S3-504119215
S1-983786801	S2-77356768,S3-536192513
S1-507163618	S2-363959594,S2-549200480,S3-687281630
S1-9726977	S2-597508250,S3-36063962,S3-623204660
S1-110161328	S2-370905824,S3-780180571,S3-489279966
S1-596621480	S2-945596587,S2-820121884,S3-708623922,S3-172899122,S3-532525137
S1-688316956	S2-283120892,S2-287657659,S2-966096212,S2-798539511,S2-825933023,S3-185092572
S1-929627225	S2-148151470,S2-906884861,S3-900037348,S3-710814630
S1-178364321	S2-463870490,S2-261988833,S2-886859161,S3-677521950
S1-48570061	S2-964587602,S2-356638214,S3-348696114,S3-201734971
S1-848887204	S3-211527557,S3-136537536,S3-68997710,S3-318049112
S1-758204474	S2-166556667,S2-409473745,S3-477379813,S3-402857
S1-4153630	S2-152174223,S3-802431085,S3-352637606
S1-718936114	S2-54686198,S2-988026288,S3-760507465
S1-404956731	S3-807145434,S3-768444014,S3-730234940,S3-268743288
S1-486832511	S2-635069407,S3-746573247
S1-328503852	S2-626667534,S2-891147631,S2-205448948,S2-98499866,S3-919253383,S3-538161334
S1-695204007	S2-660926167,S2-460189398,S3-991596766,S3-978656490
S1-730004112	S2-850961094,S3-823621000
S1-742428474	S2-198438206,S2-91546979,S2-518527751
S1-413170246	S2-129728057,S2-895307793,S3-204936310,S3-70437946
S1-798850320	S2-476913008,S2-813173473,S3-60617463,S3-979977767
S1-268781235	S2-12239005
S1-161832213	S2-975761500,S2-687381783,S3-925879404,S3-965120489,S3-600678557
S1-593750364	S3-677936875,S3-560318547
S1-763645863	S2-886142583,S2-361176243,S2-977570936,S2-727739656,S3-449192333,S3-390039425
S1-35733762	S2-662533052,S3-520193401
S1-185221371	S2-761847660,S2-117374996,S3-689255861
S1-567308926	S2-639509003,S2-908125162,S3-530167521
S1-515413512	S2-138504896,S2-611194772,S3-155092932,S3-112777358,S3-358640825,S3-524435068
S1-414891532	S2-565767498,S2-62324803
S1-600592479	S2-856409517,S2-166977726,S2-813997268,S3-553972955
S1-606524347	S2-807621862,S2-293974773,S2-227277248,S3-113984394,S3-729963390,S3-488873038,S3-300219420
S1-610541933	S2-780843709,S2-685635113,S3-914962238,S3-81458713,S3-53270066
S1-375274787	S2-173554884,S2-269319474,S2-774250366,S2-722076796,S2-224451105,S3-676407886,S3-147492108,S3-109912206
S1-595123636	S3-342845629,S3-988011028,S3-482095136
S1-521230757	S2-461006253,S3-306396998
S1-606943056	S2-496055544,S3-222799431
S1-966481170	S2-935894114,S2-752747166,S2-973652063,S2-415996212,S3-976015300,S3-944388908
S1-329299587	S2-209623359,S2-317004576,S2-186289572,S3-711348667
S1-789885248	S2-943367111,S3-92051413,S3-211253843,S3-986642759
S1-864238930	S2-923523349,S2-242074992,S2-55854942,S3-889578613,S3-443543203
S1-513234746	S2-220628072,S2-892442095,S2-563554442,S3-937542911,S3-141456242
S1-581928218	S2-579365241,S2-422534838,S3-205540410,S3-201580773
S1-943087173	S2-701535626,S2-518837235,S3-95448072,S3-289087913,S3-971200898
S1-144310811	S2-810487652,S3-145663433
S1-363604578	S2-361588196,S2-353507215,S3-599836745,S3-249800624
S1-475580080	S2-372147907,S2-242123753,S3-753224218,S3-270224208
S1-956647012	S2-183387712,S2-730929194,S2-435684915,S3-64421349,S3-879108947
S1-317620498	S2-969220328
S1-762581993	S2-810368214,S2-580117797,S2-7445351,S3-288952199,S3-779623460
S1-707904073	S2-558327965,S2-578464613,S2-361685455,S3-145412770
S1-293644965	S2-524299330,S3-672923031,S3-535121963
S1-117224299	S2-773760836,S3-903577472
S1-607138408	S2-173208225,S2-489394512,S3-117025835,S3-205927101
S1-542107757	S2-830171341,S2-423238402
S1-371532235	S2-499124406,S3-362598972,S3-60761464,S3-911234170,S3-277375427
S1-646624307	S2-780542166,S2-516351908,S3-334229890
S1-454224496	S2-179766396,S3-685925497
S1-377048018	S2-4581492,S3-339786304,S3-893525505,S3-766420631
S1-899608400	S2-940392614,S2-27255177,S2-170946401,S2-659166997,S3-402359789,S3-422519272
S1-759897515	S2-17308707,S3-394911811,S3-367352071,S3-20915809
S1-205298211	S2-238017985,S2-334997222,S2-942947674,S2-558034631,S3-970208661
S1-756540810	S2-831700180,S2-520411912,S2-858313842,S2-282546215,S2-526359831,S3-869532885,S3-903699425,S3-932513312,S3-20185009
S1-718083408	S2-778874138,S2-423295486,S2-645281087,S2-321231078,S3-320268201
S1-911666848	S2-379497074,S2-988085664,S2-513686624,S3-712349480,S3-432347023
S1-393176167	S2-379938355,S2-532689062,S3-772296126,S3-387910420,S3-778647840
S1-261354255	S2-337905998,S2-58951492,S3-435061337
S1-337923235	S2-449882275,S2-360618883
S1-775920260	S2-255768041,S2-294158371,S3-565789185,S3-541514841
S1-420607188	S2-617549536,S3-194360968
S1-216815343	S3-224924294
S1-401302475	S2-134588071,S3-145869998
S1-774307295	S2-440582028,S2-98358259,S3-820343127
S1-745625535	S2-194767754,S2-273834935,S2-168541857,S3-688539868
S1-355411611	S2-252948822,S3-46449191,S3-355345940
S1-452453065	S2-665049294,S3-473059548,S3-134135913
S1-761404979	S2-706025852,S2-11780387,S3-599998966
S1-189106786	S2-941625282,S2-125287224,S3-401204958
S1-951834113	S2-567525607,S2-791739683,S3-641301994,S3-488828377
S1-46359878	S2-655862480,S3-56866976,S3-997968225
S1-500630565	S2-293114650,S2-264492560,S3-4136658,S3-903834857
S1-577931051	S2-172990151,S2-79292126,S3-155096654
S1-375509164	S2-352526641,S2-136937475,S3-116981458
S1-83945396	S2-665499926,S3-850061085,S3-992334963,S3-747543651
S1-703631304	S2-601103923,S2-128679921,S3-59217122,S3-994293232,S3-395327210,S3-612042425
S1-386082879	S2-434218801,S3-426236558,S3-699692208
S1-707429551	S2-907767108,S3-49247588,S3-747957753,S3-428714801
S1-331583562	S2-290684623,S2-588915256,S3-97315611
S1-370797131	S2-470181966,S2-701111081,S3-269398624,S3-449052547
S1-737084148	S2-513650266,S2-62602590,S2-709152813,S3-221839615,S3-768789512,S3-660616233
S1-322572695	S2-565951882,S3-493081612,S3-998572106
S1-346424015	S2-666274198,S2-167128886,S2-986923268,S3-210658176,S3-150226037,S3-919744729,S3-73371912,S3-732029130
S1-723841004	S2-810620165,S2-897286782,S3-685183086
S1-186124853	S2-459316045,S2-417036472,S3-619452946,S3-295947232
S1-196495595	S2-572161072,S2-568436505,S3-781239990,S3-587383180
S1-47455389	S2-305343178,S2-67980643,S3-9717783
S1-708753609	S2-69253930,S2-16014141,S3-282403784
S1-894818086	S2-125006266,S2-207740142,S3-398174400,S3-238014468
S1-134962951	S2-962276749,S2-910484744,S3-475769412,S3-381237609,S3-868610181
S1-19372043	S2-743650232,S2-736570033,S3-414061381
S1-454591551	S2-763844560,S2-607934112,S2-587253831,S3-40241335,S3-48324217
S1-396606694	S2-198557601,S2-961620264,S3-374673546,S3-412531684,S3-588588186
S1-568347917	S2-19546265,S2-408725619,S3-134236830,S3-696540904
S1-701018724	S2-720092991,S2-669545766,S3-495668876
S1-426463889	S2-21982819,S2-815388544,S3-882327120,S3-657911947,S3-262730059,S3-474129706
S1-623588061	S2-866313723,S3-664594551
S1-717616359	S2-177684485,S3-192360040,S3-568791771
S1-209106000	S2-398145652
S1-931763301	S2-950140101,S2-292173567,S2-429968107,S2-912165123,S3-708618319,S3-525008756
S1-794420174	S2-43472607,S2-679243735,S2-876283241,S3-330252996
S1-803491721	S2-13727285,S2-384588238,S2-894468507,S3-673779250,S3-566998694
S1-520822853	S2-193775005,S3-458699400
S1-682363603	S2-331692143,S2-452889346,S3-802890434,S3-316660315
S1-22618713	S2-106064863,S2-764331706,S3-228442851
S1-173675018	S2-331299843,S2-65023023,S2-335996515
S1-789466834	S2-741459318,S2-190860294,S2-746268552,S3-513786141,S3-433315257
S1-439007664	S2-661011861,S2-758983582,S2-622345709,S3-906425785
S1-210614016	S2-105212811,S2-964589064,S3-814310295,S3-624086329,S3-225820919
S1-768787638	S2-926899050,S2-336181991,S3-67411560,S3-955449980
S1-404241990	S2-287860885,S3-320317174
S1-902576152	S2-87021598,S2-267688345,S3-935932559
S1-315784075	S2-293623500,S2-320004139,S3-260033733
S1-3912297	S2-102455502,S2-495310238,S2-434215739,S3-427993813,S3-202807023
S1-580362470	S2-91516668,S3-418486992,S3-621655645,S3-788904295,S3-384059736,S3-170163962
S1-773370974	S2-220747639,S2-560080382,S3-574788643
S1-691598728	S2-628456693
S1-911156805	S2-682236815,S2-959239477,S3-513301982,S3-76711042
S1-862109395	S2-945010281,S2-124436118,S2-200715413,S3-537181103,S3-599654968
S1-73656278	S2-142491825,S3-158457855,S3-168535625,S3-907456557
S1-167526709	S2-636894500,S2-157863080,S2-381626821,S3-263214364
S1-754070429	S2-392940243,S2-552690458,S2-834810628,S2-33949576,S3-169546680,S3-585516290
S1-852099549	S2-289292507,S2-766231992,S3-159596896,S3-26026711,S3-880369974
S1-781215606	S2-548467144,S3-514572924,S3-931540136,S3-687353610
S1-377807184	S2-243240896,S2-349423504,S2-220063357,S3-316066196
S1-245652770	S2-115645404,S2-251113979,S3-609427941,S3-513489475,S3-564304733
S1-264796732	S2-139574085,S3-282365404,S3-708695231,S3-770362756
S1-547853590	S2-629273602,S2-109891552,S3-86139119,S3-757920316,S3-10804038,S3-613333102
S1-659740541	S2-536966485,S2-155749015,S3-333286285
S1-850541255	S2-345468772,S2-996880116,S3-984857869
S1-830473547	S2-64102624,S3-403278428
S1-684817305	S2-992282840,S3-332826612
S1-736843738	S2-682581968,S3-871960165,S3-31993137
S1-332980571	S2-153503097,S3-798942921,S3-482160836,S3-438728202,S3-38054190
S1-653996765	S2-810907186,S2-499462209,S2-580577356,S3-526710696,S3-89661008
S1-62120299	S2-804479817
S1-421342802	S3-58159208,S3-417721836,S3-910505782,S3-302618018,S3-480161863
S1-957769462	S2-266060023,S2-914309965,S2-185891800,S3-625128535,S3-627129920,S3-200349193
S1-398764504	S2-630359742,S3-498056893,S3-322076992,S3-418085247
S1-517049850	S2-347925296,S2-330097228
S1-420730381	S2-180349765,S2-384184026,S2-719746331,S3-475466916
S1-892620906	S2-10518308,S2-261588884,S2-596105948,S2-540660636,S3-215506446
S1-720430117	S2-204923335,S2-51212419,S3-288936815,S3-404717590
S1-645896317	S2-260979462,S3-369217779
S1-665403701	S2-803317340,S2-513213063,S2-108491923
S1-575717909	S2-207660789,S2-696639099,S2-784034717,S3-804476464,S3-545003152
S1-867930164	S2-931905530,S3-864318806
S1-767417606	S2-587996110,S2-153524306,S3-62124462,S3-771178397
S1-28086401	S2-840449572,S3-379469312
S1-788998543	S3-748192711,S3-379851587
S1-807715507	S2-887721642,S3-746307974,S3-687248593,S3-618920271
S1-792701530	S2-878887963,S3-821831375
S1-698420462	S2-745193420,S3-860040894,S3-586229751,S3-587957326,S3-454862454
S1-115921683	S2-357925458
S1-736100693	S2-8780135,S2-350203523,S2-979673244,S3-926697989,S3-862482674,S3-530351925,S3-276750072
S1-766077410	S2-217696712,S2-836941750,S3-351025549,S3-806297332,S3-869992702,S3-778486035
S1-369206006	S2-949581585,S3-150956714
S1-430312799	S2-96265236,S2-274252078,S2-642901713,S2-205238311,S3-898923771,S3-138282090
S1-566444006	S2-631521336,S3-93143399
S1-872967630	S2-422067879,S2-772318456,S2-860621227,S3-850440155,S3-793392111,S3-687360019
S1-998108675	S2-677806100,S3-224470791
S1-887216216	S3-259996814
S1-674533720	S2-583907698,S2-180585821,S3-612066006,S3-519133246,S3-719925545,S3-700964222
S1-781728368	S2-384502843,S2-270205792,S2-218515126,S2-423931165,S3-616180977
S1-25278400	S2-117933069,S2-542429602,S2-531330991,S2-21460709,S3-885932408
S1-445326752	S2-441235382,S2-919516843,S3-186046662,S3-674177072
S1-337328592	S2-410634207,S3-78070005,S3-122284472
S1-103120304	S2-391376116,S2-65311351,S3-369643010,S3-539304841,S3-879877686
S1-715010013	S2-45374922
S1-830459367	S2-444702373,S2-62755594,S3-87119214
S1-996048824	S2-135751806,S2-549594609,S2-10576581,S3-345130247,S3-175989790
S1-492101597	S2-207187244,S3-623059432,S3-960288883,S3-308882671
S1-649938519	S2-801078965,S2-308866814,S2-804826533,S3-648229311,S3-817436070,S3-111569864,S3-919056388,S3-664119411
S1-35025636	S2-537863802,S3-255650271,S3-992257495,S3-771484703
S1-688328298	S2-275177907,S2-804804138,S3-670483704,S3-74662264
S1-399818905	S2-859429209,S2-13652035,S2-701238460,S3-491468893,S3-798225886,S3-31792036
S1-482088340	S2-799131850,S3-948625122
S1-459635471	S2-428470094,S3-204702341,S3-877366771
S1-197436093	S2-799916041,S2-12268256,S2-75799196,S2-282974902,S3-551689735
S1-744883058	S2-609488915,S3-748685599
S1-891693491	S2-623782574,S3-912016813
S1-38763109	S3-817785048
S1-381728881	S2-550425335,S2-39162582,S3-582783431
S1-854298463	S2-89605658,S3-848257830
S1-347697124	S2-119952366,S3-839075959,S3-535825232
S1-442166266	S2-206502291,S3-189932368,S3-169653336,S3-214379238,S3-729865075
S1-416555204	S2-597487860
S1-632179048	S3-657358180
S1-446151897	S2-622684065,S3-94756001,S3-698838379,S3-239722249
S1-356756599	S2-195081515,S3-702598309,S3-867605132,S3-52182711
S1-30094100	S2-422416365,S2-73666066,S3-674739458,S3-130010232
S1-583565755	S2-273481444,S3-47833250,S3-439601401,S3-261753344
S1-428226183	S2-558444796,S3-293151916
S1-880330813	S2-249752781,S2-502871892,S2-168474759,S3-536808306
S1-977521619	S2-459247855,S3-217307932,S3-574131205,S3-287467736,S3-708471636,S3-174971617
S1-34806045	S2-722226120,S2-409279565,S2-305862863,S3-858531240,S3-487716304,S3-169314244,S3-159679314,S3-138987288
S1-293847444	S2-469091548,S3-748730746,S3-82725174,S3-577344094
S1-1726440	S2-718903540
S1-376220071	S2-336978207,S2-544052951,S3-410117192,S3-200584493,S3-525717001
S1-927153121	S2-181319793,S2-550097300,S3-638890774,S3-607833858,S3-892750110
S1-678038419	S2-338796421,S2-965808176,S3-173557187
S1-40951907	S2-293865146,S2-488503437,S2-884798512,S3-401260159
S1-39165550	S3-136093106,S3-253987531,S3-496059311
S1-314390899	S2-59198157,S3-706547945
S1-221853248	S2-860669475,S3-650271070,S3-930900710
S1-415217112	S2-173022851,S3-496387126,S3-171074788
S1-564101301	S2-613388529,S3-685226220,S3-511115391
S1-277104261	S2-140195177,S2-138342669,S3-521228994
S1-476220112	S2-214964189,S2-30648558,S2-695620412,S2-464714711,S2-112275299,S3-163339327
S1-18169637	S2-736230112,S3-871919139
S1-281649419	S2-237180741,S2-646757993,S3-441317936
S1-375559638	S2-309963029,S2-870059977,S3-625743783
S1-627652991	S2-261018333,S3-37020446,S3-41358945,S3-757840517,S3-385307186
S1-559827097	S2-934918721,S2-511228390,S3-797001265,S3-127023179
S1-1487462	S2-134269032,S2-937344240,S2-440534146
S1-949101415	S2-364104163,S3-392183615,S3-313044810,S3-957150611
S1-163126807	S2-803918201,S2-323492630,S2-914267838,S3-492893618,S3-7011047,S3-453958851
S1-9288377	S2-798457951,S3-611183409,S3-634047433,S3-696448071
S1-373708874	S2-681365389,S2-500563801,S3-949551161,S3-814824316,S3-749929707
S1-471482001	S2-447535575,S3-766669343,S3-866047326
S1-265225955	S2-51530936,S2-791388415,S3-243590469,S3-118770299
S1-214014754	S3-192792219,S3-680917145,S3-994896580,S3-351667587,S3-778390157
S1-108808724	S2-482872678,S3-176932868
S1-459572641	S2-628000194,S3-251621845,S3-724946650
S1-89849917	S2-335563637,S3-898474167
S1-221897970	S2-114212212,S2-909114891,S3-802056800
S1-296487343	S2-423243376,S2-936936773,S3-984594168
S1-295207364	S2-549151276,S2-486139528,S2-837632695,S2-334290280,S3-364888752
S1-727174704	S2-517605282,S2-237808855
S1-484499079	S3-378560488,S3-777830377
S1-588575956	S2-293066211,S2-228721654,S2-138540703,S3-997975070,S3-504906107
S1-366624985	S2-676122994,S2-721313345,S2-106911924,S3-174118446,S3-198092323,S3-798390119,S3-881157881,S3-114753928
S1-468699065	S2-16152030
S1-390889524	S2-253314989,S2-65571600,S3-391599159,S3-692417619
S1-19581040	S2-145854104,S2-958003070,S3-891920580
S1-999680833	S2-438916077,S2-130803516,S3-924955592,S3-610978054
S1-398239488	S2-387521520,S2-873384680,S2-88213984,S3-259550180
S1-688117227	S2-687367682,S3-812743604,S3-218522253
S1-631657131	S2-183753943,S3-382188414,S3-92900595,S3-947764342
S1-203805021	S2-173947251,S3-572230030
S1-280491452	S2-315709813,S3-609835491,S3-612742806
S1-844187696	S2-26273476,S2-20117442,S2-47209167,S3-903528687,S3-279721100,S3-428500302
S1-936626437	S2-302263758,S3-85010186
S1-988686879	S2-613280925,S2-606105620,S2-115349917,S3-373654166,S3-367830847,S3-911210181
S1-616617532	S2-412291001,S3-257614986
S1-596815379	S2-101693605,S2-271664200,S3-231611440
S1-29487853	S2-723276055,S2-688917915,S2-49784383,S2-207403328,S2-323324858,S3-968268420,S3-647349956
S1-125272456	S2-605360047,S2-854822039,S2-270680888,S3-642412281
S1-939149032	S3-229545456,S3-166052163,S3-427365434
S1-153282154	S2-685900598,S3-479974870
S1-50522735	S2-161746555,S3-693067760,S3-261243672,S3-233839902,S3-76647455,S3-567618524
S1-797079744	S2-193856304,S3-711187961
S1-823210376	S2-551697003,S2-752864855,S3-80573448,S3-833122307,S3-397062744
S1-319944861	S2-757724449,S2-283777388
S1-907049524	S2-263096020,S3-666577798
S1-564223751	S2-996977651,S2-341304207,S3-759316034,S3-242565503,S3-254994399
S1-978129358	S2-49434042,S2-825228830,S3-901728645
S1-538977437	S2-765487317,S3-291484665,S3-700838389
S1-592634861	S3-950272773,S3-686010721,S3-477199469
S1-148924314	S2-145014398,S3-196154698,S3-669085178,S3-798020221,S3-887730801
S1-107230672	S2-803743527,S3-774629061,S3-951002016
S1-98425488	S2-338171645,S3-38210771,S3-375666992,S3-198678429,S3-776214833
S1-877486953	S2-367198871,S2-823888281,S3-83587120
S1-902133927	S2-795798510,S2-735613176,S3-893330426
S1-115528846	S2-83945311,S2-395336927,S2-627256816,S3-586793652,S3-331066628,S3-924433595
S1-146356774	S2-560161973,S3-282570992,S3-24758360
S1-553032897	S2-96183711,S3-613500576,S3-907729493,S3-876878060
S1-706632148	S2-281457875,S2-544211044,S2-217427212,S2-836218765,S3-690958889
S1-989141890	S2-556720873,S2-944949213,S2-474819750,S3-195709006,S3-471074242
S1-904727902	S2-590590643,S3-843173920,S3-41581596,S3-662213412
S1-508756838	S2-260093198,S2-305235761,S2-663105377,S3-832555116
S1-604189846	S2-831550895,S2-456520708,S3-511879502
S1-29884343	S2-154716170,S3-196146672,S3-951882179
S1-412068453	S3-740446391,S3-124653329
S1-510216350	S2-564879045,S2-152161907,S2-369928057,S3-480219259
S1-760718965	S2-264098913,S2-838014962,S2-894681362,S3-25987828,S3-932175637,S3-468574611
S1-775957570	S2-811612652,S3-518373479,S3-39148535,S3-27477158,S3-688452384,S3-297292322
S1-213693610	S2-951619014,S2-106826312,S2-16898921,S3-79402917
S1-453201260	S2-855435295,S2-853850736,S3-876430412
S1-969618201	S2-104356489,S3-778299603,S3-566172746,S3-261600707
S1-709680302	S2-897879995,S3-923177013
S1-801191500	S2-41518636,S2-533579569,S2-318364445,S3-430681166,S3-540399722,S3-630754010
S1-889454531	S2-915337753,S3-53988367
S1-941189650	S2-211380534,S2-216880134,S2-592582543,S2-155756089,S3-302172182,S3-725781497,S3-297789191
S1-941065057	S2-863298398,S3-932563410,S3-732483883
S1-111918855	S2-253042403,S2-438988235,S2-947314055,S3-593512832,S3-301599243
S1-558963451	S2-696493644,S2-809655246,S2-228799515,S3-962689016
S1-869429846	S2-76707986,S2-880400576,S2-830217877,S3-892149701,S3-492372148
S1-95674389	S2-759028899,S2-770527548,S3-741262291
S1-369808423	S2-769355703,S2-885954957,S3-440334615
S1-384606978	S2-735573288,S2-610494850,S3-691993336,S3-518201654,S3-964166537,S3-138648432
S1-165401752	S2-365575789,S2-64349861,S3-417778090
S1-214320808	S2-929301553,S3-65853462,S3-366079150
S1-73593553	S2-491620358,S3-565774566,S3-545464200,S3-636664015
S1-751751427	S2-493495432,S3-170749444,S3-995864534
S1-416876858	S2-763044360,S3-333752455
S1-115725768	S3-45964104
S1-734984338	S2-122346701,S2-142785777,S3-745801951
S1-248156272	S2-916292986,S2-184737825,S2-320686248
S1-644979217	S2-263644237,S2-506762452
S1-613214343	S2-881626538,S3-304845406,S3-173293923,S3-743811346
S1-511147349	S2-760016026,S2-416719862,S2-473895567,S3-571719232,S3-576942917
S1-589401286	S2-553250841,S2-320861959,S2-188277144
S1-656625955	S2-651721854,S2-196052209,S3-211451403,S3-382699100
S1-244875050	S2-685140880,S3-491496184
S1-804660703	S2-83435934,S2-472533350,S3-273389168
S1-707380021	S2-109598788,S2-844523209,S3-398373660,S3-57719586
S1-168164539	S2-391440669,S2-858977863,S3-900507812
S1-801747892	S2-826980222,S3-855229736
S1-786290337	S2-47941924,S2-554415224,S3-760235516,S3-328204228,S3-367992134
S1-608623880	S2-763555214,S3-281960125,S3-553545870
S1-163944415	S2-296868446,S2-379574959
S1-163568401	S2-192985954,S3-663285519,S3-626725590
S1-956227281	S2-140312873,S2-29078895,S3-510360396
S1-622212665	S2-116505106,S3-289358214,S3-914226545
S1-928703639	S2-358719879,S2-153416926,S3-818176115
S1-983815397	S2-538809548,S2-915412572,S2-734666440,S3-955761370
S1-402806498	S2-232027335,S2-597494710,S3-484585135,S3-236134631
S1-152412992	S2-455957594,S2-966689315,S3-791365637,S3-876905493,S3-503023680
S1-606617950	S2-458795322,S2-849862252,S2-120985436,S3-149537047,S3-217871803
S1-125614191	S2-71634881,S3-168017685,S3-628748377,S3-837096032,S3-629989889,S3-814287014
S1-523547562	S2-912411735,S3-846924964
S1-210634488	S3-203062230,S3-818973357,S3-301411970,S3-386728779,S3-196043044,S3-724561624
S1-646929250	S2-832135255,S2-772704195,S3-104512737
S1-582348024	S2-81220129,S2-310146702,S2-704221733,S3-811700336,S3-46985895,S3-141225322
S1-853846563	S2-335457254,S3-121594332,S3-631832504
S1-174581837	S2-714630512,S2-942419477,S2-963357579,S3-418897672
S1-951546330	S2-128174559,S2-613952492,S3-922247621,S3-430775907,S3-119908146
S1-632273303	S2-711929233,S2-109457436,S3-415033908
S1-658713577	S2-113763420,S2-917681826,S3-695832447
S1-520677204	S2-247434268,S2-764881123,S3-90005064
S1-777351803	S2-719966945,S2-493896250,S2-639960358,S3-512505389
S1-218872630	S2-235079220,S2-673183684,S3-725665214
S1-826812485	S2-777039028,S2-244592076,S2-252758644,S2-362224244,S3-593336248,S3-976565742
S1-526714590	S2-93552407,S3-234419531
S1-429031195	S2-432791445,S3-398676588
S1-527879570	S2-331902654,S2-311060759
S1-334955621	S2-960470107,S2-649948208,S3-993371351,S3-393205929,S3-988433778
S1-293672452	S3-833599924
S1-110701130	S2-109476689,S2-220710170,S3-790240719,S3-103275156
S1-718513961	S2-48327339,S2-251353382,S3-95425366,S3-551324884
S1-44028282	S2-462048059,S3-799171532,S3-133357922
S1-617706694	S2-664850195,S3-43091490,S3-745161599,S3-663719030
S1-481599887	S2-525666718,S2-900998336,S2-260022327,S2-186470226,S2-964350345,S3-911339424
S1-940371345	S2-237574415,S3-523506802,S3-40169980
S1-156115754	S2-791687549,S3-56221373,S3-96264213,S3-138561902
S1-319898293	S2-16507662,S2-386766083,S3-141581304
S1-899567558	S2-375816324,S3-442210338
S1-623585893	S2-476286994,S3-209814524
S1-948370018	S2-626834193,S3-518964216
S1-296992009	S2-952814128,S2-611570114,S3-197554113,S3-706832519
S1-310641254	S2-586873162,S2-766369972,S2-443886122,S3-207611252,S3-135868653,S3-845304096,S3-846728235
S1-551079300	S2-319116537,S2-403102978,S2-754568195,S3-369208041,S3-524063492
S1-698011993	S3-478382759,S3-977318408,S3-185077230
S1-304798810	S2-286210237,S2-249621855,S3-907151367,S3-219914871,S3-427654994
S1-678621262	S2-456077187,S2-419937220,S2-546701270,S3-681044822
S1-487540592	S3-429537256
S1-222069393	S2-763039847,S2-321371164,S2-128527203,S2-38383396,S3-516471493,S3-979710758,S3-953741996
S1-373784957	S2-177855577,S3-559705979
S1-995237855	S2-338796664,S2-724596538,S3-91044319
S1-225097213	S2-205119272,S3-153633777
S1-716579197	S2-997740376,S3-557894691,S3-904742890
S1-843776337	S2-386919586,S2-676031301,S3-949093977
S1-349456940	S2-599326647,S2-647100305,S3-273026440,S3-103884903
S1-269812695	S2-167395570,S2-305233924,S2-485635204,S3-668793655
S1-397098626	S2-108033994,S2-362029929,S2-15645045,S3-344757629,S3-511900056
S1-823648036	S3-572212238,S3-627542182
S1-56873424	S2-738855414,S3-394118549,S3-705670739
S1-487600902	S2-512878834,S2-634104275,S3-320496872,S3-261615987,S3-268881522
S1-791969663	S2-335543450
S1-636166368	S2-219138316,S2-998227797,S3-479371926,S3-575201918
S1-164836096	S2-663733618,S2-403375568,S3-156523433,S3-645452531
S1-428528195	S2-127397570,S3-522353445,S3-318803180,S3-35392438
S1-687092095	S2-970704882,S3-379480196,S3-20801729
S1-343667740	S2-113153269,S2-17322945,S2-588572141,S2-675121732,S2-251804277,S3-462412334,S3-616999262
S1-199508269	S2-268647800,S3-341318303,S3-825854588,S3-285040957,S3-312694768
S1-270575003	S2-584864699,S2-802876407,S3-107840782,S3-205980994,S3-854352794,S3-98774470,S3-889560548,S3-898987382
S1-77219993	S2-475638738,S3-751543382,S3-634217179
S1-254362397	S2-5489979,S2-544966608,S2-396648044,S3-948348447,S3-827559554,S3-244147201,S3-341443424
S1-533039493	S2-257263181,S2-858048115,S3-97309489,S3-279069097
S1-942221484	S2-575424170,S2-981271757,S3-686152183
S1-938180456	S2-642399351,S2-424920940,S3-666417955,S3-910332991
S1-125803908	S2-978400302,S2-785068540,S2-361903998,S2-916944616,S2-6946747,S3-937709805
S1-377792524	S2-601915843,S3-135765087
S1-647559193	S2-324666424,S2-714843668,S2-565799693,S3-852113961,S3-348804774,S3-985327640,S3-449414412
S1-354540773	S2-435946873,S2-86789408,S2-628053046,S2-821300221,S2-335587722,S3-130782629,S3-79035596,S3-337993121,S3-355660709,S3-947770947
S1-978750662	S2-954308225,S3-167042754,S3-885691088,S3-274126744
S1-495672509	S2-556363551,S2-585591008,S3-799216125
S1-96278177	S2-167854345,S3-962525492,S3-387902160
S1-419444441	S2-415121596,S2-174287088,S3-142029738
S1-298376065	S2-486035941,S2-125191882,S3-220921253,S3-601985322,S3-708300375
S1-645346723	S2-334918787,S3-569014652,S3-526427573
S1-304805468	S2-405588145,S2-325586568,S2-140806406,S2-635845642,S3-820352994
S1-657618202	S2-992121531,S3-847534171,S3-912484195,S3-931510979
S1-175308411	S2-532483052,S2-13913639,S2-952295612,S2-221938424,S2-768815345,S3-210648887,S3-365196508,S3-9274601
S1-887828099	S2-42979550,S2-945443831,S2-275478410,S3-818419136
S1-873669207	S2-84436492,S3-34603335,S3-501314176
S1-596854192	S2-611616303,S2-599501249,S3-214950366,S3-320440298,S3-774110279
S1-957144683	S2-538913270
S1-533287519	S3-229461316,S3-31631062,S3-531517785
S1-276200793	S2-984100049,S2-616765286,S2-40262822,S3-245455738,S3-3750043
S1-612522159	S2-29900805,S3-340242315,S3-650159769,S3-789846921
S1-161482066	S2-629135180,S2-576683718,S2-505178259,S3-972348353,S3-891630646
S1-873817425	S2-43859421,S2-314107248,S3-570784873,S3-586392444,S3-827727660,S3-665605091,S3-65114353
S1-219309808	S2-850222257,S2-292884897,S2-785227727,S3-964390381,S3-250757402
S1-951515316	S2-982208583,S2-346780212,S3-164475553,S3-560430264
S1-202680125	S2-914124992,S2-899606609,S3-173410491,S3-741493702
S1-464090029	S2-678837760,S3-267385860,S3-846813842
S1-320543196	S2-431929113,S3-1408695
S1-260051052	S2-345490326,S2-210939071,S3-440525212,S3-23257773,S3-695785462
S1-97416517	S2-953049477,S2-138897864,S2-649431771,S2-94839700,S3-116707819
S1-877827401	S2-98245853,S3-128843006
S1-34147379	S2-95258254,S3-713278077
S1-724788881	S2-220570950,S3-675191422,S3-585423621
S1-401899458	S2-615405444,S3-693931480
S1-192096535	S2-770962451
S1-732779021	S2-925890517,S2-523035284,S2-852273316
S1-789393401	S2-491864819,S2-716377580,S2-65899240,S3-118973065,S3-124165115
S1-982801093	S2-554185200,S2-338958401,S2-826838883,S2-785641490,S3-745043916,S3-442946637
S1-719413739	S2-115540172,S3-625788094,S3-447047972,S3-675735550
S1-920224848	S2-120786057,S2-872923662,S2-423343621,S3-556257667
S1-970487920	S2-409026744,S2-957060878,S2-413120936,S3-607211307,S3-110023457,S3-655551543
S1-870761168	S2-83808698,S2-831163035,S2-667620503,S2-413845081,S2-76758683,S3-789534690,S3-125898293,S3-668641840
S1-415977592	S2-288229376,S3-34813288,S3-92923744
S1-543036652	S2-576481396,S3-400645794
S1-531767702	S2-484460441,S3-983319512,S3-241578469
S1-944411548	S2-9188161,S3-12873101
S1-874975252	S2-179852734,S2-907412687,S3-74930723,S3-897305681,S3-36744234
S1-957236265	S2-351922890,S3-561799593
S1-868076652	S2-926539383,S3-262811336
S1-154666209	S2-848516196,S2-928779799,S2-107632501,S3-335408105,S3-28343399,S3-152457504,S3-494585951
S1-36438818	S3-740132257
S1-18230926	S2-312078126,S3-950768291,S3-752491920,S3-351106751
S1-321844825	S2-456060747,S3-661015507
S1-680742405	S2-603454868,S2-108796794,S2-497932243,S2-609290139,S3-222108744,S3-974885698
S1-808851351	S2-844461411,S2-452493741,S3-206963565,S3-378964972,S3-66618607
S1-622951319	S2-227279967,S2-491696614,S2-689983450,S3-187265809,S3-15728629
S1-896027989	S3-662199797,S3-656190710,S3-84891199
S1-633291790	S2-927451707,S2-107988152,S3-761398942,S3-180981889,S3-289752337
S1-527437934	S2-570391548,S2-606853758,S2-865992487,S3-349616281,S3-151045648,S3-252492328
S1-118668628	S2-291630460,S3-160392584,S3-200626086,S3-271683981
S1-786940029	S2-443482641,S3-554246401,S3-651794932,S3-296180339
S1-332328182	S2-800980597,S2-697752539,S3-140206107
S1-477475735	S2-143443013,S3-125534698
S1-216584272	S2-887598834,S3-250054399
S1-551350911	S3-214512138
S1-197803504	S2-802236867,S2-136649133,S3-116365384
S1-291264983	S2-63989824,S3-351048874
S1-463473259	S2-614053921,S2-285841079,S2-307739876,S3-413532354
S1-887071334	S2-34303035,S3-168725915,S3-585636023
S1-285915848	S2-163064665,S2-67684469,S3-655531912,S3-513254233,S3-585879272,S3-410511471
S1-192666097	S3-231916099,S3-26172186,S3-494050139
S1-995757930	S2-295503546,S3-812972238
S1-13513714	S2-290349563,S3-122034647
S1-33224668	S2-708661931,S3-420966159
S1-217246990	S2-444054677,S2-4578214,S2-826651289,S2-462385343,S3-320025235
S1-829829436	S2-429432390,S3-897196848,S3-831759913,S3-757764933
S1-34350786	S2-833190361,S2-865809255,S2-743155392,S3-754665509,S3-847385238,S3-97904151
S1-997811072	S2-904588041,S2-327062772,S2-469093087
S1-743721746	S2-327562250,S2-323128376
S1-614022522	S2-377422362,S2-4180732,S2-66312883,S3-829951709,S3-221096939
S1-456031527	S3-553479680
S1-948738180	S2-385043894,S3-211014780,S3-369135659,S3-339369614,S3-568669918
S1-401963908	S2-27684053,S2-637832624,S3-536327845,S3-462157144
S1-526200337	S2-627892184,S2-344726187,S3-917357660,S3-806674801
S1-133270125	S2-687999384,S2-572770400,S3-293441602,S3-811694549,S3-226729421
S1-574799901	S2-244177188,S3-720684718
S1-337830980	S2-972070451,S2-331585870,S3-299151434
S1-208889571	S3-466460417,S3-589047071
S1-340629205	S2-22317239,S2-416233460,S3-140036429
S1-429428780	S2-33782034,S3-30908806,S3-43044079,S3-937342088
S1-7774387	S2-43934487,S2-442196384,S3-177837756,S3-474059137,S3-678484616
S1-898586946	S2-736440107,S3-821494299,S3-742958380
S1-346752795	S2-187734760,S3-847712187,S3-737777386
S1-247218207	S2-460678551,S2-534347110,S3-251245280
S1-778632723	S2-150240064,S3-306835197,S3-876402971
S1-722952582	S3-328881612,S3-408971826
S1-857776408	S2-100248114,S3-673208569,S3-902747808
S1-115453903	S2-715738987,S2-65764117,S2-137303297,S2-145245959,S3-30798222,S3-579466907
S1-31797926	S2-24409478,S2-415600850
S1-583275292	S2-690296526,S2-112705089,S3-914582770,S3-752695170,S3-758275189
S1-750954051	S2-400292066,S3-257303372,S3-7445700
S1-728953403	S2-816393765,S2-783846610,S2-177976729,S3-199233016,S3-587819242
S1-23106437	S3-447665013,S3-826484343
S1-248539155	S2-990285506,S2-68532437,S3-814765939,S3-477250759
S1-772413918	S2-562418059,S2-472639046,S3-547736334,S3-554227647,S3-741705795
S1-530986268	S2-421115291,S2-294047913,S2-393896627,S3-766664108,S3-793585678
S1-271987570	S2-183048330,S3-554069515,S3-98764207
S1-703689077	S2-819613607,S3-168184069
S1-514764078	S2-77787216,S3-366186187,S3-465191159
S1-734739943	S2-879905705,S2-208731223,S2-914430951,S2-736463839,S3-58075673
S1-881631779	S2-819057797,S3-341521733,S3-453153445
S1-999343577	S2-458006399,S3-194112870
S1-381025956	S2-468557735,S2-500978947,S3-203046346,S3-120847513
S1-207114685	S2-690830500,S2-620394656,S3-801483290
S1-99879970	S2-941969532,S2-841478026,S2-298736513,S2-449854740,S3-98958364,S3-76477979,S3-179049734,S3-195319552
S1-426999606	S2-580146824,S3-200736382,S3-112147180,S3-818826582,S3-688925239
S1-66528654	S2-179553403,S2-81827360,S3-924546475
S1-263619865	S2-293051649,S2-829095198,S3-624182661
S1-969418205	S2-614571055,S2-8614632,S3-442172634,S3-438073191
S1-495803637	S2-657613245,S2-404337903,S2-435488866,S3-16874650,S3-784646688,S3-106528798,S3-281640712,S3-689562976
S1-404650018	S2-188752191,S2-762142729,S3-655090892,S3-368549304
S1-20944062	S2-279550303,S2-908170093,S3-452816633,S3-31894583
S1-412755803	S2-542234823,S2-411397232,S2-345745690,S3-391185311
S1-830737832	S2-681596330,S3-703778051
S1-899398847	S2-943042907,S3-487863523,S3-789289583
S1-78963850	S2-868249207,S3-506353382
S1-646743430	S2-965649386,S2-719961747,S3-388403973
S1-565888960	S2-424539314,S3-625891649
S1-28329117	S2-231410028,S3-824113212,S3-338511729
S1-456905477	S2-300746884,S3-423984616,S3-838446918,S3-535991225
S1-175303148	S2-232063042,S2-403754781,S2-93359371,S3-767096086,S3-794315749
S1-439522977	S3-910560146
S1-938396854	S2-973568698,S3-95283736
S1-753713883	S2-483746262,S2-464086396,S2-602207366,S3-712594153
S1-270786155	S2-618356488,S3-66847085,S3-87919949
S1-105034270	S2-480531669,S3-778313674,S3-538268285
S1-797329211	S2-912723500,S2-632963565
S1-66519840	S3-13354153
S1-975780040	S2-979909942,S3-217677472
S1-216780644	S2-721084983,S3-945075767,S3-588045399,S3-202652431,S3-638785890,S3-931171730
S1-694491002	S2-273592725,S3-86737819,S3-851420588
S1-63195378	S2-567668,S3-266419588
S1-952460267	S2-229460325,S2-23324945,S3-780517951
S1-756764706	S2-609631675,S2-523493016,S2-76572757,S2-326959784,S3-440686598,S3-650128473
S1-307300771	S2-249813347,S3-721366627
S1-427945963	S2-147068319,S2-90266256,S2-955453770,S3-89786079
S1-915005643	S2-475716121,S2-865434477,S2-152822429,S3-201368081,S3-14675523,S3-64026717
S1-73018197	S2-653848637,S3-267162461,S3-96406781,S3-803684419
S1-12300269	S2-523464925,S3-80149729
S1-716781813	S2-655656984,S3-526730113
S1-422869819	S2-376473646,S3-359351616,S3-542564800,S3-519335965
S1-352982820	S2-289427661,S2-988925885,S2-240999991,S3-523699214,S3-142943546
S1-862047978	S2-22278946,S2-741781381,S3-923954699,S3-593588208,S3-175399754
S1-871215048	S2-206729197,S3-29841930
S1-512468199	S2-875303709,S2-630640330,S3-209045074
S1-472144608	S2-809759715,S3-842517208,S3-691797177
S1-866513083	S3-747427663
S1-186690670	S3-790498734,S3-472168920
S1-46860562	S2-841531673,S2-647358172,S2-865172919,S3-305294569,S3-46074790
S1-962896793	S2-680034684,S2-462288831,S2-516189145,S2-471460253,S3-204708388,S3-911472330
S1-118114079	S2-888792899,S2-86400080,S2-997919773,S3-850878687,S3-735523184
S1-853459079	S2-348553695,S2-658917221,S2-751779475,S2-194418070,S3-161560179
S1-641235621	S2-537801379,S2-147706487,S3-555738998,S3-70872247,S3-541891478
S1-820138157	S2-646191029,S2-723147492,S3-660281300,S3-75608238
S1-202962133	S2-277712419,S2-449067065
S1-669865409	S3-844909138,S3-200398852
S1-448015384	S3-798960780
S1-999856458	S2-4039522,S2-247662975,S3-19320851,S3-2754914
S1-183677622	S2-923162807,S2-766309410,S3-640898533,S3-602091264,S3-993274911,S3-799368114
S1-39383867	S2-700896721,S3-776173207,S3-258445169,S3-308773319,S3-813864370
S1-888626900	S2-725664011,S3-804590699,S3-866354505,S3-913825639
S1-333844004	S2-152473502,S3-478638066,S3-290367552,S3-991528689
S1-527733867	S2-602436768,S3-254393455
S1-122250926	S2-313834952,S2-499590613,S3-368129939
S1-414765096	S3-357872581,S3-919861617,S3-43237720
S1-641260784	S2-610573701,S3-829987826
S1-264091805	S2-829291905,S3-194193612,S3-878812671
S1-41812422	S2-204528941,S2-18412774,S3-51439926,S3-900577070
S1-25189792	S2-400273523,S3-43091799
S1-25782056	S2-95196124,S3-164304098,S3-236505830
S1-809255526	S3-276059822,S3-386890439
S1-253171498	S2-911872184,S2-832762723,S3-696685421,S3-293949111,S3-780491676
S1-466324233	S2-510563716,S2-181997699,S3-653741621,S3-798551431
S1-20923	S2-870245478,S3-293200880,S3-799268823
S1-933880690	S2-149589847,S2-449391539,S3-241473159
S1-735351911	S2-578744089,S2-515243902,S2-979996184,S3-172834999
S1-231793597	S2-119107579,S2-325634234,S2-870641548
S1-610057275	S2-657719849,S2-901506887,S3-184471796,S3-219643561,S3-862156352,S3-842245088,S3-643472124
S1-346359139	S2-615359873,S3-689864527,S3-455435090
S1-46248918	S2-392891445,S2-696840399,S2-818438466
S1-19270423	S2-894012238,S2-44305461,S2-122369837,S3-998762736,S3-927587875,S3-94862575
S1-925921880	S2-712755465,S2-298806023,S3-782847039,S3-958528539
S1-889033164	S2-664240237,S2-623343550,S3-895929157
S1-619539603	S2-722549473,S2-207709398
S1-717337489	S2-832249679,S3-801554438,S3-779341161,S3-808841115
S1-754965219	S2-193277903,S2-167322964,S2-519148623,S2-958853390,S2-149482151,S3-737949557,S3-183225401,S3-760069828
S1-142586745	S2-750427506,S3-692709115,S3-881164654
S1-258800616	S2-42046180,S3-569577037
S1-967283882	S3-689517482
S1-734320572	S2-343133969,S3-134614178,S3-588377693
S1-483491258	S2-808804274,S2-485464872,S2-583436578,S2-762098659,S3-984414104,S3-432829388,S3-374394887
S1-73176119	S2-610468992,S2-127621088,S3-681406092,S3-695301375
S1-790705199	S3-980325780,S3-454760848,S3-2602822
S1-589892627	S2-862632117,S2-109234470,S2-263741164,S2-349974219,S2-74201820,S3-662116632,S3-616236378,S3-571883434
S1-61915749	S2-692328978,S3-335984264
S1-905224902	S2-13709837,S2-99077562,S3-381777647,S3-190796077
S1-765304132	S2-765873996,S3-982244285,S3-441114032
S1-520248156	S2-588246959,S2-738604112,S3-310362945,S3-474900208
S1-262185587	S2-19889021,S3-464430753,S3-287751182
S1-675481086	S2-966831135,S2-193623132,S3-358006745,S3-891087953,S3-742879515,S3-368574210
S1-579398034	S2-661472985,S2-984012035,S3-888408289,S3-967588528
S1-520002899	S2-302072591,S2-28707096,S2-150636900,S3-801068181
S1-677083439	S2-375121025,S3-571657829,S3-154323505
S1-159516176	S2-522852863,S2-298747803,S3-315266628,S3-38911075,S3-168073180
S1-950528063	S2-394683964,S2-998312729,S3-341330565,S3-475669910,S3-427810769
S1-513168557	S2-978773287,S2-198079525,S3-662674178,S3-223610949
S1-401288118	S2-95673046,S2-94721780,S3-71855648,S3-306253880
S1-133683540	S2-696223047,S2-493537701,S3-58651996,S3-965268621,S3-757983146
S1-803772976	S2-128537096,S3-533451061,S3-582019490
S1-535500095	S2-502869456,S2-878297239,S2-112323916,S3-657773694
S1-331179181	S2-116937574,S2-791476326,S3-411018101,S3-726717231,S3-641029046,S3-796863267,S3-474013602
S1-346172099	S2-393204006,S2-292781950,S3-65058556,S3-457655597
S1-828820328	S3-523358990,S3-722227100,S3-750742602
S1-143899303	S2-358150022,S2-343798647,S3-691458024
S1-827350317	S2-529142204,S3-54345003,S3-194443232,S3-662285086
S1-856442289	S2-759323779,S2-110616906,S2-185171960,S2-502084309,S3-734967990
S1-338900549	S2-689697710,S3-302928783,S3-909063126
S1-217060946	S3-8655244,S3-191733050
S1-607674847	S2-853812208,S3-428788285
S1-837425910	S2-110180385,S2-31289982,S3-317096939
S1-452814418	S2-987414712,S3-941217224
S1-844694015	S2-612122007,S2-809302537,S3-371811609,S3-503752304
S1-69911346	S2-121398829,S2-749025772,S3-84367524,S3-883495440,S3-5252173
S1-984838644	S2-677668128,S2-672575992,S2-467215972,S3-786208818
S1-147657205	S2-809878497,S2-470084854,S3-928020163
S1-519113562	S2-741526583,S3-978809433,S3-185456003,S3-658732663
S1-95878265	S2-142026821,S3-742855702
S1-455364170	S2-562757279,S2-424180156,S2-537085754,S3-15331077,S3-255041315
S1-787949103	S2-339657841,S3-281418158,S3-15782561
S1-486262066	S2-591867482,S3-266128635,S3-813345682
S1-941515322	S2-418943956,S2-251938618
S1-725902006	S2-576128609,S2-174040901,S3-671438209
S1-181844327	S2-931239266,S3-580579835,S3-869208938,S3-348039698
S1-911281571	S2-471569615,S2-870110270,S3-723875233,S3-377302722,S3-785238356
S1-20771595	S2-771109530,S2-253783925,S2-695089213,S3-160773309
S1-93299398	S2-432636416,S2-844511346,S2-379567634,S2-401476080,S3-324207778,S3-142634253
S1-267932978	S2-98696303,S2-322267789,S3-930370112,S3-175323519,S3-519630754
S1-870991485	S2-58710335,S2-605771753,S3-302030273,S3-547471387
S1-91512703	S2-583544506,S2-658156771,S3-211448806,S3-688820741,S3-410613995
S1-355355441	S2-96570189,S3-875915724
S1-607303736	S2-49234974,S3-908050522,S3-285450543
S1-713832930	S2-510316004,S2-710274644,S2-339055707,S2-294953733,S3-519179018,S3-320801495
S1-62658141	S2-984456753,S3-61110989
S1-903979546	S2-277906675,S2-186937290,S3-14803947,S3-3190809
S1-693106835	S2-742688731,S3-854504732,S3-868145325,S3-155470924
S1-541210536	S2-255192123,S3-576031425
S1-789300208	S3-598534273,S3-589439611
S1-473857889	S2-496272397,S2-943573616,S2-757932522,S3-868387717
S1-668915960	S2-212193984,S2-253598851,S2-821417697,S3-43871100,S3-491999890
S1-696414765	S2-504734973,S2-95394545,S2-595213341,S3-524102041,S3-40438770
S1-754152051	S2-105747121,S2-556968637
S1-885860366	S2-452236689,S3-148426006,S3-949657478,S3-491707782
S1-13526103	S2-552663942,S2-301490397,S3-847207681,S3-861479109
S1-549907226	S2-418187736,S3-774018904,S3-134063515
S1-662984595	S2-541265031,S2-828932517,S2-214433301
S1-965558235	S2-687587157,S2-249034896,S3-660283759
S1-703100134	S2-105529156,S3-350459103
S1-113447086	S2-699523409,S2-527882564,S2-119005330,S3-534373476,S3-463169974,S3-787268617,S3-406277257
S1-921891651	S2-369284168,S2-692481660,S3-54570499,S3-739025981,S3-702201698
S1-363864873	S2-912147129,S3-816056379
S1-536654973	S2-56646130,S2-12946379,S2-988207316,S3-684345589
S1-899187761	S2-149796246,S3-117247904
S1-46158140	S2-316226627,S2-951763828,S3-434077396
S1-783120731	S2-112122431,S3-195948771,S3-780268180,S3-705890759
S1-780712298	S2-348469911,S2-853836750,S2-143530691,S2-937117059,S3-17323820,S3-9281552
S1-743555218	S2-913937130,S2-889790794,S2-730186262,S3-712272546,S3-931730635
S1-788207863	S2-198100053,S2-686474024,S2-121374146,S3-293100927
S1-273144922	S2-69305528
S1-294497139	S2-302923458,S3-424598752
S1-701455649	S2-19151080,S3-913719534,S3-525214267
S1-53780307	S2-273637798,S3-263344308
S1-852505439	S2-160990538,S2-999795947,S2-938958687,S3-619708692,S3-915896601
S1-25354071	S2-650202547,S3-530801982
S1-230240900	S2-842658538,S3-144578121
S1-776540174	S2-340220568,S3-725172583,S3-630275523
S1-871164348	S2-845285889
S1-680794260	S2-328429548,S2-723686149,S2-794831891,S3-603359596
S1-367970598	S2-617011311,S3-410045235
S1-326927507	S2-748888254,S2-80476351,S2-253332664
S1-211728792	S2-163941958,S3-138088515,S3-931588388
S1-64370105	S2-310906537,S2-571194790,S2-925030737,S3-227667693,S3-774297860
S1-493176161	S2-430142414,S3-236487367,S3-993698094,S3-590500429
S1-363296525	S2-364174462,S3-828527838
S1-53489256	S2-864633998,S2-288262067,S3-464570033,S3-758519746
S1-194644332	S2-725190679,S2-184473866,S2-50402382,S3-575570967,S3-297615552
S1-472470443	S2-493439792,S2-673725702,S3-180695360
S1-408629722	S2-866699195,S2-421901609,S2-547794933,S3-133919998
S1-531645753	S2-792950014,S3-126327073,S3-199386562,S3-648436403
S1-160201727	S2-656031937,S3-971725347,S3-894918538
S1-322027294	S2-41584821,S3-931962258,S3-388509607,S3-208426386
S1-324553223	S2-417258444,S2-965933549,S3-632594018,S3-993338088,S3-704441213,S3-630484619,S3-492827027
S1-354512131	S2-448347351,S2-561404021,S2-980518326,S2-667212853,S3-65462040,S3-241100714
S1-176315758	S2-128880506,S3-327235743,S3-790650797
S1-112046886	S2-710136720,S2-146623589,S2-86353311,S3-861332094,S3-964731538
S1-782363279	S2-945125324,S3-430102153
S1-479438506	S3-400012835
S1-873643928	S2-274209311,S2-376640708,S2-570966569,S3-233797440
S1-821643289	S2-206226170,S3-675786619
S1-644919366	S2-45686614,S3-664855508,S3-807036521
S1-379483494	S2-995540981,S3-750741533
S1-801630222	S2-381817242,S2-421818952,S2-956779859,S3-756967312
S1-112471093	S2-977195148,S2-78523051,S3-166479228,S3-112444272,S3-840202712
S1-977174972	S2-22377772,S2-148849765,S2-91257286,S3-841108817,S3-408464192
S1-719950048	S3-90472310,S3-448224777,S3-721253535,S3-48635057
S1-958785637	S2-498395502,S2-440428898,S2-138678180,S3-148011056
S1-466786513	S2-732892412,S2-159070725,S2-431654007,S2-846651452,S3-630629880
S1-416584345	S2-241941019,S3-546690100,S3-606045426
S1-305224497	S2-544426290,S2-67533199,S3-147692935
S1-686751933	S2-711609071,S3-139091159,S3-392567438
S1-720121340	S2-116800003,S2-208485623,S2-205941704,S2-869878126,S3-646847085,S3-671845194,S3-163007035
S1-874544003	S2-367077824,S3-697949453,S3-651370110,S3-923275190
S1-638268672	S2-101822394,S3-79225465,S3-387554642
S1-831937688	S2-171955879,S3-570846273
S1-159018747	S2-605874544,S2-446369811,S3-85709131,S3-40311875
S1-453073614	S2-447824545,S2-878695376,S2-167299833,S2-217679111,S3-924492076
S1-323938567	S2-248504805,S3-958213447,S3-227161569
S1-577276375	S2-165401347,S2-568378620,S3-240726179
S1-518653481	S3-487809542
S1-164203688	S2-564313874,S2-172583193,S3-252722810,S3-675706509,S3-394938020,S3-85432167,S3-419539052,S3-420435284
S1-575749960	S2-207254858,S3-480415843
S1-733537290	S2-287904456
S1-824958824	S2-887837466,S2-46924609,S3-828597089,S3-992603418,S3-177584180,S3-178946502
S1-507993886	S2-568982328,S3-479733685,S3-560656748,S3-521819262
S1-620274573	S2-156603935,S3-390150727,S3-335853903
S1-902504096	S2-345797217,S3-230585662,S3-303997430
S1-518711159	S2-997385238,S2-627751563
S1-132954982	S2-941390247,S3-640602755
S1-36381836	S2-950276678,S2-689658981,S2-496294646,S3-388346337,S3-3510541,S3-443845428
S1-184357507	S2-474787079
S1-30590270	S2-236242199,S2-468067237,S2-599914622,S3-780606085,S3-880464006,S3-85607985,S3-780745370,S3-577624894
S1-840742822	S2-662451427,S2-573861285,S2-934595294,S3-644898328,S3-760419312
S1-26192826	S2-972824790,S2-991767838,S3-330523198,S3-795413576,S3-620835448,S3-37922656
S1-588723400	S2-151066607,S2-348329032,S3-863097912
S1-288056451	S2-702846310,S2-249538225,S3-748104125,S3-332312070
S1-910270520	S2-982572182,S2-869222754,S3-98225692,S3-422616627,S3-49778872
S1-523414516	S2-240013423,S3-688420777,S3-409709622,S3-403541037
S1-753648463	S2-502493929,S2-593926254,S2-906444031,S2-299410438,S3-623617347
S1-740839362	S2-495725285,S2-815638951,S2-494521977,S3-104784965,S3-817832613,S3-749235882,S3-815477194,S3-556486524
S1-813833031	S2-710725014,S2-315762896,S3-127019318,S3-47167088
S1-784519967	S2-787719317,S2-863144758,S3-476749265,S3-348418611
S1-708321667	S2-826925060,S2-872179977,S3-480691155,S3-845065348,S3-633039130,S3-645146759
S1-189775029	S2-532462904,S2-636726434,S3-882021111,S3-33394607,S3-542403589
S1-377965273	S3-674860494
S1-136075318	S2-627544474,S3-253311572,S3-427890090
S1-465646072	S2-210729709,S2-941772753,S2-271763515,S2-804434869,S3-281185866,S3-734160635
S1-589593000	S2-61697952,S2-92155721,S3-560435631
S1-501971385	S2-13029183,S2-540351200,S2-193294643,S3-683507419,S3-368644587
S1-685248257	S2-959754186,S3-647572851,S3-843947430
S1-666641088	S3-703272898,S3-544168793
S1-327905041	S2-403919982,S2-207345042,S2-794177652
S1-380894290	S2-305415753,S2-720486603,S2-330297513,S2-976536160,S2-791619718,S3-205651843
S1-894646020	S2-159863355,S2-937043895,S2-697318187,S2-914149087,S3-938824854,S3-690251469
S1-883707539	S2-864897989,S2-93657102,S3-840531143
S1-856998061	S2-582898647,S2-891898839,S3-503028650,S3-355893237
S1-348461500	S2-157510617,S2-772683783,S3-683830433
S1-279595516	S3-60498166,S3-10281029
S1-186068849	S2-174670236,S2-962186523,S3-898318136,S3-738390797
S1-362289472	S2-97798522,S2-336367007,S2-841985479,S2-7471442,S3-81062926,S3-989073348,S3-477909033,S3-445263908
S1-891926934	S2-619224731,S3-230147748
S1-359373380	S2-908125266,S2-32623856,S3-431034821
S1-132811823	S2-553282717,S2-880246092,S3-608858248
S1-115222709	S2-819635367,S3-706706660,S3-482917808
S1-110990197	S2-713757264,S2-719381463,S2-916006618,S3-742255892,S3-221682614,S3-348020855,S3-795702810
S1-503343984	S2-67656438,S3-295365160,S3-780959203
S1-609569145	S2-259061108,S2-468107026,S3-112903668,S3-989767548
S1-192478573	S2-300636924,S2-134044792,S2-989409198,S2-972252036,S3-376180152,S3-115892410
S1-300713320	S2-861407501,S2-984478292,S3-798647723
S1-257864735	S2-797254535,S2-828262328,S3-525235020,S3-604582480,S3-823886950
S1-139275596	S2-458789126,S2-112332426,S2-146995661
S1-836575842	S2-744057833
S1-821519952	S2-186807037,S3-864479326,S3-343699457
S1-946559540	S2-32085545,S3-161470690,S3-649093581
S1-866143940	S2-851198040,S2-768749116,S3-942595297,S3-396705043
S1-48233677	S2-819739770,S2-8528240,S2-685798067,S3-832001725,S3-700053901
S1-786220388	S2-505136479,S2-407765727,S2-125284038,S3-18184262,S3-84344099,S3-829313412,S3-388333953
S1-5039685	S2-741857941,S3-371601860,S3-955541279
S1-17594699	S2-99863888,S3-370480051,S3-921265022
S1-748680550	S2-133582102,S2-671465553,S2-689497672,S3-200949410,S3-7050978
S1-517923982	S2-178473364,S2-643474685,S3-795994687
S1-28930026	S3-975677569,S3-890004304,S3-854906642,S3-940537530
S1-547928082	S2-546431859,S2-286054196,S2-647629171,S3-585014692,S3-465467684,S3-325931102,S3-439709354
S1-152747428	S2-188111433,S2-91422732,S2-414964335,S3-752586527,S3-376825185
S1-231794452	S2-273030690,S2-391342989,S3-8042497,S3-219445198
S1-363721062	S3-502089245,S3-598998449
S1-153401396	S2-428374865,S2-669033846,S2-850266764,S3-541550711
S1-260783974	S2-276388766,S3-437888709,S3-586083210,S3-940293391,S3-484594796
S1-468849001	S2-248474790,S3-871304411
S1-976527625	S2-68355395,S2-412750626,S2-373108673,S2-309099672,S3-769868127,S3-419392092
S1-80146751	S2-580662231,S2-647587841,S2-108341206,S2-561481033,S3-329445808,S3-805962999,S3-826804193
S1-23894034	S2-112048398,S2-45452186,S2-114923413,S2-756605240,S3-900752547,S3-633142567
S1-842578444	S2-647661475,S2-390694805,S2-622813222,S3-43076276,S3-389530707
S1-729791401	S2-343038935,S2-298267208,S2-522218490,S2-454794745,S2-537089169,S3-669922812,S3-489330824
S1-400143477	S2-420923895,S2-594693276,S3-900682620,S3-752518214,S3-361716183
S1-68409785	S2-548110525,S3-397448382
S1-945820995	S2-7520651,S2-882015607,S2-59236571,S2-993275020,S3-407334969,S3-455635777,S3-84288951
S1-932757102	S2-220777642,S3-565448967,S3-356160195,S3-795400971
S1-824935357	S2-418903350,S2-131782633,S2-714437799,S2-870531600,S3-81659198
S1-215484990	S2-887458565,S3-677484638
S1-659391027	S2-841609050,S3-291487742
S1-869731438	S2-176966019,S2-14107818,S2-62034439,S3-637798508,S3-911189981
S1-699134017	S2-544722178,S3-68997689,S3-426949423,S3-260647925,S3-649352984
S1-818386248	S2-229241186,S2-336019952,S2-756113844,S3-457554917
S1-4592363	S2-401067226,S3-80105048,S3-367125083
S1-128034765	S2-32709700,S2-984591674,S2-766829273,S3-246894500,S3-817147915,S3-44183296,S3-539747729
S1-8542538	S2-434505402,S2-229543589,S3-327795683,S3-279480218
S1-824252771	S2-361847894,S3-919780541,S3-865824689
S1-705971159	S2-694116092,S2-60583905,S2-752772744,S3-614856537,S3-330503090
S1-539459696	S2-986692265,S3-612222723,S3-603220997,S3-996197997
S1-399211597	S2-362840691,S3-505055747
S1-133378719	S2-882274564,S3-502721347,S3-64479185
S1-992258947	S2-997435434,S3-191530921,S3-749071628,S3-236135676
S1-752578098	S2-770588088,S3-1445543
S1-16595909	S2-858741978,S3-825521761,S3-14012048
S1-746794979	S2-545880056,S3-561547132,S3-479317664
S1-774288072	S2-650073804,S2-500050053,S2-22480863,S2-885218842,S2-860032384,S3-140569257
S1-668839622	S2-285913408,S2-917431740,S3-279240618
S1-366855824	S2-939474861,S3-144289089,S3-683442683,S3-683659614
S1-546039991	S2-491350127,S3-989354274,S3-83726620
S1-720906719	S2-955667900,S2-215779730,S2-179662593,S2-463012045,S3-588934345,S3-179936409
S1-725554311	S2-340155478,S3-607111451
S1-136642859	S2-19634899,S2-799391643,S2-988368165,S2-265936156,S3-666682348
S1-250125473	S2-40110287,S3-909598023,S3-7834958
S1-206540321	S2-386971849,S2-604494418,S3-789930230
S1-406721895	S2-454450827,S2-601837499,S2-952087988,S2-102269874,S3-915321714
S1-583941259	S2-931430780,S2-832213537,S3-450224642
S1-545703950	S2-45259725,S2-865956127,S3-588344780,S3-537579761
S1-109489602	S2-19734989,S3-696643433,S3-541356373
S1-209511158	S3-34104713,S3-952512506,S3-739531077
S1-367291915	S2-846355971,S2-812623879,S3-932182146
S1-600704946	S2-894398489,S2-516810574,S2-502235126,S3-123361290,S3-289898101
S1-399348800	S2-383717448,S3-838040552,S3-271530792
S1-88143693	S2-428886757,S2-511624858
S1-226561410	S2-318643230,S2-897033797,S2-799714832,S2-371400878,S3-27545365,S3-659945388
S1-837303966	S2-34252447,S3-311273547
S1-728924195	S2-464363114,S3-872700255
S1-613907797	S2-392632297,S2-455360533,S2-825522189,S3-689222994
S1-217520381	S2-398748346,S2-410669576,S2-77139695,S3-495952681,S3-373997628,S3-180610465,S3-748061835
S1-198697054	S2-305221632,S3-859521094
S1-465241133	S2-875445510,S3-756214566
S1-847608713	S2-884740654
S1-235533305	S3-882236126,S3-122223618,S3-601778907
S1-967625167	S2-923791812,S3-983273972,S3-155477134
S1-186616419	S2-506414374,S2-16611473,S3-766527908
S1-951053751	S2-168505229,S3-898331426
S1-795300	S2-527855784,S2-795958628,S2-806369367
S1-580540077	S2-320164795,S2-382111509,S3-64362132,S3-858523371
S1-724732698	S2-12298825,S2-802956969,S3-459278634,S3-493133504
S1-431544872	S2-443523805,S2-909950986,S3-999040552,S3-407057632,S3-776759641,S3-251374425,S3-373405643
S1-727886333	S2-692798622
S1-385799283	S2-752928293,S3-744303323,S3-929818376,S3-9111072
S1-189582774	S2-633778983,S2-306822829
S1-261630966	S2-469633265,S3-942279382,S3-227917293
S1-121320928	S3-553510074,S3-527908286,S3-856107847
S1-214229691	S2-23924142,S3-945368039
S1-635693773	S2-253089754,S2-929912611,S3-958830326,S3-82495896,S3-898400576
S1-490385190	S2-81251235,S3-598528927,S3-115428190
S1-647403265	S2-732800694,S2-440881638,S3-820152357
S1-779366822	S2-118675910,S3-628338436
S1-806476794	S2-191012034,S2-523157208,S2-151610015,S3-619163703
S1-343844521	S2-600927330,S2-596226194,S3-24913281,S3-192429399
S1-275269021	S2-459811927,S3-35725809
S1-720074461	S2-514914735,S2-503913930,S3-77474260,S3-456375083,S3-409165200,S3-33791025
S1-656671518	S2-248206914,S2-717158526,S3-998521058
S1-540322326	S2-885457389,S3-966461399,S3-456655398
S1-521686945	S2-254276350,S3-500616996,S3-686591968,S3-318358927
S1-706255288	S2-489132251,S2-940243279,S3-127547499,S3-228919603,S3-715877576
S1-830718968	S2-782004075,S3-76650472
S1-153351638	S2-951010090,S2-475386886,S2-385841832,S2-415785916,S3-617718947,S3-576117820,S3-529225868
S1-223955799	S2-530232715,S2-390746164,S2-511500971,S3-277903097
S1-698707434	S2-825269367,S2-479968405,S2-396817513,S3-503401193,S3-948826129,S3-31084655
S1-225516522	S2-144874104,S2-782086983,S3-263007298
S1-746437640	S2-144023269,S3-559899913
S1-833201747	S2-50944503,S3-37438253
S1-705719244	S2-228070213,S2-747876967,S3-699899438,S3-952935009
S1-564291995	S2-246684197,S3-263455932,S3-552820337
S1-288926023	S2-535561292,S2-491364635,S2-445905735,S3-611722402,S3-426144261
S1-909567398	S2-791842379,S2-209026963,S3-375769933
S1-81531929	S2-879795951,S3-234389833
S1-313792336	S2-443181482,S3-33005001,S3-863346982,S3-303771983
S1-717715741	S2-281120198,S2-588572086,S3-851791323
S1-733723195	S2-975028267,S2-601539735,S2-956664503,S3-778634876,S3-13065147,S3-244636422
S1-145340462	S2-373970004,S3-998944961,S3-769618628,S3-555052189,S3-263267829
S1-234102175	S2-953341439,S2-834517727,S2-967069554,S3-644337112,S3-586699570,S3-536236185
S1-822035751	S2-82231300,S2-11470768,S3-676747979,S3-978785368
S1-404939776	S2-273255995,S3-454225820
S1-779837322	S2-818802887,S3-858234791,S3-102921819,S3-794320405
S1-337522090	S2-803287465,S3-41543334,S3-638615377
S1-167500829	S2-970692353,S3-883964366,S3-639395060,S3-959520733,S3-240395034
S1-373493546	S2-297560209,S2-412476797,S2-410384634,S3-433282863
S1-276497869	S2-828211256,S3-326396991
S1-603068043	S2-666209423,S3-510366104,S3-678174053,S3-568049173,S3-252507383
S1-308946064	S2-247658186,S2-146862306,S2-992014505,S3-809482511,S3-847132539
S1-78195102	S2-532101851,S2-152965087,S3-610308415
S1-531538049	S3-72643321
S1-352577834	S2-873499682,S3-355251723,S3-999105543
S1-745963488	S2-64809960,S3-892430601
S1-317962266	S2-720016892,S3-669913278
S1-100454879	S2-286450342,S2-787463568,S2-435015691,S3-5255021,S3-836995482
S1-18595484	S3-58458796,S3-620616232
S1-422161940	S2-473101754,S2-606014000,S2-750475820,S2-842220182,S3-493880977,S3-352276199,S3-391767882,S3-980243249
S1-61740980	S2-712455018,S3-688842268
S1-351601217	S2-102267668,S3-672916245,S3-149865886
S1-701213491	S3-547658115,S3-535758945
S1-537518528	S2-210667012,S2-587091368,S3-653459760,S3-719823102
S1-416680469	S2-410091706,S3-869883125,S3-760165981,S3-511386507
S1-508052792	S2-903984956,S2-90828630
S1-343198319	S3-317611337,S3-250405181,S3-806752816
S1-899278174	S2-510971100,S2-56190655,S2-684144111,S2-986503018,S2-877281507,S3-534573092,S3-561473228
S1-322395260	S2-757604581,S2-272834916,S3-34872798
S1-304352392	S2-369651679,S2-441541594,S2-693246805,S3-573058023,S3-431333996,S3-501001968,S3-424956191
S1-954910051	S2-523534607,S2-583951181,S3-438694135,S3-614761764,S3-886056643
S1-231632420	S2-223237263,S2-256662617,S3-643677247,S3-463688909
S1-754896611	S2-334193360,S3-538367455,S3-157962185
S1-623257517	S2-668793066,S3-225783304,S3-880559671,S3-552175613,S3-811574881
S1-54827273	S2-345943479,S3-368313794,S3-540468431
S1-959938429	S2-447884548,S2-578412454,S3-384659942,S3-875284481
S1-69095541	S2-890807800
S1-227972416	S2-136161175,S2-569804284,S2-708733937,S2-504317016,S3-16477499
S1-329764394	S2-778724378,S2-677329839,S3-137187210,S3-838378349,S3-128357995
S1-786324709	S3-915278347,S3-697297939,S3-558891764,S3-211240387
S1-387808610	S2-254752656,S2-58285154,S3-434145867
S1-351265446	S3-803084109,S3-701652024
S1-777382512	S2-474121201,S3-514168488,S3-122512923
S1-736252943	S2-191343599,S2-469917304,S3-349586560
S1-624031273	S2-814280593,S2-125898626
S1-384018048	S2-239962258
S1-802438049	S2-173455393,S3-117507757
S1-515534682	S3-83138352
S1-548737532	S2-845525040,S3-952238973,S3-33191919
S1-841586729	S2-802539680,S3-151246663,S3-220632324
S1-187025808	S2-989742154,S2-867906803,S2-981126443,S3-343563362
S1-236835469	S2-184377261,S2-995882266,S3-614084706,S3-132105827,S3-880734796
S1-858579386	S2-556134777,S2-229002000,S2-307512669,S3-400173551,S3-440319215
S1-49785771	S2-415850272,S2-236196088,S3-269292817
S1-440681019	S3-778410183,S3-400081411
S1-43870046	S2-318762441,S3-737699240,S3-274312838
S1-559678267	S2-982852311,S2-418940864,S2-364486912,S2-141580478
S1-868550294	S2-130234278,S2-364588597,S2-372364222,S2-704017926,S3-586624869,S3-474993326,S3-588509467
S1-798986085	S2-866954573,S3-993200497
S1-613464064	S2-892355552,S2-46088373,S2-15426144,S3-384898787
S1-829926557	S2-245833449,S3-742466525,S3-635985005
S1-227178874	S2-953296618,S2-125211589,S3-154206954,S3-682424670
S1-532581531	S2-706810440,S2-519356037,S3-539906827,S3-770904204
S1-951630903	S3-353168218,S3-140257864,S3-884916867
S1-59994708	S2-496779993
S1-597448233	S2-282910044,S2-824591949,S3-919102908
S1-357411356	S2-643117602,S2-962383888,S3-776515838
S1-397295575	S3-323586385,S3-128724871,S3-438371890
S1-355157472	S2-815877737,S2-445964326,S3-742989102
S1-481024625	S2-534794697,S3-785509916
S1-280208507	S2-555596779,S2-13050685,S2-500460778,S3-436238916,S3-373357093
S1-565537878	S3-924381796,S3-946267417
S1-100802524	S2-366055595,S2-282721262,S2-869775650,S3-479643663,S3-140349784
S1-337046950	S2-252698067,S2-771320156,S3-443582767,S3-507307564,S3-97381333
S1-465505542	S2-598877591,S3-677257900,S3-682269050
S1-572487613	S2-825015587,S3-91231670,S3-13873361,S3-630240277
S1-107858589	S2-829795207,S3-867123137
S1-677392353	S2-12285014,S3-85661761
S1-162262298	S3-681069437,S3-404069593,S3-569494706,S3-754847861
S1-850855639	S2-999423661,S2-334083675,S3-736389866,S3-666262442,S3-533532487
S1-847518701	S2-496464358,S3-972991112
S1-202142018	S3-530669609,S3-603339932
S1-332678499	S2-686897547,S2-442089345,S3-820239024
S1-702666751	S2-451446781,S2-104299999,S2-951751322,S3-458633953
S1-665627915	S3-425972885,S3-802793298
S1-816153269	S2-865028198,S2-427885073,S2-440511688,S3-125146236
S1-443528446	S2-485984603,S3-967887136,S3-160778216
S1-216272931	S2-902866235,S3-691982441
S1-855537007	S2-435777604,S3-298566372
S1-125436851	S2-910653516,S3-113659460,S3-848338164,S3-655644019
S1-252455769	S2-711102093,S2-936906566,S3-474319315
S1-970014894	S2-779059358,S3-917860934
S1-971652436	S2-604105367,S2-394515733,S2-142927569,S3-702624774,S3-800740081
S1-204043287	S2-649684408,S2-364290900,S3-1844082
S1-235044712	S2-111631373,S3-200401547
S1-817648355	S2-626774509,S2-837600730,S3-920740313,S3-285663963,S3-217090369
S1-193778343	S3-145713892
S1-794368330	S2-734443009,S2-139993049,S3-221132720,S3-852167223,S3-858230907
S1-875210534	S2-812732811
S1-199654596	S2-23606595,S2-331882597,S3-551898516,S3-381655150,S3-519512661
S1-171658465	S3-253624900
S1-24477104	S2-773741679,S3-900732
S1-683629063	S2-391733430,S2-825081273,S2-809112263,S2-928782145,S2-68430854,S3-962738454
S1-923458487	S2-389930278,S2-433388307,S3-773321444,S3-639137176,S3-75340629
S1-455839581	S2-315824564,S3-723611260,S3-39903905,S3-878806697,S3-319759669
S1-146283062	S2-176045349,S3-963404877,S3-397336166
S1-323199115	S2-328951022,S2-544055539,S3-251603062
S1-190342492	S2-243660668,S2-419444386,S2-153895254,S2-52301774,S3-440332579
S1-182869111	S2-839017588,S2-517235967,S2-818901358,S3-439963022
S1-903412420	S2-839324056,S2-421115842,S3-94718071,S3-773272450
S1-977959162	S2-23766463,S2-733360208,S3-92011633
S1-747178415	S2-103371989,S3-132553777,S3-19288959,S3-593867062,S3-143731500
S1-539653077	S2-876711245,S3-779944338
S1-240779042	S3-998730837,S3-62829921,S3-645154423
S1-67000439	S2-790567481,S2-466203626,S3-234696277,S3-739594901,S3-390404559
S1-511355563	S2-413889574,S2-172571565,S2-168110867,S3-995810011,S3-795427322
S1-118607900	S2-496322801,S3-406749001
S1-708423868	S2-311618998,S2-69386117,S2-573993700,S2-744393183,S3-96433316
S1-291604780	S3-544057016,S3-298110589,S3-829841597
S1-334231304	S2-277654986,S3-643716360,S3-677451298
S1-620297774	S3-176706424
S1-482007769	S2-220078150,S2-485678201,S3-83343549
S1-491737700	S2-796403294,S2-323246484,S3-151507274,S3-216611065,S3-768431651
S1-320272917	S2-391552366,S2-383003492,S2-160569226,S3-855579684,S3-158996918
S1-570872916	S2-818949097
S1-226049333	S2-75265311,S2-731291304,S2-334720732,S3-834999585
S1-767738090	S2-217071285,S2-226698589,S3-835421166
S1-81858317	S2-419062957,S3-381915112,S3-15935732
S1-844898273	S2-789506070,S3-224367054,S3-792536561,S3-89588009,S3-118458473
S1-474194235	S2-643964652,S3-97610363,S3-4693234
S1-396753330	S2-36941807,S2-3360277,S2-689541471,S3-267761930,S3-302333149
S1-546890767	S2-734986280,S3-817400712,S3-654841602
S1-117120029	S2-624629676,S3-398763263
S1-522895719	S2-781274824,S2-508446926,S2-191242454,S3-141537913,S3-135638506
S1-867386985	S2-442756421,S2-288210863,S3-472437352
S1-306763107	S2-700959545,S3-766722570,S3-724955660,S3-205729109
S1-254063469	S2-204261855,S3-85245349,S3-214559504
S1-271685973	S2-792623929,S2-410759428,S2-915794409
S1-834430540	S2-740311637,S3-53172565,S3-924418540,S3-630759765,S3-800831122
S1-59542520	S2-552188392,S2-980630161,S3-931243245,S3-134736588
S1-791832579	S2-798568328,S3-126221108,S3-938694398
S1-726060622	S2-189611822,S2-228288222,S3-208864514,S3-961584558
S1-303536206	S2-837755809,S3-699602578,S3-577087536
S1-732105129	S2-174814759,S2-908596042,S2-588838182,S3-865188957,S3-7328964
S1-421211050	S2-895875099,S2-914556588,S3-145791005
S1-520552603	S2-281561952,S2-679839040,S3-28947946,S3-237824804,S3-282194933
S1-218361306	S2-161259146,S3-180997660
S1-728537241	S2-45366107,S2-663948545,S2-132377394,S3-762377371,S3-444931494,S3-67901658
S1-135697105	S2-669196502,S3-758191584,S3-975525717,S3-80838874
S1-490904944	S2-51985444,S3-966785167
S1-578499720	S2-61027378,S2-844119626,S3-181100862,S3-173735553,S3-884337605,S3-570630725,S3-961729414
S1-799763004	S2-926220026,S3-129093473
S1-124476324	S2-873271130,S3-434909893,S3-273952436
S1-448474186	S2-504231122,S2-878716358,S3-6763531,S3-305490249
S1-184504146	S3-32887887
S1-979763047	S2-945577766,S2-660178456,S3-178881820,S3-443427781
S1-143507151	S2-454704311,S3-426236950
S1-685618980	S2-124661362,S2-171961129,S3-897181810
S1-322568658	S2-848886906,S2-165906998
S1-948732523	S2-74929454,S2-856995463,S3-257896366
S1-281476854	S2-703014986,S3-609561179
S1-348230359	S2-589258912,S3-928191320,S3-45085498,S3-174097137
S1-929024572	S2-939979115,S2-552304451,S3-465314241,S3-767029993
S1-536677107	S2-928347099,S3-538270522
S1-696236384	S2-817445616,S2-197064582,S2-710038738,S2-77632444,S3-526138962
S1-797837336	S2-865981240,S3-763866138,S3-824406557
S1-693856968	S2-894925952,S2-706473848,S3-234135480,S3-473721955
S1-705547210	S2-191318230,S3-964872200,S3-639765981,S3-64777014
S1-594150935	S3-634408806,S3-470003318,S3-562904095
S1-162358005	S2-906347453,S3-366397286,S3-41870110
S1-855078235	S2-257049039,S3-286163472
S1-349281861	S2-487537588,S2-826558194,S2-812920322,S3-821502348,S3-347222860,S3-262990285,S3-807232273
S1-284330201	S2-525711145,S2-142135195,S3-823652138,S3-427351404,S3-184096002
S1-187283626	S2-216685777,S2-496445861,S2-219583602,S3-444456299,S3-421675701,S3-624502137
S1-242854786	S2-443247279,S2-482473022,S3-458528422
S1-507433352	S2-754434794,S3-336272468
S1-844865562	S2-300221025,S2-912245479,S2-645680463,S3-141721791
S1-590375062	S2-897670494,S2-435105220,S2-475767374,S2-972891205,S3-943421198
S1-21966550	S2-707826494,S3-325651543
S1-293138365	S2-978100830,S3-683336259,S3-773788503,S3-815576855
S1-799095813	S2-430965623,S3-677348750,S3-595598186,S3-924010650,S3-591853170
S1-391556131	S2-657885258,S3-238788954
S1-39127200	S2-50767564,S2-846603160,S2-90547903,S3-4736531,S3-97714429,S3-684204846,S3-613668971
S1-157412759	S2-783488566,S2-286718198,S3-238296065
S1-694963469	S2-875649276,S3-748716759,S3-386345510,S3-581440937
S1-732282678	S2-895953883,S2-977471761,S2-695832806,S3-915227246,S3-317729276,S3-79986324
S1-26788520	S2-591588951,S2-988715956,S3-910700915
S1-305448594	S2-286338520,S2-212761145,S3-207013813,S3-404087211
S1-746175106	S2-716404357,S3-178733788,S3-515648943,S3-221930233
S1-511277977	S2-278173315
S1-120456753	S2-188457283,S2-468103450,S3-347370719
S1-196691530	S2-186301512,S2-69499889,S2-217975446,S3-230106007
S1-747870027	S2-488163970,S3-86439785,S3-124364705,S3-282353289
S1-216893402	S2-471913713,S3-508693296,S3-773591292
S1-250437839	S2-78487077,S2-334142147,S3-871527392,S3-988149843
S1-481565549	S2-657533138,S3-640497890
S1-647341979	S2-219136051,S2-895709273,S2-776948389,S2-153838143,S3-524234644,S3-397703635
S1-933711116	S2-307462195,S2-843190312,S3-647241489,S3-609406393
S1-859402663	S2-535234144,S3-839027818,S3-761241419
S1-709095338	S3-817596410,S3-832085589,S3-931277799
S1-429637904	S2-51674806,S2-681990270,S3-672360479,S3-685152342
S1-902491230	S2-284492847,S2-813772190,S2-261096716,S3-437446284,S3-180216018,S3-374947670
S1-359896049	S2-829700552
S1-648582746	S2-662307078,S3-224423760
S1-540694464	S2-402917556,S2-219891677,S3-615398747
S1-513008057	S2-845812276,S2-443823225,S3-9597411,S3-682767244
S1-346065462	S2-995279420,S2-981733064,S2-97143665
S1-668123337	S2-347422303,S2-925489124,S3-457321454,S3-38090411,S3-864268471
S1-759282275	S3-511713734,S3-632047064,S3-585965668
S1-637958491	S2-429395659,S3-805112121,S3-395354460,S3-779074330
S1-708834508	S3-558992083,S3-985054039
S1-193219424	S2-162844320,S3-586097895
S1-994581610	S2-774426445,S3-334255090,S3-904434898,S3-883251958
S1-322180728	S2-119425819,S2-764720687,S2-659691842,S3-391998753,S3-335962810,S3-776050211
S1-35709272	S2-712079958,S2-861253622,S3-304068581
S1-44043879	S2-999157619,S3-589973128,S3-510198340
S1-798418576	S2-729916559,S2-762736355,S2-434850022,S2-244559632,S3-757117266
S1-172132457	S2-967354405,S2-964262744,S3-43416666
S1-215322234	S2-284921027,S2-20469934,S2-354329340,S3-38634265,S3-399539025
S1-997831623	S2-383023148,S3-426687260,S3-755325934
S1-76457738	S2-465105380,S2-647017085,S2-768782008,S2-952873125,S3-876740884,S3-2938762
S1-939140672	S2-626162568,S2-800062391,S3-468381677,S3-799758227,S3-610042539
S1-327146352	S2-982805569,S2-68187223,S2-453324441,S2-143238068,S3-808503658
S1-458411701	S2-368085380,S3-743263441,S3-806453911
S1-311579029	S2-88717317,S2-775647472,S2-499150559,S2-648827075,S2-616955625,S3-775898311,S3-260009661,S3-482307818
S1-691455144	S2-806923817,S3-328648898
S1-673638146	S2-411128563,S2-364876039,S3-845499539,S3-944325845,S3-334422046,S3-851391744
S1-356498126	S2-314592131,S2-489269434,S3-56674584,S3-563633392
S1-629996588	S2-604820407,S3-151204070,S3-639307460
S1-271296244	S3-183098297,S3-527875364
S1-609514564	S2-525717274,S2-125073066,S2-544240702,S2-170355591,S3-990571027
S1-15960641	S2-115876359,S2-149793566,S2-751913632,S2-927058551,S3-207004195,S3-8360468
S1-119124338	S2-923853924,S3-665618229,S3-18137934
S1-2364283	S2-845849286,S3-763497462,S3-959080387
S1-604519132	S2-223507253,S2-187708919,S3-794140495
S1-803722589	S3-847390291,S3-929107544
S1-335988004	S2-857768012,S3-566638396,S3-724652014,S3-779499378
S1-115345279	S2-242669131,S2-275449277,S2-935149423,S2-166815572,S2-671404014,S3-732617873,S3-79821150
S1-729435893	S2-452390390,S3-952125447
S1-621192276	S2-983509338,S2-220528211,S3-868746571,S3-166528605
S1-344862842	S2-609788637,S2-269579501,S2-156936001,S2-244313085,S2-637934931,S3-493199183,S3-301357190
S1-330812554	S2-279466355,S2-48376145,S3-647220067,S3-753917820,S3-526513187,S3-117921965
S1-432352457	S2-110692189,S3-440774353
S1-361039960	S2-515820463,S2-780118190,S3-198660379,S3-90343292
S1-223530031	S2-803363777,S2-168672997,S3-299818868,S3-554815202,S3-731627174
S1-295730547	S2-488702275,S2-671966464,S3-769012776,S3-631231777,S3-498154147
S1-702425830	S2-240833197,S2-495322291,S2-560495926,S3-722971726,S3-6574533
S1-316900706	S3-653607967
S1-528918261	S2-300109425
S1-318663210	S3-619376336,S3-324816153,S3-615808060
S1-398438939	S3-197914562,S3-499389811
S1-897674590	S2-231705919,S2-770273718,S3-184067932,S3-66736752
S1-578826807	S2-766378615,S2-636551158,S3-621945517,S3-10764265
S1-551002706	S2-2104572,S2-99551352,S2-552618498,S3-523731158
S1-421982840	S3-932614813,S3-974028400
S1-883967607	S2-139097207,S2-938389969,S2-18943275,S3-578614202,S3-406806644,S3-961793090
S1-205180737	S2-446610756,S2-58986588,S3-285247278,S3-681277840,S3-409212458,S3-262985015
S1-284090522	S2-878079759,S2-235500736,S3-797395234
S1-757552415	S2-523352233,S2-846861053,S2-151424511
S1-987941972	S2-140270792,S2-475946786
S1-917917857	S2-229302530,S2-305314444,S3-710706619
S1-387508255	S2-880536660,S3-951748013,S3-739978884,S3-816109750
S1-194590403	S2-250040287,S3-723749945,S3-72731662
S1-845652721	S2-463421367,S2-577808682,S3-771377000,S3-464674635
S1-190564152	S2-169369098
S1-446434712	S2-554112232,S2-56785918,S3-937429187
S1-652987985	S2-871363815,S2-822059140
S1-887741561	S3-927742264
S1-852034316	S2-770374788,S2-432771144,S2-12830692,S2-328504913,S3-832516468,S3-371312221
S1-59523724	S2-913626250,S3-234410697,S3-20598862
S1-309941313	S2-207317133,S2-963745894
S1-437994650	S2-352306715,S2-23883512,S2-305629960,S3-622713477
S1-288070884	S2-486484914,S3-55201587,S3-663117399,S3-712317883,S3-136540897
S1-405333841	S2-40996233
S1-961773684	S2-355138918,S3-74306696,S3-918385231
S1-416770163	S3-590984560,S3-858407921,S3-618900613
S1-970783452	S2-103909260,S2-568781376,S2-228966150,S2-338983501,S3-151353483,S3-844366854
S1-268474123	S2-484763914,S3-324645411
S1-768506428	S2-91606564,S3-441967465,S3-633738588,S3-798055665,S3-363081647
S1-732857853	S2-644448058,S3-710298347,S3-49106196,S3-59995119
S1-609485703	S2-626607914,S2-284307562,S3-844768811
S1-33669920	S2-735124913,S2-311081356,S2-944609143,S2-481590215,S3-141935604,S3-535329411
S1-215744002	S2-914501422,S2-289743323,S3-769093065,S3-157689317,S3-316143926,S3-951076153
S1-767920763	S2-290827397,S2-682789377,S2-179845695,S2-785828519,S3-211967506,S3-68225490,S3-353085087,S3-354774124
S1-614826179	S2-124917638,S3-584620414
S1-610515044	S2-544213295,S2-470205393,S2-802208688
S1-849473087	S2-937003800,S2-118892717,S3-345441667
S1-375278628	S2-686011247,S3-427701438,S3-785205032
S1-60643856	S2-970551116,S2-921968410,S3-612001132,S3-910233908
S1-885687160	S2-281227854,S2-750398819,S3-657347867,S3-986826810
S1-878979756	S2-968485534,S3-73763971
S1-591719922	S2-323388637,S3-99085188,S3-779435940
S1-177079288	S2-680951479,S3-838602534,S3-1934304,S3-121925013
S1-497103421	S2-659465953,S2-647797152,S2-637160760,S2-270091202,S3-903984424
S1-705930873	S2-138454006,S3-548199609,S3-115439229
S1-977028694	S2-383275460,S3-27644877
S1-289197531	S2-73295968,S3-250612446
S1-587931005	S2-442783020,S3-567099674,S3-887514652
S1-359835317	S3-271194461
S1-896844852	S3-23182115,S3-468084835
S1-611726059	S2-16651711,S2-130187,S3-842321374
S1-265102550	S2-38983149,S2-133929673,S2-45881225,S3-138128411,S3-446422299
S1-953723962	S2-554303188,S2-392572133,S3-136921720,S3-909356217,S3-341611072
S1-290397709	S2-426155762,S2-971428496,S2-317504734,S3-327399570,S3-347820726,S3-480174724
S1-245131798	S2-706319019,S2-569954665,S3-856569975,S3-240914769,S3-964959951
S1-923992023	S2-741236633,S3-305977000
S1-939934839	S3-742371850,S3-756929370
S1-255883602	S2-607467017,S3-58276798
S1-307457026	S2-228292477,S2-73167877,S3-439084926
S1-933228710	S2-108193143
S1-835429795	S2-287905368,S2-836291874,S2-71629026,S2-323504347,S3-825393159,S3-868652881,S3-738540863
S1-349094791	S2-608795593,S3-904884895,S3-499094180,S3-145379411,S3-475141080
S1-975423159	S2-594434329,S3-659346601
S1-517849026	S2-133741075,S2-249958878,S3-79062349,S3-125427253,S3-734085097
S1-266531204	S2-867432432,S3-858202713
S1-660602107	S2-162629995,S2-245621760,S2-508547871,S3-726180113,S3-880722298
S1-955864237	S2-995230852,S2-859425964,S3-308578088
S1-207832590	S2-427544651,S2-97248898,S3-862824310
S1-28227717	S3-826367738
S1-888642498	S2-957210854,S3-749954181,S3-508349611,S3-39543332
S1-498750158	S3-180665959,S3-202536808
S1-130212359	S2-387603997,S2-871866042,S2-639403231,S3-53157626
S1-983366813	S2-621545111,S3-262032425
S1-5266274	S2-517716581,S2-974297291,S3-624923246,S3-748190836
S1-383747874	S2-162519616,S2-539357242,S3-25687812
S1-819531986	S2-45460902,S3-357309863
S1-19147250	S3-351745340
S1-515867563	S2-689949021,S3-259397805,S3-173097731
S1-706720283	S2-273584546,S2-242379681,S2-386144124,S2-799503612,S3-243584948,S3-187320198,S3-102504593,S3-368536673,S3-553547495
S1-662297248	S2-890359899,S3-472654195,S3-545672558
S1-689855302	S2-848870496,S3-780291462,S3-394115847,S3-540446669,S3-585659365
S1-847824569	S2-621702631,S3-412895708,S3-280279793,S3-356947389
S1-699012277	S2-605188858,S2-852325070,S2-286460145,S3-498620932,S3-734470217,S3-810834164,S3-237406544
S1-760884442	S2-455942437,S3-295784525,S3-893437513
S1-924955441	S2-761014563,S3-679486529
S1-824395535	S2-839396649,S2-324013877,S3-916386405
S1-131193359	S2-281643440,S2-89511835,S3-198261847,S3-229996751
S1-223837151	S2-809445837,S2-905562630
S1-905644120	S3-258014951,S3-592564085
S1-435130590	S2-815278453,S2-14335818,S2-265150359
S1-656198049	S2-619700547,S2-28142998,S3-653976502,S3-531822310
S1-498615602	S2-260403593,S2-68900641,S2-551804778,S2-145130833,S2-920136518,S3-505486637,S3-993081165,S3-200821292,S3-276741866
S1-965281896	S2-373035926,S3-416203030,S3-683378786,S3-992246797,S3-106399760
S1-972432610	S2-874516558,S2-36063684,S2-757829151,S2-75266738,S3-970485881
S1-141230549	S2-184986139,S2-741706234,S3-302575095
S1-816295319	S2-49643828,S3-764959927
S1-150225535	S2-179653370,S3-245497259,S3-391009588,S3-288277524
S1-990323925	S2-152585926,S3-171676596,S3-502070865
S1-399574546	S2-558280574,S2-633976788,S2-514651453,S3-473051387
S1-332080824	S2-617777636
S1-723834473	S2-80293556,S2-481181057,S3-228905347,S3-114942989,S3-121400456
S1-516675664	S2-276713094,S3-418336702,S3-431109449,S3-269957008
S1-454620247	S2-86492188,S2-259013473,S3-727296244,S3-286916741
S1-40079118	S2-941220102,S2-892118831,S2-306473015,S3-362063982,S3-313230331,S3-277130347,S3-712160282
S1-253480562	S2-874426729,S2-925883744,S2-427157938,S3-643817150
S1-59927420	S2-887168054,S2-8135342,S2-255553172,S3-614143905,S3-903573509
S1-599652016	S2-40381998,S3-523750635,S3-57656324
S1-123759623	S2-750067699,S2-879632416,S2-527561134,S3-583778318
S1-945395769	S2-779126230,S2-391428977,S3-220153065,S3-988173500
S1-982597142	S2-990452592,S3-25242302
S1-637985591	S2-883109328,S3-801073107
S1-834831492	S2-408468347,S2-869551425,S3-225998025
S1-422675618	S2-584595995,S2-699752575,S3-631746490
S1-195833129	S2-752376456,S2-560707533,S3-634429084
S1-861627135	S3-760936433
S1-128480755	S3-42866608,S3-424410014,S3-509019358
S1-559489665	S2-641629283,S2-18090513,S3-423494554,S3-786236588,S3-733121240
S1-378131215	S2-472932188,S3-106492799
S1-140401290	S2-56990456,S2-785544689,S2-696859375,S3-662244768
S1-154145500	S2-726609155,S3-583735402,S3-562405679,S3-20727662,S3-312749361,S3-612644896
S1-749320298	S2-321433629,S2-845280755,S3-398775376,S3-915797207
S1-677563631	S2-566245364,S3-729073057
S1-114375350	S2-794680083,S3-758191307,S3-209764950,S3-848931300
S1-744180194	S2-545100278,S3-771375338,S3-229446997
S1-461674617	S2-771435691,S2-80476288,S3-875057434,S3-385172074
S1-426563600	S2-943019560,S2-684441120,S2-124028019,S3-767799492
S1-119279770	S2-190647498,S3-99869737
S1-734055064	S2-144539567,S2-74880692,S3-879968197
S1-469811892	S2-196902264,S2-925731551,S2-130998565,S3-691063034,S3-329416695,S3-168452001
S1-341544051	S2-221107732,S2-246445989,S3-613976404
S1-864770887	S2-488200073,S2-65315577,S2-324171485,S3-405698782,S3-285128608
S1-301120903	S2-449210579,S2-505256092,S2-139540351,S3-676979874,S3-507040748
S1-585985446	S2-109553222,S3-675245757
S1-72450100	S2-541694677
S1-757936190	S2-359111101,S2-478673446,S3-715051690,S3-501849507,S3-302110689,S3-831184380
S1-590341282	S3-345532681,S3-921269407,S3-137018195,S3-795101046
S1-646533126	S2-515815553,S3-913279617,S3-450099518,S3-216893927
S1-141068533	S2-230103946
S1-864281982	S2-15243709,S3-181217533,S3-439108452,S3-413635137,S3-501864003
S1-3244355	S2-910838191,S2-177177458,S3-643130762
S1-653020788	S2-863950350,S2-833180212,S3-654673295,S3-301817986
S1-17609804	S2-253349808,S3-997329125,S3-191050605,S3-743828627,S3-217074604
S1-924942270	S2-685991566,S3-119047602
S1-714310756	S3-586737127
S1-395078221	S2-906610372,S3-960470606,S3-393966949
S1-349726954	S2-509770250,S3-355606815,S3-720722185
S1-458874267	S2-993613648,S2-800431531,S2-67744712,S2-482059528,S3-789542047,S3-562212106,S3-645918167
S1-540501110	S2-381057598,S3-899583474
S1-56415984	S2-571810094,S3-627358218,S3-477466580,S3-16045821
S1-309085258	S2-612020113,S3-42139270,S3-221233546,S3-798366370
S1-138371276	S2-548054672,S3-611163308
S1-987268237	S2-287789334,S2-646326138,S3-580522669,S3-815282535,S3-362472765
S1-942713035	S2-502297326,S2-450339544,S3-634571906,S3-107136499,S3-337179167
S1-735626336	S2-518076690
S1-353272790	S2-510396374,S2-319321218,S2-550709814,S3-676951011,S3-155275865
S1-934106033	S2-474319430,S2-3892298,S3-114486535
S1-995889543	S2-287469571,S2-673846356,S3-625731253
S1-465481668	S2-614526233,S2-116454556,S3-828778951,S3-799468243,S3-387325239,S3-790625647
S1-643541597	S2-622850455,S2-977445686,S3-127742811,S3-227343249
S1-777735270	S2-924156856,S2-674338534,S2-840086419,S3-904244256,S3-449351026,S3-537447290
S1-621529198	S2-583286836,S3-626085118,S3-350759783,S3-515047050,S3-377765043
S1-99289956	S2-279011998,S3-89997894,S3-803705485,S3-320438182,S3-612862548
S1-496382120	S2-631694895,S2-521996485,S3-663212674
S1-876428171	S2-945743552,S3-805252509,S3-578447601
S1-146131083	S2-527905293,S2-96724236,S2-644110772,S3-472173374,S3-620557727
S1-860584154	S3-333114487,S3-567354463,S3-144184763
S1-396229372	S2-361826837,S3-201382024,S3-543682237,S3-990578312
S1-184969075	S2-490219465,S2-145288129,S2-902852312,S3-39321081
S1-39361149	S2-794706351,S3-538401463,S3-862550585
S1-329382219	S2-962268760,S3-774889529
S1-868607177	S2-578054735,S3-487765475
S1-525913935	S2-363763607,S3-437783210,S3-683021890
S1-221730436	S2-340728474,S3-202007011
S1-409390272	S2-719590093,S2-480541895,S2-959938602,S3-87895772
S1-615169196	S2-19111573,S3-416537905
S1-376499362	S2-937590473,S3-822612067,S3-359284563
S1-695693065	S2-179268528,S2-161238677,S3-796574192
S1-12338467	S2-810262366,S3-449609964
S1-119817629	S2-230778141
S1-181456138	S2-764926491,S2-907160387,S3-585400772,S3-947461078
S1-973742233	S2-371209990,S2-144618032,S2-409041811,S3-265625462
S1-187838312	S3-501357079,S3-454163263,S3-508536823
S1-350646682	S2-850309373,S3-633759118,S3-925273696
S1-869125267	S2-496209239,S3-860424033
S1-526246531	S2-318076440,S2-971246750,S2-858820146,S2-649508521,S3-388512395
S1-327373911	S2-635220137,S3-637397449
S1-8378840	S2-968826167,S2-124054221,S3-632759935,S3-527945141,S3-479409482,S3-936141555,S3-411267124
S1-939537976	S2-88277751,S2-58094375
S1-652985850	S2-452470187,S3-543136685,S3-583918805,S3-672924102,S3-513941042
S1-69459967	S2-29682129,S2-997592409,S3-875806577,S3-545431455
S1-7865476	S2-450176047,S2-45964351,S3-367616495,S3-32233391,S3-123761136
S1-519627462	S2-285943109,S2-629597317,S2-513968937,S3-674605516
S1-171065857	S2-945331361,S2-545184128,S2-114585576,S3-474671596,S3-113600664,S3-160630800
S1-88648788	S2-946412732,S2-672519887,S2-561219824
S1-781915818	S2-175848136,S2-804471940,S3-141498017
S1-346250979	S2-749366361,S3-756174233,S3-321998285
S1-492020466	S2-814468770,S3-359620859
S1-413724395	S2-425749983,S2-999756379,S3-150635470,S3-32861417
S1-29552527	S2-69251760,S3-259364233,S3-721412106,S3-797305482
S1-956963086	S2-818767238,S2-795239373,S2-975835348,S3-530335715,S3-896759358
S1-62018813	S2-877561412,S3-559606171,S3-721342038,S3-567555056,S3-832149204,S3-753346537
S1-878981365	S2-653953988,S3-176266146
S1-649254988	S2-841528900,S3-441208741,S3-575169087
S1-515204875	S2-126456277,S2-791887434,S3-227327421,S3-642031041,S3-630823745
S1-477413014	S2-760001205,S3-651900616
S1-883210888	S2-582104986,S3-480906973
S1-939638469	S3-313334452
S1-480407095	S2-642150644,S2-347677324,S3-155036025
S1-53324038	S2-884144678,S2-260884461,S2-91254496,S3-723044172,S3-613803265,S3-795615944
S1-642768744	S3-793690734,S3-24577445,S3-49442283
S1-884579887	S2-288891836,S2-696556843,S3-170223381
S1-289688571	S2-241013252,S3-830237412
S1-688785869	S2-798256521,S3-983821504,S3-88978801
S1-879931878	S2-977740709,S2-206413426,S2-917216874,S2-587319088,S3-187009280,S3-105997971
S1-135698390	S2-707533993,S3-815435993
S1-847996180	S2-627975040,S2-696181997,S2-503351797,S3-564389397,S3-916022836,S3-22023426,S3-966526951
S1-548862007	S2-84301850,S2-113370109
S1-782310312	S2-770461869,S3-632772181
S1-352257603	S2-68274059,S3-970821598,S3-627663707,S3-756219745
S1-393345405	S2-978192362,S2-60509983,S3-935613341,S3-971534523
S1-394199968	S2-436447422,S2-394835560,S3-549835840
S1-748243940	S2-302608076,S3-817734159,S3-749582950
S1-379672484	S2-430188036,S2-450826989,S2-706197044,S3-520352992
S1-213516902	S3-267683896,S3-212283064
S1-283995709	S2-238032328
S1-757618359	S2-214097739,S2-356643713,S2-987675725,S3-615922008,S3-610145753
S1-677045655	S2-728044523,S2-630838109,S2-991709095,S3-340258308,S3-701537546
S1-720263181	S2-414602679,S2-706199096,S2-637666964
S1-517695397	S2-891763846,S3-489981257
S1-423680267	S2-498595333,S2-78227014,S3-771225510,S3-280549330,S3-478721598
S1-852200497	S2-728639365,S3-752025849,S3-263607180
S1-890626949	S2-260743269,S3-664996087,S3-891388238
S1-505254227	S2-952149315,S2-839640172,S2-173296416,S3-754812029
S1-189784277	S2-925647609,S3-131170037
S1-835893383	S3-293512387
S1-512265426	S2-799097932,S3-799080501
S1-771735532	S2-825346144,S2-339009186,S2-863615455,S3-501248314,S3-327399830,S3-246293805
S1-522720994	S2-519374225,S2-722452481,S3-533527496,S3-114676120,S3-973773980
S1-948679064	S2-257884660,S2-663626999,S3-846295025,S3-538851570
S1-384971700	S3-56451407
S1-335306151	S2-411939966,S2-219380708,S2-169751391,S2-506167508,S3-48893543
S1-392780511	S2-831338193,S2-398304330,S3-568041958,S3-735753209
S1-927579414	S2-678497355,S2-525989126,S3-113178395
S1-645075576	S2-265575676,S3-638869600,S3-254693127
S1-864764960	S2-202424250,S3-593415680
S1-629220796	S2-617369874,S2-442753316,S3-315445732,S3-432959718
S1-415970059	S2-601233702,S3-81844626,S3-741591382,S3-686462950,S3-706742700
S1-177237553	S2-567947275,S3-222272364,S3-75639657
S1-249652560	S2-505043236,S2-607592229,S3-356179112,S3-619399968,S3-529636548
S1-848520444	S2-748704764,S2-832153169,S2-967192178,S2-321689406,S3-954574364,S3-860198399
S1-761089901	S2-746790810,S2-837401542,S3-120505543
S1-320078162	S2-60160206,S2-15959675,S3-796693584,S3-935002414,S3-246269356
S1-10278554	S2-710759739,S2-997693778,S2-658445892,S3-540341574
S1-388312901	S2-38601802,S2-862653659,S2-937716803,S3-125341907
S1-334722094	S2-199276802,S3-485671354,S3-186333829
S1-415388964	S2-623654075,S2-840485572,S3-698719428,S3-203521935,S3-386785305
S1-476921253	S2-334755145,S2-209190621,S3-183265219,S3-922526618
S1-320029480	S2-257556635,S3-753526480,S3-639536875
S1-806650860	S2-133954848,S2-697126848,S3-199086125,S3-359975316
S1-398723488	S2-633536593,S3-513074715,S3-151343437
S1-193732457	S2-96078120,S2-145363497,S3-11355744,S3-298057770
S1-354576404	S2-128333083,S3-624335889
S1-481781755	S2-101091700,S2-974707979,S3-653641744
S1-932286850	S2-335027634,S3-146956834
S1-677004125	S3-346249302,S3-187909894,S3-884105062,S3-528237860
S1-908352132	S2-241737188,S3-306252098,S3-144342141
S1-193952114	S2-787647809,S3-255251520
S1-265585711	S2-606140592,S3-575506243,S3-380055272,S3-687478821,S3-155742886
S1-988277961	S2-700333068,S2-27638462
S1-629269155	S2-184618648,S3-291309912,S3-263042632
S1-204003153	S2-368308377,S2-33247939,S2-691559509,S3-759565265,S3-713935746
S1-789315367	S2-740584346,S2-916598198,S3-710282151
S1-407045467	S2-196118037,S2-887402893,S3-557668178,S3-221681503,S3-305652322,S3-561784830
S1-819808514	S2-267554572,S2-129585878
S1-318252007	S2-341903930,S2-82234496,S3-698171741,S3-564981371,S3-269372347
S1-835638630	S2-445509353,S3-962513050,S3-352927370
S1-345220672	S2-551992873,S2-34472869,S2-399336977,S2-753341460,S3-375010911
S1-527977301	S2-807750731,S3-759293761,S3-540643933,S3-822063366
S1-59500724	S2-692305176,S3-788428779,S3-620176072,S3-243805747
S1-323342528	S2-698494548,S2-566570490,S2-55438787,S2-271805745,S3-279620880
S1-259742915	S2-425777568,S2-241421879,S2-883884903,S2-179105004,S3-558867394
S1-588874729	S3-66595548,S3-409083250,S3-788186137,S3-301053480
S1-736768576	S2-414853186,S2-503610583,S3-367393220,S3-532096845,S3-958288012
S1-532081072	S2-783243662,S2-817335781,S3-289607607
S1-170241311	S2-22296652,S3-226673072
S1-58649343	S2-244069469,S3-754194845,S3-554162946
S1-913996616	S2-716356610,S2-443059548,S2-344053579,S2-468790186,S2-417179194,S3-86461352,S3-856880617
S1-726544136	S2-25988817,S2-34542048,S3-698139169,S3-862321038
S1-161126500	S2-307846209,S2-947969573,S3-33090781
S1-763486690	S2-824362337,S3-681053352,S3-462180193
S1-432026083	S2-23797684,S3-807928831
S1-546305642	S2-439087116,S2-399884207,S2-729633677,S3-194229106,S3-59453173,S3-342988515
S1-976873542	S2-953042007,S2-209043730,S2-416494771,S3-460780941,S3-897401312
S1-952139132	S2-923385095,S2-423435998,S2-306312264,S3-808299361,S3-434035642,S3-163044896
S1-971883371	S2-739231607,S3-848175839,S3-126319678,S3-449543643
S1-553414887	S2-373463655,S3-852956405,S3-779579915
S1-207323504	S2-710531586,S3-138812237,S3-805276078
S1-631535601	S3-791830629,S3-165949367,S3-770188638,S3-508976249,S3-703021830
S1-550746211	S2-769971949,S3-998487972,S3-417447240,S3-551791497
S1-429138641	S2-215579468,S3-423508256,S3-123174511
S1-369948545	S3-807165348,S3-429774145
S1-600537495	S2-500953262,S3-594961347,S3-961914787,S3-961091408
S1-984000893	S2-419146094,S3-877460475,S3-620918893,S3-621605662,S3-779190566
S1-350433118	S2-54431893,S3-152653909
S1-759174579	S2-5969148,S2-337200114,S3-236246549,S3-149787321,S3-769808664
S1-638570274	S2-319834019,S3-753439169,S3-955231805,S3-329742113
S1-664015747	S2-52993252,S2-529600157,S3-36812447,S3-277919655,S3-725304135,S3-934941780
S1-218164241	S2-861334340,S3-921141498,S3-370292154
S1-668292378	S3-768502627
S1-917221044	S2-78613763,S3-41374665,S3-531389036
S1-823320072	S2-656533905,S3-617695696
S1-635225757	S2-656795057,S3-159143791
S1-359793221	S2-732041203,S2-993893407,S3-971322173
S1-370990507	S2-197342470,S3-602828591,S3-404220718
S1-441652875	S2-763015549,S3-328605255,S3-143157148,S3-952794628
S1-118775608	S2-915409720,S3-400665574,S3-179710179
S1-307150052	S2-47599593,S2-661478498,S2-562240776,S3-467918613
S1-431291022	S2-739026983,S2-643357928,S3-231944228
S1-607875896	S2-879227013,S2-929738327,S2-291574045
S1-447023158	S2-871997936,S3-236018272,S3-874291438,S3-711457282
S1-683289181	S2-685437276,S2-366874486,S2-523179121,S2-927491403,S2-381397306,S3-591774676,S3-517268439
S1-999395803	S2-434369111,S3-693730051,S3-363657616,S3-167422763
S1-206961745	S2-993839027,S2-29521871,S3-267849011,S3-784032273
S1-965280153	S3-873427369
S1-451769963	S2-526596524,S2-948365445,S2-580310239,S3-968687732
S1-826099796	S2-836670961,S3-361331031,S3-787199044,S3-719251319
S1-227476043	S3-838296854
S1-819427841	S2-752305242,S3-935758491,S3-763839166,S3-815455711
S1-323420511	S2-516258229,S3-550821852,S3-420168334
S1-880173247	S2-615298978,S2-489673238,S2-784418060,S3-457210305,S3-326591644
S1-434238647	S2-102097466,S2-227421504,S3-956315765
S1-953918424	S2-423156777,S2-338288182,S3-404309502,S3-609316495
S1-728034475	S2-681873209,S2-468445979,S2-880021580,S3-700949673
S1-653799258	S2-761905168,S2-653015091,S3-813339362
S1-343469284	S2-908339947,S2-350487068
S1-297968607	S3-646171334,S3-85172397
S1-174200085	S2-968907737,S3-881059378,S3-348619057,S3-193084676
S1-127514670	S2-359976355,S3-630496669,S3-850701842,S3-956836895,S3-153496505,S3-780066862
S1-809638150	S2-289638965,S2-790554816,S2-168686296,S3-732535590,S3-922676065,S3-149980066
S1-47029279	S2-47794428,S3-517859,S3-741367593
S1-947785420	S2-185792460,S2-574070492,S2-860825554,S3-443024448,S3-111041244,S3-8421494
S1-801355751	S2-139431444,S2-747781705,S2-414989593,S2-273281105
S1-610704488	S2-444919917,S2-118625281,S3-854675954,S3-767095765
S1-646604825	S2-614963065,S2-750939884,S2-40736835,S3-507964670,S3-737315237
S1-971375719	S2-13039324,S3-593067565
S1-629507222	S2-708060740,S2-134542232,S3-482594327,S3-240432748,S3-750228350
S1-292907395	S2-443618867,S2-495881662
S1-348402055	S2-585809145,S3-344221275,S3-575027328,S3-97043305
S1-473928915	S2-525686205,S2-390468145,S3-677605945
S1-689405780	S2-546411021,S3-460173567,S3-407486134,S3-77045624
S1-159067707	S2-800147797,S2-528635367,S2-350100406,S3-342293148
S1-374465558	S2-268545781,S3-449030274,S3-269625509,S3-594378661
S1-482396778	S2-320459495,S3-848004450
S1-354383629	S2-186465478,S2-504956061,S3-950371778,S3-3061647
S1-846160250	S2-905288790,S3-606987058
S1-484725602	S2-179661803,S3-194044643,S3-87211337
S1-803001354	S2-666301567
S1-539562828	S2-681550514,S2-891103836,S2-531016324,S3-631300487,S3-313256160,S3-942668249
S1-911598245	S2-842731909,S2-566256586,S2-685103988,S3-482740820
S1-49664596	S2-841398424,S2-989027779,S2-930936013,S2-735834670,S2-862205516,S3-209146853,S3-352028932,S3-474004976
S1-250825002	S2-710691016,S3-381148508
S1-950143566	S2-722610119,S2-179825212,S3-950759123
S1-419584995	S2-403368306,S3-195794705
S1-659702821	S2-916447849,S3-89339260
S1-711021042	S2-777743508,S3-300649464
S1-359248815	S2-84035959,S2-78826467,S2-33572446,S3-809512035,S3-301571060
S1-887316404	S2-155802873,S2-46998088,S3-300990912
S1-876606872	S2-453069783,S3-560316729
S1-309249083	S2-428659316,S3-965702912,S3-697401257,S3-909485927
S1-974889111	S2-679826723,S2-738661304,S3-349749398,S3-958790207,S3-656293911,S3-290817020
S1-856034661	S2-499508387,S2-830144821,S2-436592215,S3-331596309,S3-412977530,S3-852232865
S1-107866686	S2-955079639,S2-73962787,S2-73447905,S3-625286731
S1-265730631	S2-320455084,S3-963062659
S1-696897331	S2-168439695,S2-395647423,S3-570597996,S3-578759962
S1-371629011	S2-773384651,S3-290120738,S3-285920091
S1-451692973	S2-405320746,S2-975045425,S2-893297657,S2-600498462,S3-977648067
S1-261610813	S2-126434136,S3-643828700
S1-564381397	S2-110111442,S3-250590778,S3-406152986,S3-634911177
S1-503855242	S2-842662578,S3-599453702
S1-111097260	S2-639043171,S3-973654486,S3-633061992
S1-1925572	S2-164971643,S2-20354951,S3-534171657,S3-407711834,S3-474260950
S1-265737827	S2-364561797,S2-957904372,S2-954988741,S3-722461971,S3-839689104
S1-424690878	S3-788642123
S1-565201236	S2-586842366,S3-76205185
S1-703266767	S2-676919750,S3-551745640,S3-100556344,S3-743816902
S1-420641647	S2-589706056,S2-425921419,S2-678211101,S3-232673040
S1-238025695	S2-679546254,S2-821711981,S3-863310652,S3-248033414
S1-520720410	S2-639409018,S3-852899689
S1-231695744	S2-868678280
S1-603533444	S2-32994233,S3-636616906,S3-823061957
S1-855367886	S2-184338747,S3-346599904
S1-337028562	S2-696521798,S3-853731069,S3-802646282,S3-581406552,S3-852108943,S3-732060355
S1-588932042	S2-402837141
S1-14397265	S2-954159747,S3-609770700,S3-225833632,S3-400905090
S1-135337372	S2-31780452,S2-349452027,S3-548580224
S1-75151418	S2-920498867,S3-745593971,S3-891940842
S1-506458869	S2-949804373,S3-586994873,S3-466869145,S3-900854387
S1-283341810	S2-955780515,S2-396969976,S3-306685411
S1-309968733	S2-701270572,S2-948463018,S2-299325370,S3-211823689
S1-29172690	S2-564402922,S2-109493392,S3-848550975
S1-685457882	S2-838773193,S2-85284935,S3-603891241
S1-969389802	S2-490734590,S2-304762779,S2-484874692,S3-237869670
S1-51380241	S2-912278934,S2-745464131,S2-946331683,S3-967571454
S1-67375276	S3-269815640
S1-543359996	S2-398800694,S3-905251700,S3-232147322
S1-755937012	S2-583199314,S3-501884815,S3-282087353
S1-254613050	S2-464866633,S3-737000422,S3-785227183
S1-430887701	S2-439408103,S2-427568349,S3-146683862,S3-556552888
S1-234973197	S2-979013065,S2-3215704,S2-118485705,S3-351876059
S1-24029734	S2-596377903,S2-457659827,S2-346388647,S3-44391675
S1-314517691	S2-497093301,S3-459061369,S3-661201224
S1-46680831	S2-785824729,S3-706429904,S3-838392611
S1-50493200	S2-283625489,S2-49112489,S3-313299616
S1-780426304	S2-422644277,S2-79728114
S1-936683482	S2-216682915,S2-538435610,S3-183862677
S1-162282501	S2-705444551,S2-802172111,S3-445394460
S1-93579739	S2-756661886,S2-742781972,S2-504048728,S2-189782963,S3-19939270
S1-37489190	S2-707182043,S2-807252549,S2-911945501,S3-551169267,S3-45449325
S1-65998478	S2-700376480,S2-545563463,S3-792706160
S1-819937255	S2-911617744,S3-189631970,S3-701053052
S1-148574635	S2-354024435,S2-304736491,S2-45791764,S3-203908495,S3-54885234
S1-517635855	S2-857895850,S2-132796813,S3-929465708,S3-847787543
S1-312337674	S2-901393558,S2-910603525,S3-975881718,S3-89196616,S3-785436692,S3-596148394
S1-807260930	S3-256004469,S3-967256455,S3-50997165
S1-742858591	S2-219007521,S3-51111260,S3-267846439
S1-450506030	S2-645897336,S2-151857007,S3-498594294,S3-343937269
S1-337606914	S2-67649161,S3-123749808,S3-108330405
S1-868225148	S2-705020110,S2-686922076,S3-405157838,S3-905587561
S1-761998358	S2-841917385,S3-368737232
S1-579690906	S2-128171061,S2-569826034,S2-436772662,S3-968940223,S3-913691812
S1-939224109	S2-492906152,S3-647251399,S3-425996814
S1-436447007	S2-621957046,S2-634596621,S2-853136988,S3-991041715
S1-704168693	S2-237167648,S3-846392195,S3-923817760,S3-499627131
S1-180739708	S2-377894604,S2-952487182,S3-28572189,S3-881115796
S1-803125837	S2-756226410,S2-965111323,S3-460468522,S3-543389070,S3-433598684,S3-94095937
S1-105476749	S3-343134946
S1-267519863	S2-771622049,S3-482372822
S1-11420831	S2-202359823,S3-540460871,S3-937954897
S1-98170622	S2-22200500,S2-323718934,S3-890366837,S3-737704407,S3-345159886
S1-261398626	S2-330984528,S2-720941741,S2-73546476,S3-970199740,S3-189847152,S3-469909861
S1-586983935	S2-345685515,S3-346908819
S1-278005299	S3-757918577,S3-511595971
S1-75182863	S2-439826314,S3-816439334
S1-60279299	S2-595235905,S3-650013960
S1-612820794	S2-136279466,S2-214228898,S3-995955302
S1-707961615	S2-241994418,S2-735787674,S3-899951137
S1-426544870	S2-844435709,S2-822826019,S3-63615666
S1-144300778	S2-816996294,S2-253081768,S2-590727083,S2-316286507,S3-659379525,S3-130226758
S1-919903588	S2-407676082,S2-872755074,S3-315752699
S1-591609569	S3-396970263,S3-992535830,S3-102320704,S3-319675549
S1-220710787	S2-242549683,S3-532895730,S3-132013335
S1-989526411	S3-549648219,S3-186135860
S1-368115037	S2-980280345,S3-720010927,S3-838380838,S3-620117216
S1-990380460	S2-447487090,S3-77962585,S3-123172579,S3-966512969
S1-173364970	S2-505121002,S3-339969068
S1-751018949	S2-809394320,S3-966891075,S3-482298519,S3-686329052,S3-894291611
S1-191381929	S2-301664325,S3-560097374,S3-72603201,S3-902306443,S3-270675086
S1-709663987	S2-502269618,S2-210992119,S2-433531518,S2-341124457,S3-898995136,S3-383926957
S1-831331437	S2-639032528,S2-845278151,S3-920152980,S3-65775194,S3-387794075
S1-657510190	S2-227467064,S2-321313517,S3-392162442,S3-879209975,S3-415131732
S1-944027	S2-84934954,S2-37056051,S3-685029196
S1-781621921	S2-158526098,S3-774888542
S1-302327756	S2-151721634,S3-363956359,S3-179589185
S1-55883981	S2-30072381,S2-715966410,S2-426074155,S3-632289768,S3-911161973,S3-625181695,S3-70177784
S1-158438642	S3-607937400,S3-945747424,S3-554656802
S1-816814891	S3-965510069,S3-465521233,S3-83136890
S1-679302898	S2-846030649,S2-16579652,S3-903564937
S1-258509694	S2-168359625,S3-542569093
S1-219562692	S2-46422704,S2-555875338,S2-622063332,S3-497730498,S3-474317186
S1-577359510	S2-542606849,S3-845569812
S1-237558805	S2-191063429
S1-903361546	S2-984068569,S3-663549535,S3-574992187,S3-164745586
S1-340879746	S2-618521208,S2-772489451,S3-906729071,S3-621154136
S1-650389717	S2-868204817,S2-142620988,S3-288675265
S1-947548180	S2-826775902,S2-302582935,S3-577694397,S3-311696307
S1-843561824	S2-575516871,S2-570490257,S3-692407322,S3-115615305
S1-150430693	S2-783414242,S2-135076099,S2-507561920,S2-205525922,S2-353121702,S3-787646564,S3-956517843
S1-573258268	S2-738655564,S3-43782046,S3-711028320
S1-696669319	S2-615075423,S2-963001574,S2-696383376,S2-525071896,S3-308806059,S3-308308473,S3-526690490,S3-795761068,S3-111847817
S1-873635487	S2-698440720,S2-501299536,S3-248751634,S3-11660608
S1-314899328	S2-687717854,S3-886815227,S3-888281902,S3-196757401
S1-328815506	S2-994983523,S2-110683706,S3-436891041,S3-639538958
S1-552102394	S3-156025259,S3-715610646,S3-817003814,S3-222288444
S1-371645529	S2-232009630,S3-783503668,S3-867391924,S3-768496168,S3-887527862
S1-325353004	S2-326628143,S2-71175217,S3-258728240,S3-338663250,S3-486915674
S1-117175594	S2-443221726,S3-96675525
S1-268778755	S3-997998888,S3-701711690
S1-170136495	S2-971003753,S2-388194328,S2-497408259,S3-886223729,S3-379334607,S3-379493658
S1-228544187	S2-361934265,S2-366871415,S3-954670667,S3-15680209
S1-817170084	S2-921407226,S3-447711488,S3-860617695,S3-529974773
S1-781730843	S2-302780986,S2-168934881,S3-46470107,S3-988001405
S1-496597871	S2-811832709,S2-867649657
S1-667258249	S2-628450836,S3-561052256
S1-676369950	S2-789878781,S2-37246709,S2-96245162,S2-812482291,S3-910968603
S1-804935262	S3-322321386
S1-571048481	S2-893367837,S2-489939078,S2-356869583,S3-384302335,S3-202479945
S1-351445224	S2-932167571,S2-918961707,S2-161001453,S3-788283667,S3-102603377,S3-876887694
S1-544642644	S2-646180851,S2-116059206,S2-571761811,S3-463501509,S3-464263100
S1-971434169	S2-167259837,S2-128588875,S3-421684866
S1-249165471	S2-126511640,S2-634622050,S3-311091932,S3-856332219
S1-834116402	S2-776545862,S3-505464072,S3-865347947,S3-632405758,S3-31699872
S1-227835953	S2-673081197,S3-814581398
S1-378081588	S2-373886320,S2-504188507,S2-537300558,S3-807117868
S1-304021447	S2-794710993,S3-643919141,S3-192374795,S3-710163900,S3-81931937
S1-242525447	S2-275378866,S2-363092448,S3-609670295,S3-926636748,S3-932084358
S1-471707221	S3-32812085
S1-125048120	S2-311622260
S1-554106971	S2-826307641,S3-770524906
S1-681868510	S2-499839977,S2-659521437,S3-847163051,S3-113351579
S1-817846167	S2-880478072,S2-58608960,S2-117662006,S2-57148992,S3-938316447
S1-136652603	S2-603463326,S3-873817501,S3-759507295
S1-727788944	S2-873249500,S2-168919503,S3-566583374,S3-697056989,S3-134462545,S3-787404738
S1-959620536	S2-457089481,S3-286609320
S1-410344887	S3-326623813,S3-978467806,S3-8493402
S1-950415097	S2-713950779,S2-551171260,S3-788503807,S3-702156437
S1-718203163	S2-197361155,S3-169183634,S3-754322074
S1-598618872	S2-248303340,S2-774774411,S2-969800253,S2-359260131,S2-884542936,S3-602451334
S1-321145902	S2-683941312,S2-13116304,S3-720862986
S1-981061466	S2-998628236,S2-521081554,S3-99277316,S3-819282996,S3-478279651
S1-944984477	S2-889414230,S3-786085018
S1-810510864	S2-234541455,S2-245812659,S3-612747985,S3-757309282,S3-468497410
S1-53034540	S2-548360098,S2-266312540,S3-331878131,S3-98107697
S1-681407079	S2-636700730,S3-916263960,S3-782471887
S1-906995911	S2-591828561,S2-710879656,S3-840815351
S1-173255186	S2-9353137,S2-242505974,S3-326417224,S3-440960619,S3-17908200
S1-623373362	S2-690078138,S2-866698021,S2-463198836,S3-100860933
S1-202618110	S2-460617602,S2-67683284
S1-865975852	S2-882531981,S3-575304759,S3-276929099,S3-712673566
S1-991762512	S2-756502489,S3-444233452,S3-480830983,S3-646886678,S3-68151109
S1-494191058	S2-108179944,S2-243920068,S3-401781326,S3-68058404
S1-841327871	S2-336870225,S2-977710249,S2-941667297,S3-989590241,S3-903034858,S3-47842511
S1-835968678	S2-316071388,S2-592809607,S3-258971789,S3-692037748,S3-424826343
S1-706963756	S2-854892160,S2-315219425,S3-555007890
S1-551042076	S2-920598357,S2-164511429,S3-182726516,S3-207077324
S1-624824915	S2-889348571,S2-514457891,S2-13994559,S3-906847208,S3-642367401
S1-244769854	S2-232242724,S2-329974773,S2-632979147,S2-561951096,S3-211972223,S3-818546778,S3-455244637
S1-708191641	S2-894553820,S2-902900029,S3-499240621
S1-110361220	S2-391494490,S3-32647822,S3-354132374
S1-631895941	S2-326034896,S3-584311437
S1-464142	S2-322836083,S2-490822457,S3-716220542
S1-920219285	S2-558261859,S2-77130866,S3-307699288,S3-353088638,S3-552135876
S1-127315572	S2-424890651,S2-842605064,S3-509924233
S1-902935391	S2-97075341,S2-536357147,S3-424054111
S1-588505834	S2-237192330,S2-913370392,S3-583713804,S3-884829252
S1-271228601	S2-191815093,S2-656913797,S3-751544232,S3-702769386
S1-258324088	S2-503206120,S2-157275170,S3-430163959
S1-4832144	S2-727576103,S2-976418655,S3-662866670
S1-713913428	S2-355868541,S3-863703279,S3-560526538
S1-203783001	S2-638216951,S2-745394941,S3-978745892
S1-917146628	S3-888640858,S3-362879258
S1-318741276	S2-981963480,S2-529736585,S2-673264247,S3-965119863
S1-209500224	S2-161325888,S2-732483476,S3-433111040,S3-425121767
S1-298427319	S2-122059117,S2-807507616,S3-555528197,S3-805467739
S1-264551597	S2-944007095,S3-855789226
S1-372283928	S2-129853707,S3-929638319,S3-233524548
S1-177655632	S2-834668319,S2-325389407,S3-813459588,S3-54283800,S3-931084979
S1-953569519	S2-48015943,S2-181925720,S2-757624162,S3-323181941
S1-654222038	S2-799731748,S2-313540499,S2-916609951,S2-957713979,S3-841840647,S3-794568600
S1-67684872	S2-125855527,S3-499150868,S3-616005580
S1-638464424	S3-589646580
S1-772927697	S2-923027412,S3-861199115,S3-354841279
S1-92768389	S2-304999294,S2-499084316,S3-933505659,S3-280707982,S3-64637573
S1-442867230	S2-590039384,S2-740305353,S3-998858688,S3-293403076,S3-511596455
S1-751170397	S2-644223244,S3-219635784,S3-917932019
S1-924173789	S2-328588406,S3-903757183
S1-927098456	S2-493376354
S1-451631311	S2-364953565,S3-240761091
S1-384051222	S2-888015818,S2-17865426,S3-844721868
S1-955336835	S2-46549664,S2-545774489,S3-519293949,S3-35626121
S1-688373660	S2-72841314,S2-359107048,S3-277670580
S1-298852042	S2-340049614,S2-78050796,S3-471016072,S3-637068233,S3-944957907,S3-861166986
S1-898210022	S2-858090995,S3-259929701
S1-236597676	S2-86549598,S2-78583978,S3-274486552,S3-308135929,S3-152668198
S1-840974437	S2-855702949,S2-426082375,S3-668159615
S1-710100465	S2-49361204,S3-231155734
S1-953852263	S2-915085075,S3-907613039,S3-3234039
S1-915374170	S2-52725273,S2-638495786,S3-327195566
S1-329077256	S2-380357554,S2-708910315,S3-438027561
S1-631254815	S2-427170862,S2-70080259,S2-751112360,S3-267569982
S1-993584073	S2-473426971,S3-124437852,S3-731441142
S1-84323061	S2-768225905,S2-775632933,S2-286159709,S3-367560713
S1-997644547	S2-54586509,S3-22694369,S3-719623060,S3-532800973
S1-225134519	S2-935469222,S2-869726767,S3-624168706
S1-37883456	S2-340996118,S2-905730542,S3-452222734,S3-557067830
S1-708718896	S2-709876788,S3-506779125
S1-905682905	S2-918741937,S3-911311884,S3-557849127,S3-455850419,S3-526649940
S1-139342374	S2-235288207,S2-190624207,S3-143704386,S3-784921204
S1-448851301	S2-545948444,S2-960392332,S3-690869110,S3-552086007
S1-519309414	S2-941349629,S2-904535860,S3-425619116
S1-665395369	S2-456397876,S3-993876740,S3-666117381
S1-126219041	S2-109150002,S3-302779454,S3-680416366,S3-826055662
S1-606919713	S3-954671223
S1-744324675	S3-638686616
S1-63942547	S2-869251824,S3-29334071,S3-397192518,S3-668145580
S1-53866009	S2-979942928,S3-373837497
S1-960757523	S2-986064834,S2-477388465,S3-739442942,S3-309750231,S3-304311645
S1-361508139	S2-473775800,S2-882197872,S2-766378741,S2-940116610,S3-24249046
S1-545132975	S2-19310674,S3-499119775,S3-808192203
S1-895245344	S2-251191413,S3-974597105,S3-367444031,S3-387262290
S1-842288219	S2-233981119,S3-880325963,S3-548007444
S1-520103695	S2-162177083,S3-506033959
S1-287749775	S2-797886400,S2-282882575,S3-686349488,S3-77031223,S3-274431007
S1-377942034	S3-841885241,S3-399886679
S1-760212402	S2-676856393,S3-208027874,S3-116962105
S1-46791571	S2-20188339,S2-290782026,S3-438682544,S3-162818065
S1-866576425	S2-447261771,S2-212299943,S2-194851839,S2-327722707,S2-62092526,S3-542832817,S3-511018366
S1-781674201	S2-133896043,S3-997853264,S3-396015949,S3-661231849,S3-880676422,S3-928519966
S1-168653270	S2-574885290,S2-843976222,S2-879202927,S2-258238991,S3-807324690,S3-872921096
S1-255596545	S2-355594759,S3-318423638
S1-960195337	S2-334872315,S3-246016507,S3-514688187
S1-355183069	S2-527542512,S2-736436108,S3-642880564,S3-19773108
S1-462419785	S3-155323648
S1-744957684	S2-729536041,S3-476028981,S3-152845685,S3-901239896
S1-368632203	S2-793232380,S3-149031175,S3-860627470,S3-355427424,S3-72758007,S3-875869521,S3-128951918
S1-851593620	S2-209084889,S3-681564149,S3-668537999
S1-67004269	S2-366717337
S1-885367730	S2-293921841,S3-570487642,S3-267215955,S3-678799894
S1-938096997	S2-510548229,S3-292379637,S3-377860017
S1-948625486	S2-242221319,S3-581439163,S3-597151561
S1-834560235	S3-897636380,S3-709112188,S3-939863778
S1-203683822	S3-202003516
S1-611982586	S2-851840572,S2-443179715,S3-883450446,S3-352544730
S1-969124058	S2-442889575,S2-139497250,S3-151670725,S3-630499039,S3-822266087,S3-339180944
S1-234157868	S3-882972533
S1-378245626	S2-547387537,S2-557931887,S3-704853071,S3-865209227
S1-542629727	S2-317997797,S3-111068399
S1-159163751	S2-433634059,S3-310092320
S1-427532714	S2-775954640,S2-132998850,S2-166304436,S2-975503123
S1-287716781	S2-14135433,S3-415762642
S1-41586237	S2-561428984,S2-545708803,S3-462242924
S1-736181797	S2-862048026
S1-597769691	S2-544909652,S3-156477526
S1-932329331	S2-147889235,S2-435312317,S2-976262747,S3-191631312
S1-999761675	S3-398785457,S3-279929798,S3-98770577
S1-831741666	S2-108336501,S3-308705120,S3-179275010
S1-612927525	S2-516732787,S2-236549674,S2-605232343,S3-225252866,S3-4812370,S3-137181960
S1-868078861	S2-950838731,S3-517834410
S1-596316645	S2-536252240,S2-336989672,S2-246192894
S1-743579280	S2-990829993,S3-124734366
S1-332070586	S2-838307996,S2-9820784,S2-217848760,S2-510653768,S3-252005192,S3-743605791
S1-827582479	S2-937671853,S2-508380594,S2-99479188,S2-367667459,S3-412157058
S1-917789262	S2-462088284,S2-588790599,S2-687867513,S3-825197308,S3-781014044
S1-307064585	S2-267487307,S3-125447489
S1-462241071	S2-129701522,S3-582920847,S3-23396584
S1-277497627	S2-937736229,S2-125933022,S3-558463435
S1-704037301	S2-230067013,S2-140311578,S2-493385472,S2-201288455,S3-327225316,S3-801121907,S3-698754373
S1-175373795	S2-120214848,S2-430469278,S2-244742995,S3-949963713,S3-673465908
S1-30177680	S2-743855855,S2-380332849,S2-179809244,S3-281420210,S3-831037198
S1-551400825	S2-248697416,S3-248070827
S1-723598259	S2-775324848,S3-409972476,S3-381515335,S3-370067509,S3-992310338
S1-752145669	S2-612779985,S2-455933168,S2-111820954,S3-575491148
S1-619830078	S2-7977376,S2-197126193,S3-360345711
S1-166733708	S2-213173060,S2-64609427,S2-993770582
S1-319001121	S2-537021173,S2-479604574,S3-404988551,S3-610701842
S1-766326727	S2-681038845,S3-267696503
S1-467302443	S2-689282398,S3-671102303,S3-281747066,S3-151665935,S3-494686264
S1-259824868	S2-754326561,S2-648005528,S2-662386152,S3-176490907,S3-635673440,S3-800538931,S3-147688247
S1-978190845	S2-635294140,S2-447377223,S2-228708863,S3-751015320,S3-820021082
S1-614350006	S2-667993955,S3-403921559
S1-709736905	S2-613621425,S2-945444907,S2-558794687,S2-674867338,S3-74174491
S1-68107709	S2-636930624,S3-600357194,S3-461640706,S3-649356644,S3-898967864
S1-816753321	S2-87032067,S2-334753252,S3-752899654,S3-742855598,S3-741537490
S1-872813735	S2-270265242,S2-919824290,S3-60293669
S1-924476975	S2-424884127,S2-246513326,S2-471825903,S3-352285935,S3-908139086,S3-82617233,S3-876555752
S1-875965289	S2-236329282,S2-872976909,S2-820381675,S3-398840419,S3-288756146,S3-224033939
S1-306196144	S2-995243024,S3-991167463
S1-673274118	S3-861249697,S3-174493555
S1-786131537	S2-643758990,S2-209759060,S2-403236598,S2-530013422,S3-148889573
S1-753270653	S2-299644,S3-270568461,S3-58841777
S1-470887306	S2-766427426,S2-424530463,S2-147450541,S2-671867472,S3-506002891,S3-93676563
S1-568421893	S2-788999960,S2-806594986,S2-787032804,S3-397491305,S3-811738832,S3-29844946
S1-196973092	S2-719841914,S2-175970526,S2-42582404,S3-648124368,S3-498293616
S1-532531489	S2-947860099,S3-399285375
S1-635376897	S2-437524460,S3-882065741,S3-55441598,S3-577190432,S3-635811823
S1-237089840	S2-79269455,S3-246326507
S1-501864387	S2-277747923,S2-45100306
S1-614281521	S2-437857390,S2-902761292,S3-999089894,S3-43320112
S1-145175425	S2-872025494,S2-531699771,S3-837475220,S3-311549291
S1-865274931	S2-610787601,S2-550022492,S3-716821505,S3-936484006,S3-158687953,S3-95198068,S3-73405116
S1-903807876	S2-658989214,S2-987917763
S1-46224346	S2-545444099,S2-628167429,S3-146466464,S3-975957718
S1-368589476	S3-82371578,S3-275600062,S3-199973031
S1-1602845	S2-767586147,S3-399544920
S1-159951423	S2-677256510,S2-961521328,S3-966202672,S3-682158926,S3-532435695,S3-715774207
S1-487906137	S2-825985642,S2-128025914,S2-124791528,S2-34562408,S2-903533472,S3-32342673,S3-534594957
S1-787342844	S3-607272593
S1-977182950	S2-810028477,S2-480587362,S3-360700545,S3-253184723
S1-42738958	S2-256461002,S2-788109679,S2-649146638,S2-383971702,S3-482570630
S1-823058134	S2-385539544,S3-430416778,S3-524310758
S1-625729874	S2-382845536,S3-130071045,S3-707571556
S1-735699231	S2-702108882,S3-92578078
S1-122635040	S2-904287483,S2-88869471,S3-103084904,S3-542165815
S1-747191911	S2-981515858,S3-614842170,S3-908905601,S3-548898178
S1-11618997	S2-371129479,S2-364642515,S2-69683138,S2-582285874,S3-278229492,S3-577350164,S3-570815111
S1-401955213	S2-949605473,S2-417052324,S2-725932328,S3-509778890
S1-600992996	S2-537070070,S2-292358992,S3-352302029,S3-271928329,S3-404405848
S1-292148111	S2-461929370,S2-420865803,S3-514206095,S3-557460353,S3-197901242
S1-356937728	S2-204561944,S2-619406868,S3-363182862
S1-852101338	S2-963129693,S3-262265720,S3-829458654,S3-501085471,S3-873332038,S3-426654618
S1-422207525	S2-618393158,S3-7637064,S3-867468448
S1-10576259	S2-190293518,S2-712751899,S2-812034661,S2-645761285,S2-721345633,S3-119254655,S3-834730299
S1-235670433	S2-460240051,S3-267744606,S3-184513562
S1-704106639	S2-403262089,S2-148389541,S2-296843132,S3-117993379,S3-118387356,S3-250608241,S3-146318183
S1-293288243	S2-288608790,S2-371383183,S3-408813545
S1-977580394	S2-235017012,S2-910946330,S2-537425566,S2-771545824,S3-120862385,S3-703486499,S3-372006254
S1-995441797	S2-657512299,S2-852739996,S3-843616891
S1-709867673	S2-209092973,S3-50490369
S1-132272387	S3-630013486,S3-778609531
S1-101016759	S2-896669290,S3-163740434,S3-495499396
S1-336662788	S2-859567320,S2-747564910,S3-493467916
S1-136584663	S2-525626459,S2-789035586,S2-586295649,S3-106992014,S3-632619576
S1-708633827	S2-144206565,S3-415989680
S1-842116937	S2-562475985,S2-601399474
S1-661072246	S2-674000504,S2-132530921,S3-445290501,S3-656574378
S1-839420271	S2-830939325,S2-315907084,S3-666275462
S1-72899844	S2-902341873,S3-319174089
S1-797852283	S2-62763249,S3-593870808
S1-86504216	S2-136749787,S3-52336499,S3-753055589
S1-349871647	S2-749376297,S2-161580127,S3-729346198,S3-355928411
S1-492659833	S2-118379984,S3-927189534,S3-304562057
S1-709954966	S2-124317999,S2-219593131,S3-635313274
S1-715527193	S2-462474419,S2-5832370,S3-219360151,S3-521673854
S1-474269064	S2-887564814,S2-149060961,S3-363437538,S3-754937526
S1-118779174	S2-530321835,S3-692824650,S3-5613477
S1-163249261	S2-533887158,S3-904439760
S1-532253375	S2-98098186,S2-697727606,S2-253426830,S2-898820510,S3-22639917
S1-808473917	S2-646077247,S2-837408606,S2-769602520,S3-952194134
S1-754281686	S2-541910456,S2-356225370,S2-528699031,S3-833736150,S3-131480265,S3-980071254
S1-165239976	S2-353834892,S2-934115482,S2-702300807,S3-621733266
S1-447136638	S2-823050660,S3-768116588,S3-943395570
S1-980012465	S3-300199167
S1-969909259	S2-259194225,S2-767411317,S2-943504367
S1-554527869	S2-683171386,S3-853329116
S1-280540316	S2-230893037,S2-64344017,S2-38306689,S3-756038421,S3-741742377
S1-411313130	S2-884934961,S2-884492283,S3-141997058,S3-759538982
S1-669537577	S2-427721688,S3-361728761,S3-985221834,S3-222973392
S1-477632217	S2-597630444,S3-30503328
S1-380391369	S2-621386648,S3-460785189
S1-527220147	S2-937947630,S2-724801227,S2-696684385,S3-515327836,S3-632908541
S1-56650509	S2-556120448,S2-928136235,S3-527230920
S1-251389395	S2-368063706,S2-857133233,S3-10424768,S3-517813431,S3-656036189
S1-918842203	S2-766202777,S3-314579332,S3-279177858
S1-179831651	S2-416337925,S3-216874679
S1-340466000	S2-793460880,S3-144194722,S3-155595914
S1-170171327	S2-620802582,S2-654412957,S3-890147573,S3-627459292,S3-55212980
S1-901070689	S2-886114557,S2-263709405,S3-424724966
S1-549785232	S2-129684402,S2-867194894,S3-885937768,S3-638427748
S1-655058153	S3-653119000
S1-333828299	S2-136480937,S3-839091909,S3-853094854,S3-171091845,S3-246482659
S1-587155310	S2-276242082,S3-4121038,S3-633875916,S3-541455965,S3-466308066
S1-347957612	S2-469759414,S2-770419337,S3-32350419,S3-28633671,S3-481942163,S3-428968484
S1-746123251	S2-718333988,S2-607263348,S3-268909749,S3-726030459,S3-686146486
S1-837601853	S2-389142621,S2-698159248,S3-848880851
S1-497433649	S2-423062431,S3-366645896
S1-953554018	S2-720291216,S3-77585221,S3-291005342
S1-952435898	S2-108608462,S2-550403468,S3-365379018
S1-999729047	S3-925649411
S1-400835198	S2-445418780,S2-723094322,S3-29433250
S1-655323597	S2-916734692,S2-417074337,S2-402707831,S3-704445399,S3-479897831
S1-901054432	S2-997847478,S3-900216279
S1-903553140	S2-204208058,S3-37826376,S3-372159777,S3-166395634
S1-110567701	S2-331062016,S2-389155532,S2-947838815,S3-589479230
S1-247259068	S2-405769592,S3-713952558
S1-661847257	S2-835240266,S3-879631443,S3-859479519
S1-547310740	S2-415647256,S2-996808320,S2-314566755,S3-48004129,S3-874551928
S1-862247057	S2-197684852,S3-504013513,S3-549375147,S3-641573531
S1-463176664	S2-799317477,S3-862235442,S3-726740332
S1-961559182	S2-897463209
S1-401145556	S3-810877100
S1-576756643	S2-805482230,S3-408067697,S3-807875547,S3-448403100,S3-279461305,S3-583218588
S1-637530879	S3-526014714,S3-387368008
S1-257779179	S2-978600650,S3-33180392
S1-393849807	S2-83307837,S2-16007832,S2-702550018,S3-651037477
S1-312382111	S2-946397728,S2-109285305,S2-957316237,S3-402045822,S3-450860231
S1-777923717	S3-454573150,S3-841671579
S1-786990094	S2-570909096,S2-819234592,S2-433723803,S3-808668330,S3-860136162
S1-144131066	S3-55210018,S3-147099622,S3-486120425
S1-951465997	S2-79054791,S2-159057137,S2-532223005,S3-678977680
S1-222596381	S2-495387940,S2-949937287,S3-224997395
S1-405936522	S2-338164356,S2-736586937,S2-500574414,S2-18519636
S1-266182243	S2-439265816,S3-678382674,S3-36612242
S1-606581781	S2-349650497,S2-127500822,S2-218614894,S2-722690699,S3-727228867
S1-85304786	S2-899211503,S3-825664193,S3-818371845
S1-881067421	S2-83308623,S2-524726420,S3-209499074,S3-550463797,S3-628064922
S1-435813915	S2-489730980,S2-747339560,S2-380109491,S3-336891715,S3-842708520
S1-266987960	S2-343378856,S3-558902467,S3-103304720,S3-100413942
S1-520367720	S2-509394979,S3-266570190,S3-431572398
S1-690081377	S2-748145534,S2-334851376,S3-935243269
S1-874016032	S3-400818018,S3-172009042,S3-79762405
S1-487462515	S2-245071189,S2-326248237,S2-11521262,S3-249152114
S1-254128826	S2-164285458,S3-877109541
S1-981400141	S3-906297842,S3-886521709,S3-256258202,S3-170004343,S3-760761956
S1-392502855	S2-589452712,S2-929019479,S2-104593773,S3-417321274,S3-160677230,S3-63483354
S1-170566434	S2-129906507,S2-885444454,S2-574787523,S3-442634984,S3-442316127
S1-303563371	S2-383573914,S2-28357875,S2-232005284,S3-664396555
S1-297783866	S2-301148093,S2-380623601,S3-642621961,S3-107529999
S1-830859935	S2-982088714,S2-158808397,S3-950958373
S1-727668631	S2-741833762,S3-97875438
S1-698355989	S2-258497622,S2-644477149,S3-817557855,S3-975008201,S3-343019760
S1-537450670	S2-785279463,S2-234236826,S3-951811844
S1-331317132	S2-770202749,S2-299434729,S3-567303820
S1-911464547	S2-202486518,S2-149600777,S2-236282758
S1-82671869	S2-380350757,S2-1916389,S3-844687035,S3-447946445,S3-340129926
S1-338366701	S2-294645590,S2-198340979,S3-888163346,S3-587848769,S3-280021199
S1-615079733	S2-113793058,S2-191129899,S2-279597963,S3-59607069,S3-84195492
S1-323516882	S2-184619034,S2-646220723,S3-561235608
S1-211513677	S3-466285820
S1-391391251	S2-84483608,S2-35854404,S2-321483070,S3-438501264
S1-914799278	S2-258424290,S3-28394547,S3-683352471,S3-339103637
S1-377599530	S2-202845144,S2-755430510,S3-730105911
S1-310456915	S2-237657335,S2-915383497,S2-183721173,S3-376933561
S1-682454769	S3-760214170,S3-353810696,S3-625243759
S1-661018828	S2-523328818,S2-832529428,S3-656577846,S3-80245805,S3-62384036,S3-323934085
S1-158166329	S2-330170034
S1-947583857	S2-603567609,S2-636179308,S3-125960694
S1-633497271	S2-774257653,S3-981422842,S3-170425561,S3-965433429
S1-898954739	S3-80850937
S1-913187456	S2-788454862,S2-197965469,S2-15890303,S3-774887287,S3-282914536,S3-288982144,S3-67629101
S1-51835213	S2-104428547,S3-122450324
S1-785574607	S2-342698408,S3-65271666,S3-249955024,S3-283081416
S1-703784650	S2-986546495,S3-251537480
S1-198589559	S2-285790438,S3-858706253,S3-201495765,S3-39190126,S3-901856176
S1-807096453	S2-911538999,S3-913413258,S3-425201701
S1-251254762	S2-298064001,S3-120639856,S3-507128700,S3-612150442
S1-110663186	S2-624441179,S3-195643999
S1-904796271	S2-314354914,S3-953258521,S3-429081671,S3-243240374
S1-550431657	S2-720882794,S2-528394281,S3-186377038,S3-744323885
S1-407441974	S2-520636761,S3-836016823
S1-450498767	S2-724114440,S2-383622403,S2-840661162,S3-147651217,S3-275085201
S1-17895576	S2-734769527,S3-771422302
S1-929378491	S2-684809943,S3-844308946,S3-783259449
S1-637174245	S2-12269824,S2-719073785
S1-459376851	S2-347227130,S3-670251414,S3-786605915
S1-949845033	S3-565950090
S1-756576955	S2-384081432,S3-236303058,S3-161501577
S1-611418725	S2-549621238,S3-867726486
S1-559318495	S3-426522682,S3-905810469
S1-588837437	S2-48495878,S2-633079966,S3-752096313,S3-867214679,S3-894211352
S1-836855664	S2-414299268,S2-475785189,S2-240707380,S3-744918606,S3-974605159
S1-46016800	S2-297545099,S2-568929326,S2-86847021,S3-5208366,S3-763273813
S1-181164030	S2-416165913,S3-242307193,S3-160851523,S3-355336475,S3-71269909,S3-101258217,S3-100917798
S1-444641519	S2-874279714,S2-78784196,S2-796070578,S3-376890440
S1-819090882	S2-655258892,S3-112515487
S1-438032134	S2-76028138,S3-316880504,S3-303982524
S1-958648201	S2-851103093,S3-526296418
S1-892623937	S2-624146685,S2-267321142,S2-511744442,S3-648694430,S3-417003678
S1-558791512	S2-803041367,S3-876475389
S1-407918485	S2-408737568,S2-111718544,S3-907355450,S3-114443757
S1-22414448	S2-180458621,S3-754653760,S3-732774687,S3-756196938
S1-530498352	S2-250206887,S2-53008033,S3-786354468,S3-803213851
S1-849070387	S2-350260155,S2-35712212,S3-141637297,S3-243389398
S1-806171253	S2-551925356,S3-493541751,S3-317958676
S1-226188787	S2-549130044,S3-972250167,S3-15965592,S3-999102782
S1-985149825	S2-565934575,S2-311458965,S2-759167594,S3-643644936,S3-702729034,S3-858412929
S1-3756117	S2-154834297
S1-608117425	S2-188589101,S3-414877012
S1-473197964	S2-928049903,S2-452894571,S3-825668614,S3-389048064
S1-901906834	S3-989925994,S3-652966107
S1-877255110	S2-542741000,S2-449617640,S3-922153947
S1-115204806	S2-123119451,S2-243330770,S2-622477713,S2-749193266,S3-758080585
S1-231031751	S2-53552127,S3-741316494,S3-598331969
S1-479001703	S2-11123322,S3-901358769,S3-862067418
S1-894885023	S2-53413286,S2-415481804,S3-331208668,S3-71059620
S1-355656242	S2-626383691,S3-232298581,S3-682862922
S1-170000422	S2-114508530,S3-983581183,S3-835713299,S3-84161142
S1-897767364	S2-448538365,S3-3223590,S3-230454860
S1-78717602	S2-726473641,S2-386311909,S3-969646964,S3-441409356
S1-276131230	S2-138089119,S3-288913981,S3-248008855,S3-650689922,S3-291445288,S3-727846388
S1-157542012	S2-773831003,S2-273326838,S3-634734351,S3-705570335,S3-845351831
S1-941176934	S2-230951793,S3-240905642,S3-38205167
S1-854566235	S2-405757267,S3-469565440
S1-907822197	S2-915918640,S2-360877409,S2-933871058,S3-447923299,S3-867526838
S1-569075656	S2-216132606,S3-893966021,S3-38173841,S3-153935591,S3-32636608
S1-655812881	S2-132734043,S2-744429277,S3-843486245,S3-213380654,S3-933934242,S3-824729689
S1-851333603	S2-932189486,S2-64099175,S2-988728794,S3-935140392,S3-385125705,S3-804278458,S3-808915248
S1-908494313	S2-620895273,S2-948911486,S3-587023268
S1-251477371	S2-459218054,S3-879035123,S3-560300449
S1-820372677	S2-640279485,S2-660728917,S3-540227433
S1-21092013	S2-142849695,S3-180488480,S3-713751927,S3-25763923
S1-716894249	S2-631606398,S3-77590712,S3-181158387
S1-398618258	S2-908364752,S3-153162653
S1-854140385	S2-644739531,S2-471061178,S3-255105336
S1-554395947	S2-97143059,S3-571020860
S1-740489170	S2-810289417,S2-314598504,S2-121554521,S2-564907122,S3-496624682,S3-637283065,S3-261551031,S3-363493419,S3-953340319
S1-291173455	S3-388610633,S3-666047166,S3-593374545,S3-285944340,S3-341201752
S1-36547614	S2-795201608,S2-135620482,S3-796349454
S1-1778259	S2-944613234,S3-543216894
S1-371439131	S2-60501050,S3-578353341
S1-394544068	S2-11300392,S2-974049422,S3-555474092,S3-500812971,S3-980690828
S1-292042216	S3-650250402,S3-829644774,S3-178660627
S1-81975432	S2-232637712,S2-114742709,S3-732756802
S1-780530697	S2-617195810,S3-794718603,S3-608911318,S3-268693814
S1-541502537	S2-423136685,S2-893328310,S2-764736325,S2-162958653,S3-899907135,S3-426643235,S3-936979045,S3-492523666,S3-755256958
S1-351671417	S2-406319582,S2-436807240,S2-345880021,S3-392374036
S1-609592022	S2-291175629,S2-790339479,S2-175327192,S3-787631365,S3-796648221,S3-238010604
S1-503050838	S2-670165044,S3-204954827,S3-99967838
S1-845219895	S2-137560321,S3-489663621,S3-632290886,S3-771258224
S1-186698859	S2-724033324,S2-347984669,S2-231175287,S3-921622146,S3-737415283
S1-930915470	S2-903902057,S2-385625629,S3-925709368,S3-452022706,S3-198120100
S1-223544434	S2-247160986,S2-263342749,S3-337867983,S3-226703289
S1-672792621	S2-159487169,S3-678253101,S3-435999001
S1-526621972	S3-977069781
S1-312077762	S2-574000299,S2-709860284,S3-87319587
S1-853569902	S2-702138999,S3-650689479,S3-809242074,S3-356345301
S1-87565728	S2-89525276,S2-761135195,S3-113116603,S3-920514468,S3-687201065
S1-517687422	S2-68932169,S2-539512642,S2-939819567,S3-903686696
S1-991329262	S2-276206002,S2-786520966,S3-466583540,S3-964817474
S1-154154342	S2-858022090,S2-632077366,S2-108019929,S3-965741505
S1-767768743	S2-881241751
S1-218853094	S2-921228494,S2-234231544,S3-251924615,S3-195772408,S3-754225867,S3-13518927,S3-238630201
S1-204067950	S2-236460717,S2-7987935,S2-17507198,S3-438286487
S1-446710813	S2-470377878,S3-782282615,S3-315825355
S1-977896494	S2-596106858,S2-822137611,S2-836429182,S3-378823598,S3-770046175,S3-813069981,S3-845418360,S3-38938584
S1-34654	S2-64562038,S3-310934568,S3-92958165
S1-406325517	S2-757213959,S3-648224891,S3-283579122
S1-453293381	
S1-937579145	
S1-245224479	
S1-521878237	
S1-605519206	
S1-310897239	
S1-234867064	
S1-222821317	
S1-414445515	
S1-818265855	
S1-425568853	
S1-702191629	
S1-397738410	
S1-385993027	
S1-106150132	
S1-713129333	
S1-327753549	
S1-997180485	
S1-782617029	
S1-86663498	
S1-319742018	
S1-823838829	
S1-419136348	
S1-383940858	
S1-532193346	
S1-480389705	
S1-142893063	
S1-228071169	
S1-996209582	
S1-135918884	
S1-898619414	
S1-976493247	
S1-342564739	
S1-120863778	
S1-749450476	
S1-771812810	
S1-802030150	
S1-169019373	
S1-487702271	
S1-972513944	
S1-580580616	
S1-368897468	
S1-881507033	
S1-469972461	
S1-258379804	
S1-155102991	
S1-28839144	
S1-925359014	
S1-107694418	
S1-754613463	
S1-466590020	
S1-695551699	
S1-429211181	
S1-182822443	
S1-171509982	
S1-357608141	
S1-30344940	
S1-942032545	
S1-998053381	
S1-857806682	
S1-575883221	
S1-456522159	
S1-379267480	
S1-130106590	
S1-20302565	
S1-613057452	
S1-683211760	
S1-999414728	
S1-85540177	
S1-298685621	
S1-401475819	
S1-262181023	
S1-910669319	
S1-804261167	
S1-502328835	
S1-516216637	
S1-958960580	
S1-306351494	
S1-883621847	
S1-981699150	
S1-661971979	
S1-533073639	
S1-438367731	
S1-780249288	
S1-331674932	
S1-511012444	
S1-235451978	
S1-6668964	
S1-685250414	
S1-516742668	
S1-159791998	
S1-19044061	
S1-863561601	
S1-988010346	
S1-932904921	
S1-393599878	
S1-945207313	
S1-604241582	
S1-661158946	
S1-470005206	
S1-404172956	
S1-329480988	
S1-982327720	
S1-762956757	
S1-47521163	
S1-345677659	
S1-900672623	
S1-166074167	
S1-420051068	
S1-391066593	
S1-36000670	
S1-643952003	
S1-362755376	
S1-451804668	
S1-660742823	
S1-677476679	
S1-187627713	
S1-695789201	
S1-741668639	
S1-574706771	
S1-842429466	
S1-543079895	
S1-684153365	
S1-83418637	
S1-210696157	
S1-843558355	
S1-101999477	
S1-57712498	
S1-945319819	
S1-449608538	
S1-185600767	
S1-344480896	
S1-352448398	
S1-821680248	
S1-966405736	
S1-67153378	
S1-267463425	
S1-977972060	
S1-675504618	
S1-680670603	
S1-122458178	
S1-87487154	
S1-746762810	
S1-842588565	
S1-950683319	
S1-216534941	
S1-727565449	
S1-657610290	
S1-263788884	
S1-122175822	
S1-248489508	
S1-43869499	
S1-765251832	
S1-515443391	
S1-142772954	
S1-803395743	
S1-956046495	
S1-35810206	
S1-955874653	
S1-833509729	
S1-722405541	
S1-435057280	
S1-37896478	
S1-594611891	
S1-46040481	
S1-655586445	
S1-949485338	
S1-131353725	
S1-838586681	
S1-124642163	
S1-153764542	
S1-230470130	
S1-569997786	
S1-89220815	
S1-234116447	
S1-746689441	
S1-290574951	
S1-96683101	
S1-338122720	
S1-718960728	
S1-746322153	
S1-374758217	
S1-419799488	
S1-719738705	
S1-378559141	
S1-271108545	
S1-241872401	
S1-303365350	
S1-344526876	
S1-528645096	
S1-528721761	
S1-982072156	
S1-734085632	
S1-195782995	
S1-224071893	
S1-881049906	
S1-507247253	
S1-931155343	
S1-663799949	
S1-696544701	
S1-531202362	
S1-302911184	
S1-832965663	
S1-139499658	
S1-806728499	
S1-896016852	
S1-687052902	
S1-987583664	
S1-815107760	
S1-832787851	
S1-330531768	
S1-325014928	
S1-378270331	
S1-143600833	
S1-215819861	
S1-111634627	
S1-637272153	
S1-476835906	
S1-84474811	
S1-123691736	
S1-115310499	
S1-785206071	
S1-432622889	
S1-36467930	
S1-607553430	
S1-826181353	
S1-824866474	
S1-665737114	
S1-445228247	
S1-800787297	
S1-640010211	
S1-757409856	
S1-84902252	
S1-633659047	
S1-148962019	
S1-531894568	
S1-976705120	
S1-658821768	
S1-632851074	
S1-89979	
S1-689549307	
S1-20352823	
S1-95183410	
S1-59569981	
S1-832670514	
S1-187888572	
S1-493712014	
S1-697110092	
S1-380475552	
S1-367303463	
S1-671130380	
S1-57548798	
S1-946889954	
S1-177828677	
S1-87042849	
S1-64850611	
S1-39831775	
S1-788270327	
S1-16926312	
S1-724563437	
S1-649868366	
S1-865997122	
S1-29501006	
S1-702045782	
S1-946105913	
S1-398299260	
S1-213737380	
S1-781606229	
S1-284778120	
S1-525967765	
S1-18548184	
S1-875961105	
S1-913627089	
S1-323250976	
S1-171616220	
S1-384483885	
S1-955297767	
S1-491497457	
S1-955793474	
S1-354227126	
S1-28815728	
S1-569923427	
S1-37428990	
S1-958919621	
S1-105327391	
S1-495337151	
S1-96590094	
S1-262852944	
S1-776619616	
S1-718175618	
S1-946996800	
S1-626990029	
S1-380217434	
S1-597360224	
S1-983172583	
S1-607007760	
S1-657951356	
S1-473040600	
S1-171838401	
S1-565416990	
S1-677352851	
S1-354618180	
S1-863448223	
S1-736519678	
S1-712444978	
S1-794348845	
S1-272594431	
S1-87425416	
S1-434926998	
S1-814806125	
S1-151534818	
S1-647879095	
S1-888420030	
S1-873765518	
S1-825811240	
S1-65541535	
S1-825450086	
S1-302639492	
S1-626730760	
S1-513108807	
S1-769738436	
S1-367517418	
S1-702395136	
S1-663296978	
S1-108112477	
S1-158565683	
S1-457847584	
S1-189113505	
S1-281117893	
S1-113337095	
S1-37724087	
S1-89240446	
S1-31099463	
S1-14860531	
S1-102542160	
S1-299736042	
S1-932247490	
S1-705884301	
S1-702042077	
S1-10163760	
S1-535518082	
S1-855506400	
S1-398706532	
S1-625786774	
S1-272485708	
S1-366942294	
S1-875782889	
S1-176830169	
S1-413422696	
S1-334521700	
S1-425249683	
S1-184451546	
S1-917069533	
S1-208594698	
S1-728576075	
S1-338857347	
S1-318664706	
S1-261509939	
S1-624391586	
S1-267860436	
S1-699046464	
S1-572574904	
S1-902610230	
S1-742003335	
S1-620791297	
S1-905846527	
S1-425837124	
S1-902156044	
S1-696810794	
S1-791870441	
S1-341412704	
S1-522235840	
S1-10769877	
S1-822848463	
S1-212023719	
S1-703897348	
S1-930637394	
S1-535808462	
S1-152393395	
S1-575018376	
S1-699313131	
S1-971150154	
S1-375756583	
S1-213966678	
S1-173841700	
S1-832448639	
S1-473418465	
S1-12077280	
S1-821364882	
S1-664764493	
S1-318896998	
S1-592990802	
S1-149445581	
S1-622456554	
S1-5827489	
S1-392030519	
S1-287682312	
S1-726889808	
S1-755929102	
S1-456198754	
S1-452995876	
S1-35043314	
S1-690315762	
S1-985364344	
S1-891867995	
S1-773962903	
S1-933033570	
S1-586324613	
S1-279216832	
S1-720322440	
S1-130449088	
S1-143665690	
S1-829249212	
S1-964196778	
S1-166060082	
S1-815155654	
S1-195089573	
S1-211531963	
S1-647090040	
S1-609467639	
S1-964384197	
S1-145595792	
S1-717179803	
S1-674746056	
S1-349168692	
S1-600683314	
S1-823615679	
S1-130232308	
S1-827834286	
S1-509781544	
S1-382135069	
S1-197893128	
S1-17672535	
S1-456785684	
S1-902025277	
S1-220001319	
S1-907155073	
S1-865367912	
S1-825558984	
S1-715832256	
S1-632308611	
S1-943688167	
S1-836734236	
S1-513122419	
S1-164257772	
S1-80184064	
S1-933393598	
S1-5019178	
S1-228675727	
S1-245636402	
S1-977535714	
S1-803464282	
S1-819624473	
S1-576684564	
S1-795993920	
S1-646596521	
S1-546696387	
S1-955077439	
S1-224821424	
S1-645596986	
S1-595339627	
S1-362580591	
S1-740400812	
S1-949714720	
S1-991808417	
S1-747850262	
S1-417159389	
S1-888277579	
S1-896920485	
S1-977357186	
S1-704371317	
S1-210541660	
S1-22445884	
S1-277717869	
S1-187816351	
S1-825006523	
S1-681814598	
S1-904569889	
S1-253917662	
S1-97495420	
S1-864002266	
S1-378556663	
S1-558446513	
S1-283297932	
S1-965420175	
S1-645525755	
S1-602420178	
S1-141831322	
S1-977987213	
S1-12340239	
S1-803270164	
S1-937460979	
S1-770466930	
S1-102480151	
S1-47594948	
S1-950076823	
S1-246861955	
S1-927615043	
S1-612044079	
S1-427207309	
S1-768596666	
S1-21858759	
S1-424574539	
S1-320930421	
S1-966422014	
S1-990657454	
S1-286742242	
S1-37206036	
S1-813768330	
S1-9689402	
S1-344686508	
S1-51117880	
S1-274082097	
S1-293996165	
S1-300956038	
S1-662677109	
S1-536734006	
S1-250662448	
S1-587427006	
S1-28314694	
S1-814388706	
S1-982451220	
S1-105508073	
S1-142132691	
S1-280098479	
S1-31005402	
S1-730010159	
S1-908960862	
S1-175695608	
S1-395316173	
S1-47394352	
S1-39932735	
S1-157676691	
S1-729829436	
S1-665900053	
S1-148825879	
S1-142881314	
S1-984902516	
S1-235820738	
S1-575640081	
S1-371873243	
S1-312882843	
S1-922121607	
S1-354628105	
S1-670189703	
S1-218171726	
S1-233783261	
S1-986343912	
S1-515320381	
S1-882041165	
S1-722479944	
S1-89938250	
S1-213814870	
S1-642544304	
S1-406996880	
S1-429176520	
S1-200525666	
S1-849672274	
S1-304338444	
S1-727953276	
S1-272559180	
S1-30483012	
S1-606433428	
S1-49940382	
S1-292411111	
S1-166504341	
S1-931229874	
S1-999545445	
S1-681161076	
S1-972081012	
S1-232799040	
S1-650380579	
S1-297285687	
S1-714348533	
S1-351726671	
S1-606727983	
S1-296128107	
S1-469511261	
S1-194667456	
S1-767897271	
S1-276580601	
S1-765674627	
S1-401672218	
S1-627605022	
S1-253315509	
S1-590178080	
S1-604690140	
S1-745496742	
S1-15280927	
S1-866357536	
S1-50658065	
S1-625489225	
S1-321188493	
S1-275074222	
S1-383327685	
S1-792905876	
S1-427234892	
S1-424422508	
S1-57044843	
S1-784720991	
S1-355237981	
S1-146295400	
S1-171338042	
S1-497242422	
S1-630022455	
S1-276163172	
S1-37585382	
S1-862220736	
S1-530141056	
S1-830984229	
S1-70226345	
S1-961340152	
S1-725081411	
S1-821642372	
S1-436286882	
S1-57132930	
S1-76317510	
S1-39162260	
S1-465463181	
S1-107701246	
S1-433511108	
S1-559137676	
S1-293261820	
S1-731072637	
S1-151616396	
S1-509370228	
S1-504180263	
S1-718962310	
S1-707234759	
S1-486352405	
S1-731429873	
S1-883816312	
S1-743185001	
S1-583377876	
S1-918543347	
S1-263701980	
S1-883039519	
S1-535196809	
S1-335222726	
S1-393207088	
S1-225002246	
S1-933034243	
S1-497796458	
S1-553581296	
S1-181203274	
S1-596052431	
S1-960966621	
S1-886671887	
S1-370196547	
S1-560372011	
S1-756337542	
S1-3921158	
S1-284348226	
S1-277573215	
S1-187258937	
S1-976207817	
S1-583013961	
S1-645377561	
S1-789090894	
S1-705315921	
S1-364934237	
S1-890406661	
S1-799693018	
S1-780918661	
S1-172066145	
S1-379589824	
S1-164996445	
S1-30902765	
S1-344120437	
S1-924670193	
S1-13264087	
S1-333790071	
S1-585641455	
S1-853242258	
S1-139094583	
S1-388066950	
S1-225446782	
S1-721227135	
S1-668613191	
S1-479205595	
S1-439427422	
S1-731452986	
S1-361913077	
S1-637615981	
S1-333644387	
S1-144637158	
S1-856913678	
S1-809258331	
S1-491509523	
S1-700336379	
S1-355416319	
S1-121049788	
S1-661201402	
S1-17107053	
S1-793905929	
S1-991326227	
S1-435362376	
S1-668835820	
S1-963329346	
S1-819407898	
S1-154065873	
S1-932431918	
S1-810387662	
S1-849971216	
S1-509934776	
S1-872055628	
S1-481585124	
S1-455177661	
S1-705248806	
S1-602329714	
S1-37935081	
S1-806882979	
S1-158896438	
S1-960111412	
S1-281142328	
S1-704940361	
S1-494382392	
S1-227452513	
S1-469514583	
S1-104847486	
S1-405106989	
S1-609158100	
S1-47079548	
S1-369718983	
S1-25176352	
S1-167659775	
S1-752211926	
S1-339295921	
S1-499549313	
S1-316640753	
S1-185016236	
S1-443510041	
S1-765750133	
S1-170061596	
S1-835507963	
S1-232256188	
S1-910665757	
S1-780196823	
S1-247275894	
S1-807045366	
S1-516834847	
S1-981620130	
S1-763598011	
S1-508144869	
S1-127168433	
S1-540037003	
S1-629126294	
S1-209847999	
S1-387734659	
S1-862637250	
S1-375924797	
S1-151118956	
S1-991616911	
S1-290146877	
S1-123877668	
S1-413003618	
S1-227907937	
S1-884164664	
S1-21646323	
S1-181907213	
S1-448787269	
S1-289542006	
S1-101254788	
S1-629999376	
S1-809475132	
S1-273629235	
S1-104823576	
S1-345047829	
S1-189251551	
S1-429526006	
S1-68097006	
S1-783435271	
S1-362905437	
S1-419742601	
S1-386887088	
S1-569646215	
S1-183144442	
S1-644462672	
S1-47523839	
S1-472380886	
S1-239247204	
S1-805663242	
S1-754057176	
S1-794567875	
S1-483682914	
S1-345680314	
S1-972746675	
S1-520977639	
S1-994304	
S1-36053954	
S1-818127129	
S1-89707471	
S1-3596688	
S1-361639128	
S1-886268247	
S1-344267500	
S1-135138124	
S1-869854551	
S1-552867115	
S1-907025037	
S1-548818350	
S1-478013489	
S1-449867025	
S1-717462381	
S1-888029069	
S1-314300063	
S1-37264682	
S1-233016216	
S1-950634715	
S1-13214106	
S1-772107569	
S1-355730785	
S1-142902830	
S1-87370685	
S1-688204062	
S1-660270211	
S1-470595791	
S1-132385617	
S1-431578720	
S1-964190691	
S1-390722696	
S1-203453204	
S1-721463157	
S1-744733080	
S1-4139943	
S1-934028541	
S1-812640382	
S1-844612505	
S1-561277365	
S1-542592225	
S1-177294876	
S1-595386678	
S1-362627454	
S1-753302646	
S1-579243156	
S1-322037941	
S1-583618392	
S1-822085712	
S1-328000992	
S1-121173246	
S1-571531854	
S1-194252461	
S1-86515448	
S1-422492231	
S1-95097779	
S1-450053489	
S1-702796026	
S1-45658187	
S1-762207471	
S1-191341874	
S1-28397413	
S1-277174304	
S1-71913211	
S1-689138662	
S1-521291413	
S1-175377045	
S1-262601367	
S1-503202439	
S1-568442225	
S1-298260180	
S1-439336135	
S1-104412274	
S1-246637216	
S1-15152530	
S1-608751714	
S1-543925555	
S1-152836200	
S1-248853312	
S1-991069892	
S1-686845845	
S1-745377767	
S1-819954361	
S1-480012942	
S1-613077586	
S1-516595288	
S1-918927156	
S1-733951570	
S1-736418454	
S1-140706005	
S1-5735	
S1-454369958	
S1-677159145	
S1-277883662	
S1-423860894	
S1-786917199	
S1-910861515	
S1-820509966	
S1-384366128	
S1-693011532	
S1-611255378	
S1-570077388	
S1-277615476	
S1-663775939	
S1-951271467	
S1-387724048	
S1-926544096	
S1-649265172	
S1-733014910	
S1-415279529	
S1-983482294	
S1-522115123	
S1-346906517	
S1-837665679	
S1-410303693	
S1-753118175	
S1-892373653	
S1-909534390	
S1-441605347	
S1-364865707	
S1-408763288	
S1-405806990	
S1-790109521	
S1-78979131	
S1-66726041	
S1-499308043	
S1-451583951	
S1-281342675	
S1-938456770	
S1-112609365	
S1-304213019	
S1-778861746	
S1-392026323	
S1-530365583	
S1-419971552	
S1-199366339	
S1-115979417	
S1-276201279	
S1-379001547	
S1-382615259	
S1-531085241	
S1-672227739	
S1-196809227	
S1-653606031	
S1-293372493	
S1-870080580	
S1-188813187	
S1-953566564	
S1-882888816	
S1-872882292	
S1-807590147	
S1-934182731	
S1-697224516	
S1-869718255	
S1-128091078	
S1-915038046	
S1-222495023	
S1-569017113	
S1-902233143	
S1-463243929	
S1-242717261	
S1-635964741	
S1-691203900	
S1-462422675	
S1-507868614	
S1-211322026	
S1-567698980	
S1-779447437	
S1-504928398	
S1-739507145	
S1-691744418	
S1-450909367	
S1-986539865	
S1-334194387	
S1-660765782	
S1-317439240	
S1-155727666	
S1-891845124	
S1-845145083	
S1-85548212	
S1-450976335	
S1-167951150	
S1-166075393	
S1-972556700	
S1-950939847	
S1-334539848	
S1-342661237	
S1-831794374	
S1-999366092	
S1-733926205	
S1-786024201	
S1-573192177	
S1-738926566	
S1-269047811	
S1-441600801	
S1-912331254	
S1-469222152	
S1-485709069	
S1-561978803	
S1-702356302	
S1-882902472	
S1-908518272	
S1-575736474	
S1-60886095	
S1-983304767	
S1-124290309	
S1-900081584	
S1-330269875	
S1-791351792	
S1-190792630	
S1-188695617	
S1-456517728	
S1-171642999	
S1-351359792	
S1-57664302	
S1-767564675	
S1-108489703	
S1-223505543	
S1-374716732	
S1-379975502	
S1-574662451	
S1-611777208	
S1-419005493	
S1-349896888	
S1-56232072	
S1-555504543	
S1-346955971	
S1-51000602	
S1-65200920	
S1-610165269	
S1-342538512	
S1-245373365	
S1-171395519	
S1-871772839	
S1-961747654	
S1-538002743	
S1-586941479	
S1-619178449	
S1-368204658	
S1-714031343	
S1-438178962	
S1-931258085	
S1-38377217	
S1-668787236	
S1-579487906	
S1-921930549	
S1-777741565	
S1-151207309	
S1-511283392	
S1-613202239	
S1-489093095	
S1-775664878	
S1-406402722	
S1-839026479	
S1-516760558	
S1-802618099	
S1-130297974	
S1-960797793	
S1-384248096	
S1-171227578	
S1-2353402	
S1-613474680	
S1-888004879	
S1-446582366	
S1-246959862	
S1-796898888	
S1-372231937	
S1-861286041	
S1-783745682	
S1-258325130	
S1-240337746	
S1-448297103	
S1-74827570	
S1-431342024	
S1-703180170	
S1-445311638	
S1-260469906	
S1-306771198	
S1-89949683	
S1-274923647	
S1-485102347	
S1-506482295	
S1-789222446	
S1-339128599	
S1-315844112	
S1-117887293	
S1-325731902	
S1-10486750	
S1-701071702	
S1-7393019	
S1-210598685	
S1-903450581	
S1-799928592	
S1-535242747	
S1-439124562	
S1-190581839	
S1-260140799	
S1-954446573	
S1-376193103	
S1-342465121	
S1-871324271	
S1-472695302	
S1-578451790	
S1-716928000	
S1-885705866	
S1-908099113	
S1-454112367	
S1-925125859	
S1-253197884	
S1-795072950	
S1-240523522	
S1-89195375	
S1-827470797	
S1-772341402	
S1-197206852	
S1-483512245	
S1-674808606	
S1-17563855	
S1-799179976	
S1-960686215	
S1-942139373	
S1-643290563	
S1-902234208	
S1-84669290	
S1-596683164	
S1-256266706	
S1-709772386	
S1-540405001	
S1-214523010	
S1-20426204	
S1-746678920	
S1-87214435	
S1-3410493	
S1-699379529	
S1-719206438	
S1-811204997	
S1-144904542	
S1-408890875	
S1-631526453	
S1-556574310	
S1-600947446	
S1-521331397	
S1-362281878	
S1-353617435	
S1-602267237	
S1-475789066	
S1-67684226	
S1-692217694	
S1-117697389	
S1-507645046	
S1-262544779	
S1-53271867	
S1-258047140	
S1-929168893	
S1-534183377	
S1-170134399	
S1-698424298	
S1-716966477	
S1-891342524	
S1-865725607	
S1-102222527	
S1-702187040	
S1-614647360	
S1-400951565	
S1-522617145	
S1-626059565	
S1-859759344	
S1-736797005	
S1-487450880	
S1-119227536	
S1-452737616	
S1-243166861	
S1-600889567	
S1-146020204	
S1-523815188	
S1-693168221	
S1-352994634	
S1-38286849	
S1-462723538	
S1-399808285	
S1-992402346	
S1-358550097	
S1-369392735	
S1-473890402	
S1-765080067	
S1-686507851	
S1-949442358	
S1-168422694	
S1-237721264	
S1-427320333	
S1-597713370	
S1-495397265	
S1-309926386	
S1-595458362	
S1-586263517	
S1-256469964	
S1-361014821	
S1-662940155	
S1-125850115	
S1-68983732	
S1-271520455	
S1-293738448	
S1-290180020	
S1-694455209	
S1-562019843	
S1-548055650	
S1-243426878	
S1-311519807	
S1-987521732	
S1-38429934	
S1-564416017	
S1-973066675	
S1-985279868	
S1-488469237	
S1-32013077	
S1-557576094	
S1-990875133	
S1-287970893	
S1-250287967	
S1-390055875	
S1-64888305	
S1-325468821	
S1-412978817	
S1-387546151	
S1-260414556	
S1-573345888	
S1-330684377	
S1-38119683	
S1-209390905	
S1-232774005	
S1-468374229	
S1-107678628	
S1-716627703	
S1-659322787	
S1-763175435	
S1-572408282	
S1-215936248	
S1-223593914	
S1-945511297	
S1-576878837	
S1-721050548	
S1-294072334	
S1-499685451	
S1-405316976	
S1-679333883	
S1-534626918	
S1-228566340	
S1-685589349	
S1-292894574	
S1-789040691	
S1-640066145	
S1-747140153	
S1-732641796	
S1-816269460	
S1-965991459	
S1-232108137	
S1-44973729	
S1-174808327	
S1-619973347	
S1-521547836	
S1-161013953	
S1-622553755	
S1-373103483	
S1-810971253	
S1-480955294	
S1-374992431	
S1-985367752	
S1-934008002	
S1-500549505	
S1-140906254	
S1-178266987	
S1-988596184	
S1-599392099	
S1-277481173	
S1-894755026	
S1-139194791	
S1-906569568	
S1-921389596	
S1-641794062	
S1-700974056	
S1-236385345	
S1-57803760	
S1-46952665	
S1-88488958	
S1-664544223	
S1-906754811	
S1-184446135	
S1-56573700	
S1-881553181	
S1-192927462	
S1-79052431	
S1-597129549	
S1-577010233	
S1-338507392	
S1-701442121	
S1-509225659	
S1-202332887	
S1-465601528	
S1-813863910	
S1-105903640	
S1-890939233	
S1-578489636	
S1-220640639	
S1-254945199	
S1-533755250	
S1-32400872	
S1-332111525	
S1-895125355	
S1-695812515	
S1-503003973	
S1-367254494	
S1-449861739	
S1-348983883	
S1-515500517	
S1-961233179	
S1-606146553	
S1-970318091	
S1-106536915	
S1-468203282	
S1-665755847	
S1-445934149	
S1-516853419	
S1-530004766	
S1-670051507	
S1-846646236	
S1-239899881	
S1-396250785	
S1-14784734	
S1-647689161	
S1-116500883	
S1-111839815	
S1-859370161	
S1-836764916	
S1-689358124	
S1-821149318	
S1-226130777	
S1-324033178	
S1-713255618	
S1-475980785	
S1-16474473	
S1-642216029	
S1-509137611	
S1-241380160	
S1-995044020	
S1-931604850	
S1-503321857	
S1-60423858	
S1-582717256	
S1-83581536	
S1-761823239	
S1-315809101	
S1-122785276	
S1-404854627	
S1-903967064	
S1-306044008	
S1-965651930	
S1-366319745	
S1-150634235	
S1-502792754	
S1-212939862	
S1-341113385	
S1-619987788	
S1-271849413	
S1-425096840	
S1-72097560	
S1-842084970	
S1-620357938	
S1-19828404	
S1-475747305	
S1-11645457	
S1-254333710	
S1-97161255	
S1-813910838	
S1-215277855	
S1-654288750	
S1-716000793	
S1-271969879	
S1-555464024	
S1-745912331	
S1-640116602	
S1-227789285	
S1-977125312	
S1-657395056	
S1-572642856	
S1-526514893	
S1-591278981	
S1-89469245	
S1-711972904	
S1-741253781	
S1-385899852	
S1-508709405	
S1-648259299	
S1-881265434	
S1-737052296	
S1-297880299	
S1-885865910	
S1-332204136	
S1-239279912	
S1-639222576	
S1-818291689	
S1-755172846	
S1-452940721	
S1-237536924	
S1-491274314	
S1-589784219	
S1-409291288	
S1-842690565	
S1-753077118	
S1-574611949	
S1-653179602	
S1-35907861	
S1-459027536	
S1-397865542	
S1-755490258	
S1-131127514	
S1-494191078	
S1-500524143	
S1-691760834	
S1-924855608	
S1-915837962	
S1-673162531	
S1-857277749	
S1-726880587	
S1-845343018	
S1-276272228	
S1-981003106	
S1-237265271	
S1-138983379	
S1-210220130	
S1-891537464	
S1-511442366	
S1-750943283	
S1-360074512	
S1-776094141	
S1-163315464	
S1-135766935	
S1-758814827	
S1-344863919	
S1-92309798	
S1-260415257	
S1-769489723	
S1-980222560	
S1-389522616	
S1-236507696	
S1-711094679	
S1-467356931	
S1-291445587	
S1-700626551	
S1-719856566	
S1-879288348	
S1-970002018	
S1-216307767	
S1-515194669	
S1-699546501	
S1-429649220	
S1-869834191	
S1-992811318	
S1-325160976	
S1-757119834	
S1-320358187	
S1-801034807	
S1-554777380	
S1-82095734	
S1-274985400	
S1-792300255	
S1-108571003	
S1-321300854	
S1-188909881	
S1-802158044	
S1-800411034	
S1-476946598	
S1-712136534	
S1-60329395	
S1-642231518	
S1-869252422	
S1-412892061	
S1-432369937	
S1-249374545	
S1-40050163	
S1-726303660	
S1-900929237	
S1-758777204	
S1-267900411	
S1-332366732	
S1-522603432	
S1-320131735	
S1-118045011	
S1-337215291	
S1-274267738	
S1-291126809	
S1-855481573	
S1-959661540	
S1-119718288	
S1-154231257	
S1-140388085	
S1-448199357	
S1-309106486	
S1-755347047	
S1-635226606	
S1-894374264	
S1-151022810	
S1-98305863	
S1-781457594	
S1-922910045	
S1-655841355	
S1-571522451	
S1-436464537	
S1-393066159	
S1-64583178	
S1-312228101	
S1-903161603	
S1-359861334	
S1-660465349	
S1-432402193	
S1-864493595	
S1-512417020	
S1-25557216	
S1-74170581	
S1-788456604	
S1-497002710	
S1-162711712	
S1-174109663	
S1-189151367	
S1-20006347	
S1-110909808	
S1-911839106	
S1-660288781	
S1-791160901	
S1-50567804	
S1-535046397	
S1-907300787	
S1-980155120	
S1-635279754	
S1-658377345	
S1-682346037	
S1-586100806	
S1-714426607	
S1-496978184	
S1-710838024	
S1-856764220	
S1-719885019	
S1-388214755	
S1-760586553	
S1-469150490	
S1-983554261	
S1-720810528	
S1-970724705	
S1-590328709	
S1-955517125	
S1-925083793	
S1-581386061	
S1-171109691	
S1-755010709	
S1-418345437	
S1-445900063	
S1-353185469	
S1-637344480	
S1-769990993	
S1-829479910	
S1-808143729	
S1-772390847	
S1-769606330	
S1-711303992	
S1-680589533	
S1-630121666	
S1-66599404	
S1-655525515	
S1-313422633	
S1-18200902	
S1-439498894	
S1-304939755	
S1-581161950	
S1-325839510	
S1-267133191	
S1-879227132	
S1-110385889	
S1-103668732	
S1-82776461	
S1-964820253	
S1-335180688	
S1-855258120	
S1-122790594	
S1-660754892	
S1-880724571	
S1-803753728	
S1-414332969	
S1-31959898	
S1-484633463	
S1-257434011	
S1-763570490	
S1-106522938	
S1-69018524	
S1-863134954	
S1-398400841	
S1-296962052	
S1-840576990	
S1-787612056	
S1-264962457	
S1-309337433	
S1-638416710	
S1-382001550	
S1-923695333	
S1-410374091	
S1-562292107	
S1-518086002	
S1-756492820	
S1-51624887	
S1-724885338	
S1-653437999	
S1-239142628	
S1-255526901	
S1-921059180	
S1-448948708	
S1-328523130	
S1-835142155	
S1-731861509	
S1-643892319	
S1-376205298	
S1-556388286	
S1-245968862	
S1-724450013	
S1-573450964	
S1-212641167	
S1-649158382	
S1-728488212	
S1-917806478	
S1-657472627	
S1-880454203	
S1-182439940	
S1-297917262	
S1-686102363	
S1-649307976	
S1-222155622	
S1-194943534	
S1-523361428	
S1-983252465	
S1-822235050	
S1-330328503	
S1-208147969	
S1-687406084	
S1-353922123	
S1-606270502	
S1-162207527	
S1-839496567	
S1-20042391	
S1-810271908	
S1-236378483	
S1-113008568	
S1-505893236	
S1-52229371	
S1-994943634	
S1-56603131	
S1-675734374	
S1-344069228	
S1-896224661	
S1-471280290	
S1-458966597	
S1-486880588	
S1-495759983	
S1-439248765	
S1-414631313	
S1-532744573	
S1-369521029	
S1-175018	
S1-183941085	
S1-525001127	
S1-288756984	
S1-635406042	
S1-843384019	
S1-327824976	
S1-443524804	
S1-198778224	
S1-855184557	
S1-786032413	
S1-723465707	
S1-512563922	
S1-642483785	
S1-965212459	
S1-572536686	
S1-280985741	
S1-289497669	
S1-566947787	
S1-589821694	
S1-605467894	
S1-628506027	
S1-410612312	
S1-823366532	
S1-708412536	
S1-970079788	
S1-683489308	
S1-121138653	
S1-655578468	
S1-702360829	
S1-194085686	
S1-720223024	
S1-841776316	
S1-176933625	
S1-950068973	
S1-719479766	
S1-688406205	
S1-776131458	
S1-749335099	
S1-171398785	
S1-218104227	
S1-983324484	
S1-632153476	
S1-685712571	
S1-608149134	
S1-923709444	
S1-704263500	
S1-167092034	
S1-576305238	
S1-508318870	
S1-33878215	
S1-936781372	
S1-771961654	
S1-707823913	
S1-653882355	
S1-500744174	
S1-530288577	
S1-657041258	
S1-334716868	
S1-778609781	
S1-960768120	
S1-872441019	
S1-15929677	
S1-596473783	
S1-894392413	
S1-244201568	
S1-35521429	
S1-551761304	
S1-327966739	
S1-517105798	
S1-536847968	
S1-546340365	
S1-205035953	
S1-452418706	
S1-925517682	
S1-808139524	
S1-55567835	
S1-546689921	
S1-805102211	
S1-747880875	
S1-752428037	
S1-766167037	
S1-374417464	
S1-188240318	
S1-370304222	
S1-520900084	
S1-380021607	
S1-327069775	
S1-980145789	
S1-876107269	
S1-750770882	
S1-70603674	
S1-525792641	
S1-81279707	
S1-124974886	
S1-392148591	
S1-406445989	
S1-34592968	
S1-710292510	
S1-905217151	
S1-228654078	
S1-627728384	
S1-465414671	
S1-449576820	
S1-707593070	
S1-187635796	
S1-780433114	
S1-869257048	
S1-265826401	
S1-496372061	
S1-475312810	
S1-643547527	
S1-821359440	
S1-553108317	
S1-57298896	
S1-47258709	
S1-50061695	
S1-119561184	
S1-704823119	
S1-864186082	
S1-728525061	
S1-983958419	
S1-117270036	
S1-525045872	
S1-81577214	
S1-436496778	
S1-404519146	
S1-168787376	
S1-772475767	
S1-89576430	
S1-659454883	
S1-71590011	
S1-503976412	
S1-277008751	
S1-240965787	
S1-546362229	
S1-399251698	
S1-396217861	
S1-164670370	
S1-645256221	
S1-273738532	
S1-981498878	
S1-577315814	
S1-708320135	
S1-548742614	
S1-98036971	
S1-59243560	
S1-287973160	
S1-325674013	
S1-595478741	
S1-453796358	
S1-798590786	
S1-817660217	
S1-153651439	
S1-350872024	
S1-984964779	
S1-828408281	
S1-433670009	
S1-91017379	
S1-666895790	
S1-40602587	
S1-445966446	
S1-668270505	
S1-375313248	
S1-686098922	
S1-191193292	
S1-791591129	
S1-367891473	
S1-406351474	
S1-194081576	
S1-64774098	
S1-829309157	
S1-287350591	
S1-179432098	
S1-326575680	
S1-945846860	
S1-229194048	
S1-755384844	
S1-371322496	
S1-410720346	
S1-243498569	
S1-853859601	
S1-916438842	
S1-265511321	
S1-971602954	
S1-642289769	
S1-733562452	
S1-723217217	
S1-843121975	
S1-661898380	
S1-727974998	
S1-931404701	
S1-982568416	
S1-7764029	
S1-938408864	
S1-727053621	
S1-452451179	
S1-835725781	
S1-717993452	
S1-151271812	
S1-402982980	
S1-85541524	
S1-779327902	
S1-359419364	
S1-319208076	
S1-749692393	
S1-477687629	
S1-537841694	
S1-687724405	
S1-828741601	
S1-742047562	
S1-590535851	
S1-127849851	
S1-244078336	
S1-839108887	
S1-65154734	
S1-298155321	
S1-617902599	
S1-117172689	
S1-754022675	
S1-954299804	
S1-182914004	
S1-534516381	
S1-595446286	
S1-280306145	
S1-668090439	
S1-222018437	
S1-565026909	
S1-657984856	
S1-440102022	
S1-387899618	
S1-652493057	
S1-59932564	
S1-229938510	
S1-819224264	
S1-107729001	
S1-535665983	
S1-444196197	
S1-197099512	
S1-232615606	
S1-753936347	
S1-821547287	
S1-571193826	
S1-748720511	
S1-520680839	
S1-400772637	
S1-971355096	
S1-277012461	
S1-86625346	
S1-228980955	
S1-459711816	
S1-678866603	
S1-44543523	
S1-447043765	
S1-104037429	
S1-663319542	
S1-947115272	
S1-435212790	
S1-656546894	
S1-787075554	
S1-294629602	
S1-371441693	
S1-548934912	
S1-553686893	
S1-717079852	
S1-214571069	
S1-318376541	
S1-698114780	
S1-649241207	
S1-722137142	
S1-982708092	
S1-127180360	
S1-770550769	
S1-608433350	
S1-875517262	
S1-721514370	
S1-690384783	
S1-660528573	
S1-542609694	
S1-780075893	
S1-557510192	
S1-576575173	
S1-515964425	
S1-779408060	
S1-716856347	
S1-661340652	
S1-43041607	
S1-583392540	
S1-732667835	
S1-353500177	
S1-954466196	
S1-641484914	
S1-269780722	
S1-659905553	
S1-65052943	
S1-840059252	
S1-637339731	
S1-400529209	
S1-570113107	
S1-888555267	
S1-98613599	
S1-590503922	
S1-899910358	
S1-360029225	
S1-102420172	
S1-872727604	
S1-71305459	
S1-705945280	
S1-120712934	
S1-47094148	
S1-39386245	
S1-194880770	
S1-257915328	
S1-576833662	
S1-414930014	
S1-74770545	
S1-955727219	
S1-727655722	
S1-432252457	
S1-578162640	
S1-61175173	
S1-874058807	
S1-501389615	
S1-898799145	
S1-256070418	
S1-846638670	
S1-910925713	
S1-418167355	
S1-619938399	
S1-826898834	
S1-516601526	
S1-624098468	
S1-327390499	
S1-433075889	
S1-630697335	
S1-564362094	
S1-539246101	
S1-216075145	
S1-695607786	
S1-282033917	
S1-251180718	
S1-485854825	
S1-521953343	
S1-968345646	
S1-587102741	
S1-45584060	
S1-50583144	
S1-984652568	
S1-259497164	
S1-214262310	
S1-324916863	
S1-900585643	
S1-864457143	
S1-751760518	
S1-711836231	
S1-616238114	
S1-515669429	
S1-445339747	
S1-514089809	
S1-331024317	
S1-508213063	
S1-902731034	
S1-784555375	
S1-319465922	
S1-121270028	
S1-333127006	
S1-717361273	
S1-808586187	
S1-810525055	
S1-930828452	
S1-925801907	
S1-576731478	
S1-302296029	
S1-404269311	
S1-876258626	
S1-665645890	
S1-609276358	
S1-423850147	
S1-919098024	
S1-349202482	
S1-838758670	
S1-434454245	
S1-520072261	
S1-88497066	
S1-698161773	
S1-893741180	
S1-834115937	
S1-309358182	
S1-304704195	
S1-663252812	
S1-889878287	
S1-716975369	
S1-334569728	
S1-973179471	
S1-700696599	
S1-281193577	
S1-995254728	
S1-586455893	
S1-117399551	
S1-306425492	
S1-789822220	
S1-956560424	
S1-296009622	
S1-135581802	
S1-505082294	
S1-85527446	
S1-332253627	
S1-578258855	
S1-280066999	
S1-434574771	
S1-349656584	
S1-536044141	
S1-138953331	
S1-675314238	
S1-735701693	
S1-604440974	
S1-760508321	
S1-95386923	
S1-514213986	
S1-955718304	
S1-24535542	
S1-290673279	
S1-86895246	
S1-234074821	
S1-134424801	
S1-898809636	
S1-471271122	
S1-834566083	
S1-26166324	
S1-554631787	
S1-276054115	
S1-182582106	
S1-214534013	
S1-31275648	
S1-25628666	
S1-374648508	
S1-281795303	
S1-622341332	
S1-340324912	
S1-263376191	
S1-107320267	
S1-979410701	
S1-165514969	
S1-787700731	
S1-305618376	
S1-130689488	
S1-400780493	
S1-648931962	
S1-404459695	
S1-239729779	
S1-318812805	
S1-179951577	
S1-148178591	
S1-746096201	
S1-443377728	
S1-579401280	
S1-6798882	
S1-411134423	
S1-321272613	
S1-880593800	
S1-700899832	
S1-497177382	
S1-193357441	
S1-806692839	
S1-984348658	
S1-27768633	
S1-893175469	
S1-298693862	
S1-153194072	
S1-598730411	
S1-804252861	
S1-731269302	
S1-898178568	
S1-54634358	
S1-117001177	
S1-834053098	
S1-239749434	
S1-757956282	
S1-149307574	
S1-984131926	
S1-937384389	
S1-812721166	
S1-150076847	
S1-55757093	
S1-943796653	
S1-261396111	
S1-56829552	
S1-80627600	
S1-285459018	
S1-834532261	
S1-192042033	
S1-789097776	
S1-561083281	
S1-321497206	
S1-225767591	
S1-770249786	
S1-811161560	
S1-386443877	
S1-809460488	
S1-844799327	
S1-748714067	
S1-934973711	
S1-55549973	
S1-441387178	
S1-93030807	
S1-329081364	
S1-616194703	
S1-433222268	
S1-262851409	
S1-489165967	
S1-937489963	
S1-727065460	
S1-980422279	
S1-81377886	
S1-506397527	
S1-992705956	
S1-990953309	
S1-979521531	
S1-192114132	
S1-381641725	
S1-752617062	
S1-691383262	
S1-156557967	
S1-788112146	
S1-365008776	
S1-785143425	
S1-872347106	
S1-679864008	
S1-593147254	
S1-811309989	
S1-970398261	
S1-754042415	
S1-610164122	
S1-131662721	
S1-656822300	
S1-996461015	
S1-508719693	
S1-60473236	
S1-801391957	
S1-426510852	
S1-448973237	
S1-545052141	
S1-349873839	
S1-291568988	
S1-515815675	
S1-25993268	
S1-503078527	
S1-915243213	
S1-946772966	
S1-230481997	
S1-704855546	
S1-98239179	
S1-763000076	
S1-663629128	
S1-995934875	
S1-874459057	
S1-813715769	
S1-712987488	
S1-629801203	
S1-42916589	
S1-73564919	
S1-873373452	
S1-506062623	
S1-739075915	
S1-667655965	
S1-954102537	
S1-676135982	
S1-26511597	
S1-152149001	
S1-536079229	
S1-980571025	
S1-432776973	
S1-951606778	
S1-523944351	
S1-852160337	
S1-965998645	
S1-285398755	
S1-769447450	
S1-535450473	
S1-787977841	
S1-714535876	
S1-364003970	
S1-909386789	
S1-61503655	
S1-744580854	
S1-641421053	
S1-608806456	
S1-670365564	
S1-164774483	
S1-868766314	
S1-259698514	
S1-698774497	
S1-343928152	
S1-680143071	
S1-186824883	
S1-976969149	
S1-314431599	
S1-300458443	
S1-560144542	
S1-544293670	
S1-924723572	
S1-570983578	
S1-947051708	
S1-927226830	
S1-155719968	
S1-502146104	
S1-58305919	
S1-483702520	
S1-829006076	
S1-362385130	
S1-466130910	
S1-329892021	
S1-441896426	
S1-336320068	
S1-746436860	
S1-970296868	
S1-814481598	
S1-897168578	
S1-428354958	
S1-955734948	
S1-776683844	
S1-214446575	
S1-183532983	
S1-282269270	
S1-531833393	
S1-677573337	
S1-191830193	
S1-381753293	
S1-520517233	
S1-180716130	
S1-648669824	
S1-602397038	
S1-518718622	
S1-524236719	
S1-456909796	
S1-986100021	
S1-212910977	
S1-654175943	
S1-430329806	
S1-481107915	
S1-532569194	
S1-632362168	
S1-177657796	
S1-431773915	
S1-91639654	
S1-714249959	
S1-246755724	
S1-979353611	
S1-751535472	
S1-251074719	
S1-509089646	
S1-823924539	
S1-787478115	
S1-350955346	
S1-154964281	
S1-359248342	
S1-22649116	
S1-4389345	
S1-857427112	
S1-518904293	
S1-219716282	
S1-631560400	
S1-683654978	
S1-279486650	
S1-358226757	
S1-119494497	
S1-57028513	
S1-687992909	
S1-637008415	
S1-872456819	
S1-371563491	
S1-587945007	
S1-356936484	
S1-600727776	
S1-472236059	
S1-933877596	
S1-804307101	
S1-738679303	
S1-134245591	
S1-374914667	
S1-730068473	
S1-249820320	
S1-540960034	
S1-738257903	
S1-585609116	
S1-348754228	
S1-952817913	
S1-584550625	
S1-710834716	
S1-755733244	
S1-286116549	
S1-290368237	
S1-358766283	
S1-834002643	
S1-198757724	
S1-687159238	
S1-881437349	
S1-896743465	
S1-54656600	
S1-241865042	
S1-891030797	
S1-76050546	
S1-945077822	
S1-512019620	
S1-965042908	
S1-364325973	
S1-942584539	
S1-897339467	
S1-217886227	
S1-412318867	
S1-881128068	
S1-775466736	
S1-8284161	
S1-295655127	
S1-853035112	
S1-796430623	
S1-485529393	
S1-195367812	
S1-512545106	
S1-571499296	
S1-58824233	
S1-356207113	
S1-457705221	
S1-829333676	
S1-346700144	
S1-489417537	
S1-865278852	
S1-313186080	
S1-920300852	
S1-773494995	
S1-508183411	
S1-431892628	
S1-198525953	
S1-674465801	
S1-519668864	
S1-58612655	
S1-749361167	
S1-84637373	
S1-943541401	
S1-219055946	
S1-625788048	
S1-41876077	
S1-369301459	
S1-351319841	
S1-767069202	
S1-309110645	
S1-243999279	
S1-133699837	
S1-757831121	
S1-436244740	
S1-602783520	
S1-218662473	
S1-680267304	
S1-187933225	
S1-408762869	
S1-560939375	
S1-783821487	
S1-718830548	
S1-630945992	
S1-305215057	
S1-673315482	
S1-672424772	
S1-25921661	
S1-876562717	
S1-304589817	
S1-316489164	
S1-43631788	
S1-88064430	
S1-81888851	
S1-228858537	
S1-208069463	
S1-137804191	
S1-538421093	
S1-142440929	
S1-721280804	
S1-402580281	
S1-183994158	
S1-348825286	
S1-614440608	
S1-441458522	
S1-386892583	
S1-505491918	
S1-615884243	
S1-643700689	
S1-339238375	
S1-126229573	
S1-405389468	
S1-111284646	
S1-588350765	
S1-852998647	
S1-205973025	
S1-167065629	
S1-143202575	
S1-682704568	
S1-271563198	
S1-349237267	
S1-920250028	
S1-235255148	
S1-695324097	
S1-208883989	
S1-21247401	
S1-407792189	
S1-26965880	
S1-360647522	
S1-993731847	
S1-594580449	
S1-81219350	
S1-361418621	
S1-403624042	
S1-674883109	
S1-283537598	
S1-280393212	
S1-227827032	
S1-942260714	
S1-399875151	
S1-263260881	
S1-378211174	
S1-165918783	
S1-46953043	
S1-999126463	
S1-623432040	
S1-595545377	
S1-476578144	
S1-750874082	
S1-64794000	
S1-862400156	
S1-255788453	
S1-255445420	
S1-30468239	
S1-978989669	
S1-129400528	
S1-997629843	
S1-142344296	
S1-522414143	
S1-612502039	
S1-687827284	
S1-61521335	
S1-38937292	
S1-52413480	
S1-535195320	
S1-57064949	
S1-80968496	
S1-716173738	
S1-518911816	
S1-824561554	
S1-411576946	
S1-723387276	
S1-118293366	
S1-482783499	
S1-306190083	
S1-682112529	
S1-991264980	
S1-898314656	
S1-439046859	
S1-16620928	
S1-841626543	
S1-98188349	
S1-771266237	
S1-159679367	
S1-823028570	
S1-141466404	
S1-729514777	
S1-812200045	
S1-47096877	
S1-79000277	
S1-938768093	
S1-915471112	
S1-471217954	
S1-730804537	
S1-949132957	
S1-212970921	
S1-195447647	
S1-10357124	
S1-488115025	
S1-988289549	
S1-734679061	
S1-262169679	
S1-999734724	
S1-26261790	
S1-703481788	
S1-169975568	
S1-957164021	
S1-931087318	
S1-490897669	
S1-120589094	
S1-842596528	
S1-93607912	
S1-376676026	
S1-934887895	
S1-706474498	
S1-48462978	
S1-923985242	
S1-236713429	
S1-248802639	
S1-776518844	
S1-155884400	
S1-553767734	
S1-745302908	
S1-689898556	
S1-78850835	
S1-898273475	
S1-754456325	
S1-120895687	
S1-667673014	
S1-869390267	
S1-16993091	
S1-744518952	
S1-497375695	
S1-885382737	
S1-487096975	
S1-547693169	
S1-141131082	
S1-968959879	
S1-456367236	
S1-126030322	
S1-934888245	
S1-206485864	
S1-74725137	
S1-174985991	
S1-330671530	
S1-157064270	
S1-29324474	
S1-756524886	
S1-566705473	
S1-665209888	
S1-421035825	
S1-148760392	
S1-239712902	
S1-662885324	
S1-181029685	
S1-28970406	
S1-569821124	
S1-980574576	
S1-912854303	
S1-331638611	
S1-192240227	
S1-301935743	
S1-583646282	
S1-55004183	
S1-112638406	
S1-578956444	
S1-349280946	
S1-394027956	
S1-382469059	
S1-884022739	
S1-710337693	
S1-21858969	
S1-518303428	
S1-580673619	
S1-928031054	
S1-142444401	
S1-624103730	
S1-340115463	
S1-971805857	
S1-98494701	
S1-981193744	
S1-850564502	
S1-252019518	
S1-193851798	
S1-494668046	
S1-334625915	
S1-252496335	
S1-406448376	
S1-403684527	
S1-153043075	
S1-340540867	
S1-364572372	
S1-264693946	
S1-776613964	
S1-194552336	
S1-72514444	
S1-84417010	
S1-600905752	
S1-939369528	
S1-876092558	
S1-828692980	
S1-752992025	
S1-354513125	
S1-497088759	
S1-700053161	
S1-930499434	
S1-75998001	
S1-164354788	
S1-358193163	
S1-644675897	
S1-464819200	
S1-828942470	
S1-137718847	
S1-375573283	
S1-82081401	
S1-847081633	
S1-725234565	
S1-838769957	
S1-766178362	
S1-487561506	
S1-576947319	
S1-178312565	
S1-14627783	
S1-953163004	
S1-957691698	
S1-310315477	
S1-111884527	
S1-394123864	
S1-130134427	
S1-320725081	
S1-218568712	
S1-536293266	
S1-976760867	
S1-966763090	
S1-643299052	
S1-804268909	
S1-116185304	
S1-136161693	
S1-301335342	
S1-352569757	
S1-142743731	
S1-654913325	
S1-77463767	
S1-36458705	
S1-227826148	
S1-965565072	
S1-349840318	
S1-139356931	
S1-595918392	
S1-690312158	
S1-332724511	
S1-18890132	
S1-23774854	
S1-348716692	
S1-121893411	
S1-385589513	
S1-771772080	
S1-368977390	
S1-570891830	
S1-249473678	
S1-132268356	
S1-396384718	
S1-240757244	
S1-846970420	
S1-434226895	
S1-574384564	
S1-836091115	
S1-309730917	
S1-149118152	
S1-443917264	
S1-660714547	
S1-358423507	
S1-648020676	
S1-136191790	
S1-878862363	
S1-579268151	
S1-113640854	
S1-846726069	
S1-265800620	
S1-377637216	
S1-869295318	
S1-805597212	
S1-236177218	
S1-131620262	
S1-776764944	
S1-697384073	
S1-380318199	
S1-486134758	
S1-96274438	
S1-823528183	
S1-625041866	
S1-733464702	
S1-891247434	
S1-705164379	
S1-970894244	
S1-491125027	
S1-489893276	
S1-725313123	
S1-97835920	
S1-933834743	
S1-321486066	
S1-11683550	
S1-449208901	
S1-384226164	
S1-407803669	
S1-569217701	
S1-809729967	
S1-279739026	
S1-690081851	
S1-817242463	
S1-324961113	
S1-770952587	
S1-862166292	
S1-246769729	
S1-493944397	
S1-187542904	
S1-441105235	
S1-767462515	
S1-63047322	
S1-550118921	
S1-404494271	
S1-695486924	
S1-680975024	
S1-413411053	
S1-279472937	
S1-205363612	
S1-886415356	
S1-274101781	
S1-608212209	
S1-764261694	
S1-627817095	
S1-126857603	
S1-222886622	
S1-107762214	
S1-748979766	
S1-62903489	
S1-881446222	
S1-563577512	
S1-427806439	
S1-954854372	
S1-211043717	
S1-896702727	
S1-414763617	
S1-724578146	
S1-474580902	
S1-600367286	
S1-779339756	
S1-726699169	
S1-544239596	
S1-990054767	
S1-981265102	
S1-38028777	
S1-367269065	
S1-16981547	
S1-952415882	
S1-48665058	
S1-327516945	
S1-427007104	
S1-889805190	
S1-903865562	
S1-771655285	
S1-813474715	
S1-975799017	
S1-386876732	
S1-177311880	
S1-709151357	
S1-705707875	
S1-479696725	
S1-615599604	
S1-868422067	
S1-80081292	
S1-388484827	
S1-807103343	
S1-183264090	
S1-937556930	
S1-965318269	
S1-289268066	
S1-759218120	
S1-612275364	
S1-615056597	
S1-508024333	
S1-393269653	
S1-267260179	
S1-667030993	
S1-414082285	
S1-448835265	
S1-723687091	
S1-303838749	
S1-923084189	
S1-392518308	
S1-274933495	
S1-468901554	
S1-510140507	
S1-859749238	
S1-454685865	
S1-774667048	
S1-726803018	
S1-925432626	
S1-758149780	
S1-837062215	
S1-15749497	
S1-922084305	
S1-958363013	
S1-665714266	
S1-434202631	
S1-835191282	
S1-863954638	
S1-647794474	
S1-946974975	
S1-345142292	
S1-334110765	
S1-106281598	
S1-965251858	
S1-537342991	
S1-662803595	
S1-369369415	
S1-149476623	
S1-421004597	
S1-319779237	
S1-24326500	
S1-521244635	
S1-581381181	
S1-425452748	
S1-160838360	
S1-665945394	
S1-422348522	
S1-227985251	
S1-669352924	
S1-123694028	
S1-793012682	
S1-232490990	
S1-554022180	
S1-882170456	
S1-425020191	
S1-503795659	
S1-318018963	
S1-342112527	
S1-899363440	
S1-861795693	
S1-671296004	
S1-820341069	
S1-542802481	
S1-790418874	
S1-606760586	
S1-990751209	
S1-718722845	
S1-279744104	
S1-152055233	
S1-466879920	
S1-879576576	
S1-51581625	
S1-805115496	
S1-163151196	
S1-53500814	
S1-559185615	
S1-661584637	
S1-914848850	
S1-409706404	
S1-122139034	
S1-769395132	
S1-948225084	
S1-788716886	
S1-551956108	
S1-144769232	
S1-976681261	
S1-567657225	
S1-253435493	
S1-956700658	
S1-562600844	
S1-826740372	
S1-266028627	
S1-426112017	
S1-553027128	
S1-788951040	
S1-409384431	
S1-584990297	
S1-181932754	
S1-633944659	
S1-192439561	
S1-543924631	
S1-54044724	
S1-152795042	
S1-39612346	
S1-476883136	
S1-780880193	
S1-814008313	
S1-316231667	
S1-537638562	
S1-423137270	
S1-887164660	
S1-541887707	
S1-315351668	
S1-192410097	
S1-814240315	
S1-642835951	
S1-995593235	
S1-574908663	
S1-724428738	
S1-117751041	
S1-291754403	
S1-942646713	
S1-869327505	
S1-947139152	
S1-432369940	
S1-501047212	
S1-277634065	
S1-877415781	
S1-24519478	
S1-73395213	
S1-832435519	
S1-434786157	
S1-762781176	
S1-674017996	
S1-295433254	
S1-327659615	
S1-387146609	
S1-827559516	
S1-815763667	
S1-780109543	
S1-638372597	
S1-894712666	
S1-392366533	
S1-487486725	
S1-471411100	
S1-859737438	
S1-482097673	
S1-824335570	
S1-568746404	
S1-299949403	
S1-219755475	
S1-545866673	
S1-638529889	
S1-685227703	
S1-454034007	
S1-984196519	
S1-216167393	
S1-931064901	
S1-103702878	
S1-559459653	
S1-11628520	
S1-426821349	
S1-592004584	
S1-637164916	
S1-152462469	
S1-231556287	
S1-797994353	
S1-699331505	
S1-425624067	
S1-114678614	
S1-659739188	
S1-717099531	
S1-756424766	
S1-983828968	
S1-774941273	
S1-260045012	
S1-238274296	
S1-973119726	
S1-536370003	
S1-222601087	
S1-279490861	
S1-969512549	
S1-682851335	
S1-369123267	
S1-154564828	
S1-909238573	
S1-174398677	
S1-874623546	
S1-529296706	
S1-279211988	
S1-122253984	
S1-741442067	
S1-752694570	
S1-215166324	
S1-480449143	
S1-935932645	
S1-351318789	
S1-461721460	
S1-551899086	
S1-348386261	
S1-94775121	
S1-112426752	
S1-470119992	
S1-335982163	
S1-166475923	
S1-420809562	
S1-430426344	
S1-145300236	
S1-872623822	
S1-707712806	
S1-19091134	
S1-947201849	
S1-69801141	
S1-273136301	
S1-291318475	
S1-21953580	
S1-274804932	
S1-8302536	
S1-19205900	
S1-257664608	
S1-704967992	
S1-844403959	
S1-301951507	
S1-969719031	
S1-143068573	
S1-881307581	
S1-820290422	
S1-192484221	
S1-652951985	
S1-747049912	
S1-982076687	
S1-182458336	
S1-261014375	
S1-508983787	
S1-780382600	
S1-21754163	
S1-335053981	
S1-655431022	
S1-337080445	
S1-917573835	
S1-2427289	
S1-445800738	
S1-137853970	
S1-423479798	
S1-476036289	
S1-973414378	
S1-969383511	
S1-353341224	
S1-273051905	
S1-873448595	
S1-689514514	
S1-915646629	
S1-331316883	
S1-108335094	
S1-398364053	
S1-829735573	
S1-45826917	
S1-811709460	
S1-618005562	
S1-989256251	
S1-711526792	
S1-222741994	
S1-309827824	
S1-407560179	
S1-580725813	
S1-616508892	
S1-161288226	
S1-983383902	
S1-367013218	
S1-562310595	
S1-327546599	
S1-575040222	
S1-237917952	
S1-196584416	
S1-653294749	
S1-743508492	
S1-199782495	
S1-534998357	
S1-632199702	
S1-416625858	
S1-164339313	
S1-6805763	
S1-866205879	
S1-926311595	
S1-198062620	
S1-694088506	
S1-405752929	
S1-815033015	
S1-848964724	
S1-429066754	
S1-833721296	
S1-995156369	
S1-788888234	
S1-720631632	
S1-459027251	
S1-416325531	
S1-197912538	
S1-716135625	
S1-340606970	
S1-641637824	
S1-673429741	
S1-774899914	
S1-526588986	
S1-639497217	
S1-953120812	
S1-88308789	
S1-266090114	
S1-260462677	
S1-384481111	
S1-348276653	
S1-660490062	
S1-243195603	
S1-168812984	
S1-500342856	
S1-80655276	
S1-549822103	
S1-861987409	
S1-345669855	
S1-161608987	
S1-772811714	
S1-474259257	
S1-740727163	
S1-666495704	
S1-759710383	
S1-506310114	
S1-615321797	
S1-432381964	
S1-268368273	
S1-969321446	
S1-412230679	
S1-895402583	
S1-346829429	
S1-835046657	
S1-576483933	
S1-168006060	
S1-53985682	
S1-181493116	
S1-540475298	
S1-449199867	
S1-834146302	
S1-859954544	
S1-915213545	
S1-243195730	
S1-203046941	
S1-474244345	
S1-618228461	
S1-682424778	
S1-773932930	
S1-451405023	
S1-366250065	
S1-467955625	
S1-369214305	
S1-168846407	
S1-270040286	
S1-972147331	
S1-188918466	
S1-12401877	
S1-369694141	
S1-410049107	
S1-426534386	
S1-908418724	
S1-314946942	
S1-187580275	
S1-179502856	
S1-884569893	
S1-162529380	
S1-24189470	
S1-403754681	
S1-94456855	
S1-385472176	
S1-33341773	
S1-515915192	
S1-711729776	
S1-509225149	
S1-800488434	
S1-898425729	
S1-102324192	
S1-3713502	
S1-338400532	
S1-220913937	
S1-796765560	
S1-786584845	
S1-204481658	
S1-558133936	
S1-321895554	
S1-762754948	
S1-475218538	
S1-854182019	
S1-73477073	
S1-883889893	
S1-787132673	
S1-358638691	
S1-8860402	
S1-564867807	
S1-24966181	
S1-931881860	
S1-568702511	
S1-157788009	
S1-130366006	
S1-689897002	
S1-857306744	
S1-310972826	
S1-874265392	
S1-943932008	
S1-427056924	
S1-648369666	
S1-694139437	
S1-543436170	
S1-122048324	
S1-649103408	
S1-274800775	
S1-451258861	
S1-656953683	
S1-897565658	
S1-342587743	
S1-82211023	
S1-464159967	
S1-195833450	
S1-678537542	
S1-254282571	
S1-987154418	
S1-809957094	
S1-100343893	
S1-929225187	
S1-805891541	
S1-772536415	
S1-914785795	
S1-73122244	
S1-784630652	
S1-90522606	
S1-615350325	
S1-505127039	
S1-78176518	
S1-386313872	
S1-253637440	
S1-53312005	
S1-84068677	
S1-641536942	
S1-188308387	
S1-620145393	
S1-572690412	
S1-714384594	
S1-791291927	
S1-199955375	
S1-731790742	
S1-689931659	
S1-189347981	
S1-594472244	
S1-379263442	
S1-470806238	
S1-805693390	
S1-36258318	
S1-869679449	
S1-72724029	
S1-358348491	
S1-358828577	
S1-315655738	
S1-597610546	
S1-304868118	
S1-192895668	
S1-928746576	
S1-270792799	
S1-170290183	
S1-509672611	
S1-284301998	
S1-429051926	
S1-294934560	
S1-661530841	
S1-463632386	
S1-357277142	
S1-152884887	
S1-432208724	
S1-516969702	
S1-891039321	
S1-146480862	
S1-609470899	
S1-307213713	
S1-154919668	
S1-630329654	
S1-174405259	
S1-195204694	
S1-506204921	
S1-761643375	
S1-439797762	
S1-410288977	
S1-952407534	
S1-423749761	
S1-401718070	
S1-456885127	
S1-505595312	
S1-435618841	
S1-140806703	
S1-98635599	
S1-9166483	
S1-526171827	
S1-808049754	
S1-222402003	
S1-642449816	
S1-477092000	
S1-915183880	
S1-464440920	
S1-202180097	
S1-427253935	
S1-492585736	
S1-433788995	
S1-871379142	
S1-551868457	
S1-652007130	
S1-651520195	
S1-646816018	
S1-63782004	
S1-257053475	
S1-681306733	
S1-522184016	
S1-680179966	
S1-205890664	
S1-713207199	
S1-367878445	
S1-526285658	
S1-124848624	
S1-680016136	
S1-322249474	
S1-904628888	
S1-987721735	
S1-895507643	
S1-646141458	
S1-222010327	
S1-407748088	
S1-25184998	
S1-259548846	
S1-789645300	
S1-773405470	
S1-172092068	
S1-827724172	
S1-414261681	
S1-844774961	
S1-294354668	
S1-460874348	
S1-517342878	
S1-338396833	
S1-158603138	
S1-353249617	
S1-876655923	
S1-510660267	
S1-737780595	
S1-663810127	
S1-921544586	
S1-394273323	
S1-497065686	
S1-93364018	
S1-239875269	
S1-105093252	
S1-70447999	
S1-431580239	
S1-997360728	
S1-768252973	
S1-776706842	
S1-834244644	
S1-827927562	
S1-154556217	
S1-983683767	
S1-324736895	
S1-514992276	
S1-372177028	
S1-172979956	
S1-353915930	
S1-586985863	
S1-779481847	
S1-708717467	
S1-340147500	
S1-12002868	
S1-867244378	
S1-141693285	
S1-808460923	
S1-789432367	
S1-556639439	
S1-16395307	
S1-902801260	
S1-346079936	
S1-52729849	
S1-374202813	
S1-21863594	
S1-376573161	
S1-534736976	
S1-154024969	
S1-767059244	
S1-656164050	
S1-504649944	
S1-39933862	
S1-530960430	
S1-531154614	
S1-999131108	
S1-819083350	
S1-10536196	
S1-736077865	
S1-994425718	
S1-200929312	
S1-662906153	
S1-509980215	
S1-708644488	
S1-825714579	
S1-569037494	
S1-269235983	
S1-957584490	
S1-948053246	
S1-631901674	
S1-831813351	
S1-737850264	
S1-112734715	
S1-847506233	
S1-954749183	
S1-164105080	
S1-222472511	
S1-336157817	
S1-808283448	
S1-139998401	
S1-668783963	
S1-79936385	
S1-563568388	
S1-672043703	
S1-823634206	
S1-271978746	
S1-281119875	
S1-60451101	
S1-876768135	
S1-141239922	
S1-981794792	
S1-61926801	
S1-893080711	
S1-464213053	
S1-839337414	
S1-297060056	
S1-279802291	
S1-526592893	
S1-677520680	
S1-784287186	
S1-99202389	
S1-89308002	
S1-286382127	
S1-917605889	
S1-551983134	
S1-995954617	
S1-943526667	
S1-405834337	
S1-213350834	
S1-836490404	
S1-722859888	
S1-887375146	
S1-433536057	
S1-421081113	
S1-243458816	
S1-209079817	
S1-609764158	
S1-237954838	
S1-582684682	
S1-770618511	
S1-747038231	
S1-840080391	
S1-483916361	
S1-205014563	
S1-421289209	
S1-246297754	
S1-35515569	
S1-443039509	
S1-89605002	
S1-952076797	
S1-782304050	
S1-261036506	
S1-574564912	
S1-680863051	
S1-840499328	
S1-572477721	
S1-976068068	
S1-785245210	
S1-516754928	
S1-40729187	
S1-40639351	
S1-557950231	
S1-113424591	
S1-33676207	
S1-970890083	
S1-190393871	
S1-273505860	
S1-194231158	
S1-510657521	
S1-660391615	
S1-272210706	
S1-156357874	
S1-129717515	
S1-303958556	
S1-166286974	
S1-368696533	
S1-934772689	
S1-382708200	
S1-532309630	
S1-978540723	
S1-849921566	
S1-528246410	
S1-73909527	
S1-54349760	
S1-596305632	
S1-336004692	
S1-442028519	
S1-897583704	
S1-774831164	
S1-877714570	
S1-581293310	
S1-73686788	
S1-306097974	
S1-778661789	
S1-470238261	
S1-627231501	
S1-242638669	
S1-473965066	
S1-181464250	
S1-80219857	
S1-587554299	
S1-472235940	
S1-921396329	
S1-66109276	
S1-886219149	
S1-81295271	
S1-36058795	
S1-480366125	
S1-448796532	
S1-588104159	
S1-546682689	
S1-455087463	
S1-445380574	
S1-405873273	
S1-896047919	
S1-358747601	
S1-403740044	
S1-55513447	
S1-565030073	
S1-45307379	
S1-54202005	
S1-177931492	
S1-679640819	
S1-293377329	
S1-941330971	
S1-501784764	
S1-480801897	
S1-154819871	
S1-458385266	
S1-147610329	
S1-457983080	
S1-225495120	
S1-679220158	
S1-722340469	
S1-932310443	
S1-265804053	
S1-313797298	
S1-526807760	
S1-165751748	
S1-664035489	
S1-604721182	
S1-601688256	
S1-46775017	
S1-707962753	
S1-369484584	
S1-70617712	
S1-330017607	
S1-800876703	
S1-260670673	
S1-58693136	
S1-713246300	
S1-849047985	
S1-739719547	
S1-24087820	
S1-274891851	
S1-403018358	
S1-878764146	
S1-927638988	
S1-78471426	
S1-96653925	
S1-385427012	
S1-867634566	
S1-305255556	
S1-413503765	
S1-356908013	
S1-861715578	
S1-643383959	
S1-175752338	
S1-78854188	
S1-505088136	
S1-768863735	
S1-780769673	
S1-944911143	
S1-447977043	
S1-709203889	
S1-196739988	
S1-902533999	
S1-188842033	
S1-530570875	
S1-815123620	
S1-242768366	
S1-925762196	
S1-796897194	
S1-661280284	
S1-736219092	
S1-628131605	
S1-962260471	
S1-577396232	
S1-979335112	
S1-517656162	
S1-803148732	
S1-794155208	
S1-308383871	
S1-15876626	
S1-181012	
S1-538600628	
S1-471366935	
S1-88473567	
S1-667710118	
S1-487411959	
S1-585197633	
S1-925573113	
S1-104526850	
S1-809677392	
S1-875255954	
S1-176131218	
S1-673081110	
S1-646142709	
S1-151018044	
S1-606882220	
S1-150112584	
S1-105364994	
S1-203228152	
S1-647983821	
S1-933973902	
S1-49656532	
S1-758398165	
S1-189918020	
S1-47437264	
S1-166706848	
S1-155524145	
S1-200137200	
S1-793669587	
S1-157059749	
S1-465259208	
S1-321808616	
S1-415246488	
S1-737125947	
S1-597317540	
S1-180967498	
S1-978944884	
S1-465140015	
S1-243581461	
S1-591110496	
S1-216430967	
S1-769119217	
S1-913350352	
S1-390730419	
S1-868870409	
S1-665735345	
S1-412913766	
S1-675856053	
S1-789053351	
S1-503417925	
S1-65164694	
S1-287531535	
S1-853769631	
S1-786078299	
S1-218596245	
S1-601145038	
S1-971722501	
S1-571210016	
S1-441161274	
S1-543077354	
S1-184464350	
S1-704817133	
S1-204119446	
S1-52574990	
S1-429005688	
S1-660379039	
S1-225946215	
S1-628129680	
S1-575870744	
S1-48550477	
S1-122747169	
S1-148083509	
S1-554213655	
S1-761834591	
S1-959043363	
S1-470640451	
S1-294467643	
S1-350463982	
S1-192303355	
S1-328133084	
S1-911652339	
S1-2467139	
S1-130366814	
S1-61138727	
S1-859342899	
S1-293810647	
S1-832844259	
S1-447205524	
S1-979140704	
S1-752031720	
S1-4821163	
S1-340380905	
S1-580845772	
S1-737676477	
S1-783078051	
S1-419900926	
S1-353674487	
S1-153511643	
S1-192180295	
S1-512432912	
S1-419606818	
S1-759958358	
S1-751447992	
S1-362183873	
S1-261955756	
S1-357583237	
S1-107520342	
S1-954429085	
S1-626923374	
S1-329645364	
S1-793566850	
S1-999082049	
S1-244945902	
S1-514135169	
S1-203767851	
S1-861403860	
S1-935155541	
S1-778173265	
S1-126421243	
S1-249859516	
S1-92281221	
S1-743849606	
S1-456089353	
S1-990092200	
S1-358612993	
S1-55671787	
S1-554060155	
S1-462040168	
S1-417278238	
S1-729187605	
S1-698910873	
S1-242827276	
S1-895742998	
S1-810357154	
S1-283295861	
S1-834363462	
S1-986215452	
S1-694588512	
S1-978368774	
S1-570507744	
S1-485470890	
S1-69293931	
S1-212189848	
S1-626388836	
S1-663764381	
S1-62006179	
S1-3433143	
S1-110698115	
S1-847879816	
S1-653762365	
S1-514278589	
S1-329729566	
S1-606321778	
S1-683448949	
S1-364371327	
S1-936735340	
S1-138014316	
S1-701420163	
S1-377664825	
S1-668957869	
S1-232074022	
S1-220150878	
S1-359906227	
S1-667881012	
S1-773514455	
S1-9397379	
S1-101697245	
S1-741112544	
S1-527910445	
S1-470026058	
S1-983768168	
S1-65858086	
S1-478282315	
S1-180081361	
S1-357623813	
S1-8514863	
S1-881381634	
S1-11366930	
S1-626220008	
S1-162716811	
S1-937269845	
S1-379738525	
S1-261292209	
S1-344121876	
S1-85091121	
S1-810304553	
S1-824855651	
S1-987009703	
S1-116776249	
S1-84368299	
S1-440643516	
S1-1280591	
S1-671685856	
S1-473961747	
S1-727482239	
S1-251740441	
S1-431670085	
S1-304951114	
S1-490102897	
S1-246421361	
S1-320974565	
S1-366580812	
S1-632254081	
S1-162250201	
S1-208125909	
S1-175224961	
S1-654716946	
S1-762230759	
S1-649427413	
S1-586001264	
S1-227417371	
S1-396865488	
S1-6248598	
S1-164492941	
S1-143698441	
S1-218822153	
S1-107203410	
S1-280248850	
S1-577246052	
S1-331298904	
S1-668012165	
S1-666225776	
S1-149666008	
S1-291953554	
S1-608611732	
S1-529884140	
S1-518745764	
S1-320983510	
S1-616725714	
S1-162561688	
S1-413310611	
S1-858151817	
S1-10136158	
S1-707800505	
S1-380005614	
S1-468609655	
S1-505741805	
S1-50182422	
S1-189088295	
S1-330267769	
S1-166998724	
S1-330402454	
S1-838576338	
S1-329328085	
S1-536114695	
S1-589065413	
S1-8071099	
S1-630149482	
S1-224137565	
S1-873028144	
S1-687138454	
S1-474226177	
S1-41280194	
S1-267972607	
S1-355933029	
S1-514871858	
S1-63931681	
S1-578156160	
S1-522011418	
S1-781230614	
S1-812602811	
S1-821739920	
S1-809252173	
S1-174879079	
S1-254039407	
S1-144173457	
S1-934623144	
S1-578767278	
S1-949851104	
S1-194401638	
S1-288059543	
S1-856817603	
S1-347207043	
S1-551466810	
S1-69918828	
S1-529636136	
S1-832399809	
S1-868270490	
S1-650357142	
S1-436190996	
S1-745787097	
S1-235447719	
S1-784828307	
S1-285337912	
S1-652033555	
S1-652380533	
S1-182591530	
S1-651454980	
S1-997859596	
S1-92173976	
S1-130512839	
S1-138386404	
S1-510358793	
S1-254820064	
S1-281255090	
S1-722390121	
S1-659265921	
S1-371757864	
S1-200932521	
S1-697685313	
S1-748481351	
S1-395941991	
S1-322425683	
S1-938886859	
S1-880952525	
S1-607856204	
S1-623959961	
S1-708680071	
S1-732354614	
S1-721162408	
S1-796433440	
S1-315385061	
S1-552450720	
S1-649787598	
S1-120937845	
S1-653357672	
S1-685100878	
S1-885528362	
S1-912914299	
S1-972093834	
S1-67916262	
S1-92654930	
S1-985612455	
S1-140787367	
S1-876382213	
S1-928871508	
S1-157188890	
S1-467601389	
S1-808764444	
S1-621430025	
S1-701513443	
S1-549676143	
S1-93407314	
S1-687525945	
S1-862571577	
S1-862955254	
S1-980285701	
S1-661406030	
S1-30516467	
S1-497614913	
S1-34791678	
S1-644994391	
S1-305445456	
S1-941958279	
S1-246493960	
S1-283477189	
S1-916516188	
S1-107828469	
S1-650873195	
S1-613463154	
S1-349663513	
S1-32030838	
S1-885279212	
S1-670130058	
S1-446289302	
S1-400786997	
S1-648348932	
S1-21201650	
S1-239125643	
S1-570307413	
S1-139786863	
S1-815261263	
S1-224886836	
S1-443568913	
S1-57030687	
S1-249474941	
S1-448318988	
S1-208567214	
S1-763759856	
S1-190324958	
S1-122624568	
S1-890681164	
S1-758958688	
S1-149399612	
S1-618903111	
S1-4930851	
S1-221080685	
S1-465918492	
S1-310302175	
S1-633127459	
S1-44921577	
S1-975196095	
S1-277851182	
S1-569743594	
S1-506920453	
S1-688296499	
S1-816515167	
S1-910265534	
S1-939070683	
S1-110811524	
S1-458843913	
S1-120782487	
S1-967058671	
S1-373822179	
S1-8095724	
S1-728382619	
S1-539090864	
S1-213731501	
S1-99694772	
S1-901698904	
S1-603160620	
S1-897988226	
S1-522744112	
S1-701916352	
S1-35448679	
S1-554131600	
S1-247902549	
S1-424463904	
S1-845277076	
S1-296064492	
S1-769881544	
S1-584145589	
S1-343969971	
S1-26109666	
S1-757624278	
S1-709077849	
S1-129383385	
S1-985074545	
S1-600971571	
S1-78519962	
S1-179257651	
S1-471612389	
S1-417066433	
S1-272228768	
S1-445363497	
S1-611287176	
S1-929059479	
S1-696415411	
S1-750058773	
S1-661519702	
S1-299968407	
S1-330338332	
S1-857317096	
S1-32390784	
S1-141336495	
S1-761691882	
S1-611365552	
S1-674525570	
S1-849192934	
S1-278476555	
S1-694706657	
S1-656322579	
S1-910111193	
S1-312439981	
S1-489564032	
S1-632273272	
S1-924955004	
S1-385300762	
S1-363815847	
S1-289599419	
S1-506444782	
S1-25719149	
S1-88118771	
S1-795814763	
S1-123894636	
S1-504883301	
S1-716971152	
S1-931121876	
S1-974512193	
S1-111976210	
S1-617952792	
S1-472472419	
S1-872101261	
S1-683342637	
S1-252579238	
S1-282160614	
S1-525412497	
S1-272849674	
S1-648539535	
S1-925402959	
S1-998463296	
S1-125704921	
S1-668191478	
S1-323034625	
S1-906798030	
S1-984272662	
S1-270495614	
S1-783610960	
S1-691874922	
S1-807638140	
S1-198715509	
S1-887688005	
S1-157758339	
S1-895518002	
S1-470887298	
S1-779543232	
S1-269819020	
S1-315195434	
S1-977606472	
S1-293116641	
S1-692049217	
S1-651131718	
S1-333609412	
S1-59880138	
S1-644155555	
S1-824610890	
S1-278334747	
S1-422584427	
S1-845763581	
S1-820912696	
S1-255526741	
S1-856415144	
S1-809723160	
S1-289396601	
S1-120217709	
S1-865738216	
S1-385916261	
S1-418142564	
S1-669993574	
S1-627294059	
S1-281245569	
S1-182073692	
S1-672619343	
S1-101819712	
S1-351529815	
S1-129132481	
S1-153529611	
S1-264081451	
S1-749388451	
S1-75598532	
S1-166463192	
S1-865752966	
S1-219911617	
S1-206147922	
S1-3027111	
S1-744054655	
S1-445693210	
S1-571247092	
S1-139048419	
S1-859146027	
S1-863586127	
S1-442690255	
S1-677162147	
S1-75458176	
S1-59541075	
S1-851073386	
S1-298733473	
S1-966664600	
S1-381474333	
S1-833967002	
S1-389866099	
S1-263844803	
S1-33450365	
S1-386979207	
S1-499457136	
S1-379782955	
S1-743436922	
S1-191256901	
S1-868827958	
S1-161068347	
S1-315483002	
S1-704230237	
S1-333963345	
S1-763796792	
S1-786735517	
S1-920079058	
S1-456825650	
S1-754374478	
S1-745458485	
S1-785448997	
S1-965486056	
S1-223805146	
S1-973992980	
S1-574893687	
S1-709266044	
S1-940955348	
S1-905093225	
S1-321887445	
S1-100079405	
S1-474758069	
S1-349656951	
S1-136110760	
S1-403108426	
S1-32508215	
S1-237422285	
S1-916181636	
S1-749673477	
S1-742589856	
S1-472452919	
S1-200439874	
S1-306712780	
S1-67123110	
S1-174430672	
S1-712989042	
S1-626513377	
S1-777272139	
S1-250986288	
S1-370643168	
S1-247476495	
S1-14930759	
S1-467946372	
S1-916477433	
S1-716884177	
S1-475867726	
S1-142689248	
S1-975440148	
S1-452313784	
S1-274331479	
S1-549899171	
S1-492798500	
S1-99687265	
S1-382164007	
S1-787036265	
S1-512711253	
S1-104466579	
S1-322362408	
S1-770650929	
S1-358744450	
S1-841243745	
S1-489399761	
S1-80994926	
S1-641013657	
S1-439247392	
S1-795623704	
S1-631552406	
S1-175732399	
S1-998518370	
S1-530065716	
S1-566138515	
S1-200756240	
S1-860274303	
S1-311479688	
S1-605510360	
S1-758228351	
S1-85737919	
S1-799477555	
S1-242328185	
S1-436833080	
S1-525483435	
S1-808340011	
S1-152119275	
S1-106911766	
S1-635238147	
S1-37060174	
S1-85340756	
S1-647119431	
S1-770528979	
S1-710449217	
S1-109646839	
S1-528377007	
S1-440961749	
S1-727693282	
S1-70724766	
S1-912577142	
S1-270827855	
S1-368475610	
S1-351631982	
S1-720032130	
S1-7816434	
S1-913058611	
S1-999455330	
S1-542120497	
S1-464613440	
S1-155720606	
S1-228427997	
S1-219914340	
S1-264030243	
S1-729248199	
S1-313735795	
S1-535268631	
S1-890388758	
S1-573262658	
S1-573225724	
S1-928518463	
S1-900289004	
S1-339850826	
S1-229529159	
S1-85682244	
S1-823405149	
S1-28736313	
S1-777721058	
S1-487503894	
S1-271201526	
S1-474098009	
S1-446758319	
S1-620002920	
S1-848571757	
S1-334725124	
S1-59820526	
S1-519384014	
S1-525615873	
S1-935676705	
S1-182973860	
S1-848686192	
S1-952673404	
S1-756683579	
S1-256941229	
S1-522132238	
S1-614518566	
S1-601160208	
S1-801379591	
S1-434052810	
S1-820711204	
S1-231764328	
S1-473984715	
S1-906143692	
S1-240223330	
S1-950444139	
S1-916520319	
S1-135566940	
S1-686458937	
S1-727236871	
S1-574031567	
S1-497116474	
S1-17905559	
S1-628972320	
S1-149984305	
S1-204965255	
S1-678220300	
S1-807321452	
S1-732788467	
S1-375149575	
S1-432341437	
S1-281347733	
S1-564790881	
S1-22638493	
S1-260616761	
S1-735643474	
S1-160929183	
S1-894546228	
S1-108482654	
S1-182927088	
S1-842977695	
S1-288105168	
S1-458398465	
S1-138965153	
S1-118291525	
S1-323112275	
S1-757543898	
S1-141215075	
S1-167764433	
S1-485319095	
S1-295003646	
S1-852759132	
S1-805510956	
S1-412926154	
S1-555176944	
S1-689240230	
S1-889846887	
S1-315634676	
S1-919845127	
S1-97798770	
S1-467866716	
S1-594315927	
S1-518614682	
S1-165633819	
S1-990254602	
S1-866875945	
S1-139231340	
S1-948481912	
S1-539853205	
S1-736346456	
S1-464892760	
S1-568363481	
S1-860428680	
S1-443259570	
S1-700908790	
S1-287999499	
S1-949198705	
S1-111414259	
S1-817400717	
S1-129989985	
S1-515538986	
S1-225019450	
S1-881994078	
S1-742686973	
S1-448135590	
S1-546297388	
S1-306025679	
S1-113382918	
S1-64446896	
S1-48078553	
S1-108727256	
S1-552740313	
S1-893430784	
S1-718858374	
S1-431060532	
S1-886341930	
S1-79048902	
S1-3939228	
S1-826255462	
S1-299136943	
S1-400586035	
S1-881452026	
S1-729355346	
S1-710190973	
S1-207867914	
S1-873268516	
S1-538733011	
S1-633774864	
S1-819211352	
S1-121281404	
S1-621594884	
S1-292508807	
S1-513180877	
S1-101541428	
S1-734229012	
S1-277207539	
S1-860293633	
S1-896047410	
S1-968066468	
S1-5481278	
S1-991336163	
S1-934541601	
S1-281449502	
S1-214878826	
S1-533331258	
S1-208147462	
S1-301677304	
S1-753933114	
S1-685977222	
S1-625729976	
S1-249096795	
S1-91546	
S1-593806315	
S1-72487736	
S1-614305181	
S1-302283167	
S1-731428423	
S1-69465631	
S1-430310936	
S1-513813158	
S1-408112303	
S1-660010713	
S1-908777512	
S1-726021339	
S1-502216678	
S1-783611020	
S1-132319500	
S1-269988394	
S1-935871948	
S1-382221314	
S1-927328940	
S1-77413892	
S1-684243177	
S1-242718659	
S1-517704788	
S1-572676096	
S1-793493513	
S1-630891164	
S1-755054762	
S1-950619577	
S1-976277750	
S1-674060836	
S1-496299936	
S1-106433506	
S1-251820518	
S1-668648963	
S1-743704944	
S1-458222887	
S1-706291061	
S1-466084613	
S1-854787552	
S1-493834320	
S1-36358371	
S1-368142388	
S1-306652385	
S1-572005293	
S1-339841331	
S1-281643031	
S1-566233574	
S1-927496529	
S1-412014921	
S1-841887315	
S1-86501355	
S1-262191033	
S1-239085284	
S1-742114794	
S1-808842069	
S1-361946878	
S1-369612575	
S1-678866768	
S1-171598027	
S1-731752819	
S1-534912284	
S1-227205556	
S1-648139913	
S1-745241148	
S1-339241315	
S1-709352486	
S1-458113817	
S1-850907598	
S1-628503323	
S1-476437439	
S1-118605639	
S1-34180899	
S1-223452744	
S1-956715347	
S1-334499703	
S1-955710722	
S1-477659329	
S1-694923495	
S1-315931783	
S1-317946756	
S1-232524118	
S1-14744814	
S1-914313465	
S1-43600162	
S1-383172681	
S1-936940879	
S1-115577338	
S1-712976583	
S1-286052551	
S1-591952396	
S1-484505879	
S1-376968617	
S1-223922071	
S1-108913678	
S1-515059596	
S1-319062422	
S1-822119179	
S1-73791995	
S1-545831926	
S1-475366102	
S1-73428347	
S1-383529122	
S1-276658887	
S1-467644629	
S1-254385157	
S1-17940847	
S1-578835296	
S1-228869013	
S1-785777203	
S1-193105297	
S1-462398946	
S1-441746609	
S1-703664201	
S1-643262835	
S1-125783031	
S1-379286989	
S1-343964073	
S1-809551316	
S1-518598725	
S1-62455980	
S1-587739607	
S1-674815869	
S1-840472681	
S1-538391364	
S1-903983758	
S1-947128445	
S1-920700930	
S1-201897900	
S1-52684859	
S1-855928953	
S1-719914380	
S1-622694033	
S1-686079170	
S1-163369042	
S1-187571646	
S1-455048626	
S1-528100141	
S1-364241901	
S1-515978627	
S1-236339811	
S1-93177087	
S1-82941851	
S1-514634826	
S1-617309953	
S1-161181963	
S1-888859165	
S1-479296452	
S1-504499884	
S1-198729581	
S1-543535362	
S1-595949047	
S1-787129401	
S1-543170071	
S1-2854036	
S1-509141218	
S1-705646047	
S1-548099301	
S1-695731708	
S1-197119656	
S1-126807637	
S1-327141190	
S1-908486591	
S1-347698220	
S1-444669569	
S1-615966927	
S1-641717953	
S1-504360920	
S1-559335588	
S1-54490152	
S1-327436646	
S1-286025054	
S1-418314874	
S1-721323696	
S1-9619022	
S1-986380919	
S1-626763569	
S1-942184748	
S1-148796587	
S1-594703069	
S1-550790973	
S1-749961880	
S1-421805237	
S1-520400771	
S1-350725055	
S1-129960765	
S1-171117294	
S1-577261969	
S1-87782916	
S1-930902018	
S1-103999509	
S1-99065721	
S1-386455342	
S1-104012866	
S1-115025103	
S1-526259119	
S1-779550869	
S1-713931553	
S1-503731083	
S1-687269102	
S1-690815593	
S1-476449177	
S1-584681684	
S1-799378384	
S1-924606802	
S1-724900605	
S1-613647086	
S1-589794057	
S1-492772996	
S1-515534424	
S1-984796246	
S1-189053365	
S1-581041624	
S1-276622675	
S1-866226639	
S1-569581054	
S1-362288871	
S1-207841922	
S1-929662518	
S1-256374651	
S1-129341481	
S1-304008695	
S1-310310442	
S1-259893476	
S1-81662459	
S1-289818063	
S1-46526636	
S1-400502424	
S1-137479910	
S1-310437042	
S1-618378001	
S1-550881089	
S1-967913344	
S1-530847322	
S1-327797470	
S1-6247593	
S1-939175006	
S1-774705284	
S1-621798112	
S1-103150419	
S1-731067887	
S1-101387143	
S1-481259504	
S1-626313167	
S1-707948466	
S1-704571367	
S1-485421062	
S1-237595819	
S1-498816046	
S1-707165141	
S1-560728770	
S1-852858204	
S1-985048793	
S1-984538599	
S1-701579142	
S1-596593833	
S1-506410894	
S1-163474502	
S1-165016661	
S1-868779058	
S1-501316200	
S1-415976973	
S1-648637594	
S1-26963609	
S1-806904072	
S1-517316856	
S1-138102472	
S1-825555432	
S1-114726966	
S1-292019628	
S1-719315015	
S1-602994891	
S1-888591395	
S1-930238177	
S1-219134703	
S1-278854647	
S1-395436075	
S1-841893455	
S1-208427858	
S1-285358323	
S1-910509770	
S1-103973749	
S1-616773584	
S1-367026244	
S1-341476578	
S1-999077053	
S1-66687880	
S1-287820364	
S1-780512074	
S1-180733683	
S1-8521475	
S1-140448543	
S1-786153364	
S1-963162439	
S1-761613454	
S1-194252766	
S1-835257293	
S1-730968394	
S1-707214374	
S1-966452897	
S1-25669505	
S1-519066795	
S1-486284146	
S1-488157026	
S1-752765366	
S1-515844688	
S1-696733096	
S1-166244930	
S1-130720717	
S1-628782497	
S1-882486823	
S1-270041228	
S1-472895344	
S1-337758310	
S1-736351043	
S1-690511322	
S1-152287586	
S1-71126075	
S1-392726342	
S1-748496079	
S1-456951267	
S1-456664643	
S1-395343845	
S1-431921753	
S1-468547286	
S1-968903192	
S1-354392225	
S1-918672024	
S1-201630674	
S1-477252993	
S1-171099850	
S1-484166711	
S1-882202690	
S1-744629480	
S1-813010338	
S1-883354996	
S1-742119201	
S1-258650360	
S1-620416537	
S1-366922327	
S1-587898494	
S1-307251959	
S1-238864304	
S1-43138729	
S1-218864720	
S1-400128123	
S1-183644151	
S1-309605969	
S1-498223183	
S1-685149657	
S1-132142218	
S1-565327335	
S1-353952161	
S1-185841629	
S1-211448393	
S1-620168076	
S1-932696016	
S1-51713019	
S1-608988776	
S1-618471254	
S1-969843740	
S1-732433431	
S1-981179598	
S1-81979786	
S1-549212959	
S1-29939017	
S1-872928569	
S1-823855832	
S1-219973564	
S1-142501867	
S1-156203719	
S1-729097047	
S1-698195992	
S1-194622792	
S1-921074782	
S1-652859938	
S1-797966585	
S1-580933242	
S1-85129383	
S1-725768625	
S1-221531860	
S1-885613758	
S1-977101055	
S1-820589723	
S1-982844667	
S1-404972688	
S1-82712594	
S1-427530909	
S1-949414693	
S1-48034462	
S1-971228541	
S1-881623678	
S1-64484954	
S1-779326482	
S1-232222866	
S1-98265555	
S1-66609601	
S1-83270352	
S1-408870070	
S1-249716488	
S1-969101495	
S1-995124596	
S1-572460702	
S1-902133764	
S1-448616980	
S1-445630966	
S1-325384024	
S1-657780506	
S1-259784596	
S1-594481424	
S1-122756874	
S1-524173916	
S1-799402917	
S1-392972806	
S1-844578168	
S1-780394063	
S1-421165702	
S1-750384213	
S1-543135360	
S1-265957647	
S1-776143766	
S1-185071829	
S1-46762434	
S1-837899743	
S1-493207154	
S1-73179362	
S1-79978243	
S1-644768193	
S1-765089533	
S1-620497727	
S1-507834828	
S1-415307277	
S1-488835603	
S1-871105030	
S1-591868629	
S1-225320670	
S1-366077853	
S1-144683277	
S1-676262458	
S1-243239314	
S1-148435979	
S1-879142438	
S1-710320940	
S1-380314347	
S1-374438023	
S1-839720625	
S1-32199070	
S1-982483836	
S1-932626544	
S1-385160832	
S1-48781166	
S1-62625875	
S1-586636924	
S1-208569857	
S1-829031536	
S1-167926055	
S1-534558646	
S1-766743636	
S1-77406213	
S1-302733739	
S1-854163288	
S1-993608306	
S1-988329761	
S1-753451946	
S1-251580170	
S1-85930870	
S1-421643707	
S1-611198615	
S1-886789891	
S1-93662494	
S1-366067251	
S1-844786272	
S1-940804751	
S1-811390359	
S1-636374062	
S1-786986225	
S1-244715870	
S1-597811727	
S1-290426656	
S1-137762422	
S1-23540479	
S1-524979710	
S1-579452820	
S1-437395280	
S1-687689146	
S1-752839022	
S1-869920988	
S1-895016076	
S1-998610278	
S1-599931589	
S1-223003290	
S1-269150515	
S1-599647878	
S1-449200024	
S1-464197910	
S1-677739255	
S1-521951386	
S1-238733186	
S1-608488159	
S1-110528800	
S1-108297164	
S1-632222920	
S1-509643831	
S1-53769866	
S1-621254887	
S1-402487608	
S1-368435653	
S1-858589471	
S1-116762454	
S1-508940648	
S1-419107898	
S1-621851145	
S1-535409467	
S1-409338286	
S1-280884453	
S1-469508566	
S1-469722743	
S1-899247456	
S1-28624787	
S1-725627388	
S1-480775655	
S1-424705928	
S1-729583455	
S1-203136902	
S1-849148118	
S1-427984245	
S1-907743967	
S1-728156865	
S1-990747033	
S1-698677530	
S1-403733815	
S1-53857488	
S1-960726701	
S1-558535300	
S1-405250612	
S1-597834232	
S1-203046261	
S1-693425042	
S1-923704394	
S1-692782785	
S1-302319891	
S1-224331978	
S1-268852079	
S1-818506659	
S1-62828360	
S1-459236355	
S1-44566994	
S1-1391825	
S1-366818577	
S1-897480650	
S1-91783595	
S1-949637145	
S1-232115340	
S1-985132489	
S1-962499092	
S1-726674619	
S1-538167083	
S1-902307947	
S1-239727453	
S1-776356245	
S1-910707120	
S1-379341326	
S1-738673292	
S1-37545629	
S1-393767702	
S1-893773996	
S1-265662023	
S1-571678562	
S1-243546964	
S1-247277015	
S1-608194524	
S1-102867832	
S1-568377539	
S1-810534653	
S1-916533264	
S1-287826545	
S1-762423231	
S1-434670460	
S1-65206513	
S1-45968888	
S1-581449460	
S1-160315864	
S1-715103912	
S1-97659449	
S1-502440037	
S1-189277914	
S1-623442050	
S1-423513616	
S1-593971505	
S1-560173671	
S1-685749913	
S1-905185308	
S1-986060613	
S1-69400015	
S1-450024758	
S1-32846608	
S1-186211578	
S1-207374719	
S1-50595025	
S1-166749126	
S1-541161419	
S1-858005282	
S1-438171922	
S1-477858652	
S1-132117010	
S1-688240057	
S1-502868852	
S1-454865649	
S1-194895065	
S1-791926440	
S1-26919418	
S1-592808635	
S1-842349997	
S1-737990450	
S1-764744740	
S1-977965023	
S1-221275611	
S1-700285593	
S1-811891356	
S1-371822369	
S1-308313818	
S1-616477634	
S1-290847359	
S1-228101388	
S1-121062188	
S1-222177957	
S1-709404038	
S1-165923981	
S1-202938064	
S1-232113206	
S1-245989454	
S1-259445378	
S1-561183254	
S1-207946062	
S1-205059505	
S1-30093573	
S1-852028187	
S1-886113591	
S1-449301589	
S1-513080753	
S1-272818514	
S1-856516592	
S1-554267239	
S1-275949708	
S1-682380289	
S1-831798786	
S1-697576249	
S1-885896048	
S1-372037489	
S1-394551978	
S1-567762102	
S1-259703786	
S1-362467481	
S1-705642236	
S1-440705108	
S1-65867975	
S1-218558370	
S1-308992032	
S1-507051058	
S1-76002595	
S1-178180608	
S1-687141549	
S1-580090187	
S1-134537683	
S1-161473934	
S1-272898310	
S1-610386915	
S1-214762579	
S1-840274947	
S1-267835675	
S1-330115432	
S1-259363204	
S1-914527371	
S1-718613907	
S1-667419299	
S1-578145700	
S1-908685075	
S1-738613628	
S1-172753515	
S1-373991550	
S1-188253867	
S1-232453629	
S1-490806875	
S1-201356267	
S1-582049039	
S1-260108763	
S1-573106481	
S1-363271615	
S1-729747677	
S1-201610003	
S1-803540623	
S1-733487679	
S1-47432194	
S1-314936280	
S1-208785759	
S1-564854724	
S1-697468907	
S1-544108396	
S1-287284307	
S1-994484432	
S1-986988954	
S1-980537238	
S1-766947174	
S1-348496981	
S1-230790122	
S1-370330740	
S1-904881399	
S1-783337068	
S1-899599460	
S1-436430550	
S1-147933620	
S1-962819968	
S1-938698633	
S1-776208435	
S1-118517686	
S1-628635105	
S1-284772178	
S1-665207637	
S1-778097245	
S1-356274032	
S1-689982911	
S1-416282983	
S1-19195074	
S1-153334619	
S1-871694559	
S1-52548895	
S1-640992795	
S1-840296886	
S1-733846190	
S1-956700929	
S1-142661767	
S1-995272289	
S1-384113442	
S1-273510928	
S1-443595128	
S1-113745232	
S1-552808132	
S1-962605221	
S1-896721414	
S1-931417107	
S1-441331769	
S1-963260063	
S1-239199951	
S1-318700104	
S1-19551357	
S1-79901946	
S1-672946722	
S1-241739993	
S1-386788739	
S1-810841510	
S1-788727582	
S1-588657683	
S1-932413350	
S1-938885650	
S1-177423981	
S1-588139262	
S1-741479586	
S1-915709776	
S1-210757105	
S1-560710823	
S1-570309868	
S1-209990283	
S1-835298940	
S1-39507479	
S1-238260284	
S1-916904145	
S1-236554917	
S1-198720744	
S1-866103785	
S1-273102323	
S1-185895936	
S1-625313639	
S1-831762362	
S1-455316483	
S1-803373516	
S1-758012921	
S1-829838867	
S1-914538618	
S1-111507151	
S1-134168940	
S1-43960410	
S1-233266833	
S1-441560413	
S1-507902212	
S1-884832309	
S1-3155812	
S1-739682069	
S1-202761646	
S1-97134480	
S1-542362799	
S1-326109524	
S1-417281263	
S1-10108837	
S1-304953584	
S1-987766858	
S1-238448693	
S1-560759760	
S1-705611347	
S1-536484782	
S1-623801891	
S1-826803521	
S1-870843785	
S1-370083970	
S1-895464158	
S1-149079636	
S1-721802578	
S1-58448818	
S1-284812928	
S1-927972846	
S1-54500238	
S1-871742264	
S1-411930952	
S1-521139454	
S1-919581135	
S1-196998634	
S1-762279589	
S1-613762332	
S1-22408638	
S1-270329578	
S1-300918792	
S1-283500211	
S1-880312665	
S1-684890111	
S1-77145342	
S1-1654172	
S1-175790131	
S1-321682272	
S1-121233096	
S1-180644258	
S1-753368117	
S1-399900090	
S1-366956188	
S1-464511036	
S1-201319252	
S1-743304326	
S1-153529126	
S1-451640983	
S1-737862614	
S1-23246601	
S1-448270826	
S1-256028497	
S1-433522660	
S1-350476931	
S1-715034666	
S1-379575574	
S1-915146537	
S1-566706289	
S1-277070140	
S1-435587682	
S1-350636435	
S1-629616038	
S1-151210556	
S1-968459072	
S1-18082408	
S1-548868294	
S1-149743753	
S1-734141773	
S1-144449234	
S1-429290987	
S1-451892808	
S1-328492055	
S1-249474779	
S1-188600383	
S1-937819357	
S1-466077579	
S1-569864857	
S1-105845330	
S1-275177573	
S1-285495139	
S1-282451567	
S1-152018207	
S1-891795876	
S1-807012019	
S1-469987841	
S1-562314494	
S1-778062243	
S1-825850496	
S1-585151384	
S1-342092090	
S1-940612757	
S1-300523400	
S1-770454393	
S1-825995133	
S1-974270163	
S1-344107908	
S1-872189504	
S1-925784790	
S1-14904690	
S1-51650429	
S1-952193582	
S1-185775844	
S1-778489648	
S1-969797317	
S1-854017581	
S1-112662671	
S1-4485225	
S1-161107568	
S1-94598075	
S1-660119453	
S1-163331560	
S1-645531121	
S1-763163983	
S1-708162136	
S1-647537580	
S1-770519862	
S1-195540210	
S1-838333800	
S1-576023999	
S1-525778548	
S1-627676368	
S1-689551204	
S1-997194154	
S1-825408825	
S1-759059622	
S1-332846682	
S1-319898300	
S1-258202997	
S1-456767681	
S1-761558055	
S1-378754706	
S1-449196458	
S1-313790763	
S1-488511424	
S1-10325535	
S1-477787666	
S1-887981638	
S1-195448075	
S1-180915699	
S1-842371366	
S1-636374137	
S1-781339315	
S1-715538919	
S1-298081946	
S1-580554724	
S1-487481928	
S1-502985704	
S1-318586283	
S1-314934930	
S1-331293894	
S1-829118444	
S1-513892371	
S1-591626699	
S1-299327061	
S1-596078970	
S1-38284058	
S1-440275392	
S1-951474190	
S1-143914692	
S1-845663849	
S1-517579978	
S1-400934975	
S1-596831544	
S1-49482452	
S1-511707431	
S1-277973260	
S1-276979669	
S1-479381856	
S1-61243846	
S1-995740147	
S1-704408214	
S1-767608232	
S1-960616230	
S1-772777556	
S1-254116038	
S1-732653353	
S1-659174869	
S1-736453733	
S1-802260049	
S1-755566887	
S1-640750206	
S1-927161049	
S1-445642643	
S1-168874379	
S1-258480362	
S1-722379137	
S1-760500955	
S1-700483947	
S1-588938300	
S1-484421045	
S1-295823340	
S1-892109151	
S1-996817323	
S1-826711077	
S1-871165478	
S1-862519481	
S1-414329890	
S1-675157165	
S1-781406840	
S1-567699133	
S1-659383166	
S1-53124791	
S1-749240078	
S1-911709151	
S1-590798917	
S1-166054250	
S1-33857216	
S1-895334230	
S1-754461931	
S1-828207022	
S1-491684243	
S1-597660020	
S1-658196782	
S1-584416460	
S1-655726858	
S1-300796977	
S1-32969011	
S1-269979273	
S1-749739885	
S1-95641633	
S1-890687027	
S1-170705520	
S1-779082967	
S1-442625762	
S1-380304270	
S1-514893004	
S1-384951791	
S1-807150777	
S1-514430566	
S1-529494725	
S1-456566496	
S1-557274094	
S1-899360962	
S1-371821694	
S1-502433401	
S1-986580422	
S1-644149177	
S1-137465862	
S1-652045113	
S1-17340254	
S1-605264028	
S1-879501697	
S1-731770786	
S1-435521774	
S1-653589110	
S1-637046880	
S1-715674682	
S1-963891393	
S1-953650203	
S1-518088889	
S1-490024141	
S1-719078018	
S1-13833221	
S1-889640781	
S1-625656368	
S1-58746898	
S1-850850921	
S1-767420355	
S1-609524217	
S1-875811246	
S1-651247147	
S1-402665113	
S1-168061984	
S1-418565694	
S1-347417437	
S1-461172281	
S1-552354618	
S1-181385632	
S1-793242132	
S1-601485381	
S1-720673318	
S1-771908765	
S1-824347096	
S1-934036319	
S1-524511262	
S1-4010047	
S1-508807391	
S1-176917680	
S1-339401595	
S1-92400780	
S1-421469022	
S1-400262085	
S1-704910634	
S1-584367433	
S1-942789197	
S1-173643594	
S1-592525705	
S1-292479299	
S1-161026833	
S1-524773434	
S1-448839078	
S1-736524689	
S1-262295745	
S1-372393470	
S1-227144129	
S1-768434714	
S1-145049131	
S1-391845004	
S1-483592142	
S1-152007901	
S1-390063012	
S1-737489573	
S1-208594909	
S1-187767129	
S1-47622105	
S1-835750475	
S1-134796872	
S1-504360157	
S1-243563041	
S1-284795852	
S1-896674145	
S1-3565756	
S1-171874496	
S1-531379669	
S1-185303019	
S1-96754059	
S1-564845189	
S1-267430950	
S1-628130342	
S1-255006399	
S1-604551572	
S1-532824715	
S1-880522118	
S1-857862274	
S1-546021971	
S1-376288011	
S1-78239093	
S1-442952674	
S1-594992305	
S1-816148604	
S1-224642107	
S1-974289136	
S1-996057535	
S1-664472035	
S1-823897788	
S1-730743422	
S1-40471645	
S1-469612502	
S1-573799469	
S1-149857270	
S1-322116063	
S1-986178356	
S1-8706577	
S1-553506103	
S1-637505993	
S1-878368162	
S1-259162299	
S1-426063107	
S1-457693692	
S1-767570562	
S1-257452816	
S1-254365716	
S1-645631400	
S1-389030605	
S1-666834779	
S1-186841314	
S1-21683209	
S1-458975497	
S1-565452227	
S1-827285109	
S1-260160951	
S1-499441030	
S1-985986458	
S1-873678728	
S1-374754769	
S1-930899042	
S1-381493394	
S1-755207837	
S1-698256430	
S1-559687913	
S1-392236703	
S1-103554069	
S1-317707084	
S1-308739015	
S1-874682626	
S1-466183643	
S1-825850076	
S1-782108165	
S1-280617737	
S1-53160257	
S1-188015088	
S1-720428932	
S1-770688986	
S1-430694933	
S1-138209479	
S1-620046622	
S1-373567555	
S1-779038622	
S1-207309794	
S1-632441292	
S1-239348600	
S1-782565291	
S1-292130118	
S1-272281664	
S1-401515681	
S1-376149537	
S1-852058584	
S1-27395292	
S1-728956998	
S1-913965144	
S1-37861228	
S1-171258031	
S1-803018832	
S1-367876979	
S1-39226151	
S1-215089440	
S1-963166493	
S1-205708155	
S1-592099594	
S1-564132059	
S1-575454452	
S1-709846631	
S1-449276830	
S1-89263807	
S1-485156908	
S1-784037939	
S1-305430043	
S1-360695824	
S1-365247461	
S1-980743935	
S1-444373804	
S1-999843560	
S1-145875108	
S1-827043272	
S1-373917752	
S1-976400271	
S1-915372197	
S1-240037028	
S1-541258	
S1-43769466	
S1-297702119	
S1-632933357	
S1-398410193	
S1-581419757	
S1-992395766	
S1-864438825	
S1-887139681	
S1-62411483	
S1-60078634	
S1-436045644	
S1-875317187	
S1-788867929	
S1-18164802	
S1-943952925	
S1-704461845	
S1-577547609	
S1-971328003	
S1-210858318	
S1-419761841	
S1-812959717	
S1-33477813	
S1-270746319	
S1-780775400	
S1-28851898	
S1-384208943	
S1-1363472	
S1-994771542	
S1-861722086	
S1-749997580	
S1-105760111	
S1-501122762	
S1-554386839	
S1-937810913	
S1-458905590	
S1-326692648	
S1-694984272	
S1-22152326	
S1-375632440	
S1-657826508	
S1-118220712	
S1-644104541	
S1-309819441	
S1-146883840	
S1-815981809	
S1-887585481	
S1-615971607	
S1-973799816	
S1-226370329	
S1-554128518	
S1-704910376	
S1-829657294	
S1-400600349	
S1-521421592	
S1-632671015	
S1-464938042	
S1-946958433	
S1-832938370	
S1-519668898	
S1-890386409	
S1-722557122	
S1-677096205	
S1-861592925	
S1-710969008	
S1-971225238	
S1-454551361	
S1-751127540	
S1-478418449	
S1-966769738	
S1-773785127	
S1-70885098	
S1-685074266	
S1-481406181	
S1-345175168	
S1-903830077	
S1-972417158	
S1-611459370	
S1-567337202	
S1-713174644	
S1-628096406	
S1-638522569	
S1-157803373	
S1-974274738	
S1-173083172	
S1-628622797	
S1-424938556	
S1-854982606	
S1-97681582	
S1-450850726	
S1-311847143	
S1-382915026	
S1-214786635	
S1-454805113	
S1-928972693	
S1-624267625	
S1-360163433	
S1-200094855	
S1-592079471	
S1-461506195	
S1-645114365	
S1-236921571	
S1-517777569	
S1-851371085	
S1-278510980	
S1-989999624	
S1-95893380	
S1-595968590	
S1-905086354	
S1-803274973	
S1-490134530	
S1-377232009	
S1-953538947	
S1-415666036	
S1-52186392	
S1-519532998	
S1-440822615	
S1-346709788	
S1-814069288	
S1-518400773	
S1-588878693	
S1-351688987	
S1-13816066	
S1-989786443	
S1-235001299	
S1-917769641	
S1-611790450	
S1-431497992	
S1-504784966	
S1-534972382	
S1-790148312	
S1-544621222	
S1-160774082	
S1-563942384	
S1-223244426	
S1-138002186	
S1-734655074	
S1-518215172	
S1-377812441	
S1-801795252	
S1-623672164	
S1-937161276	
S1-246818338	
S1-579047989	
S1-662110491	
S1-715231741	
S1-499392771	
S1-181736731	
S1-338446273	
S1-999426569	
S1-572455178	
S1-942620413	
S1-927479091	
S1-670605806	
S1-770453010	
S1-791693199	
S1-327471313	
S1-657107926	
S1-8229767	
S1-842207132	
S1-698624705	
S1-504532005	
S1-470400802	
S1-155434707	
S1-18584836	
S1-593733123	
S1-261475354	
S1-260885047	
S1-797027391	
S1-740955566	
S1-719901074	
S1-78621789	
S1-289141403	
S1-446153431	
S1-919039305	
S1-830429608	
S1-104412279	
S1-127486763	
S1-62478715	
S1-732223933	
S1-162547729	
S1-18788234	
S1-871246790	
S1-524909621	
S1-629847869	
S1-213518522	
S1-607967643	
S1-338615299	
S1-556435677	
S1-333013123	
S1-196905238	
S1-982275362	
S1-507991447	
S1-981098204	
S1-250982017	
S1-36777047	
S1-611717451	
S1-679164001	
S1-124123745	
S1-796487521	
S1-406749910	
S1-578260811	
S1-724410377	
S1-565456451	
S1-881704176	
S1-524197872	
S1-553129565	
S1-539395223	
S1-623155344	
S1-545572109	
S1-742847917	
S1-989540130	
S1-59656934	
S1-960806630	
S1-669090772	
S1-139435662	
S1-218355121	
S1-883065372	
S1-947085855	
S1-486852462	
S1-373926413	
S1-654726535	
S1-19481145	
S1-230132524	
S1-368874917	
S1-364009640	
S1-92503946	
S1-776866027	
S1-614697884	
S1-63326049	
S1-585850482	
S1-762721284	
S1-713011417	
S1-800335868	
S1-348258593	
S1-692697113	
S1-795480256	
S1-759274104	
S1-139304782	
S1-449902253	
S1-343599790	
S1-837791465	
S1-795592647	
S1-501166111	
S1-238984528	
S1-720985167	
S1-544785058	
S1-407097484	
S1-683741607	
S1-27995956	
S1-844063630	
S1-70026060	
S1-916461724	
S1-184679021	
S1-43151296	
S1-198461474	
S1-439029833	
S1-164209601	
S1-322812834	
S1-423864336	
S1-458426838	
S1-690012728	
S1-998496853	
S1-840524178	
S1-120350735	
S1-390691679	
S1-54987846	
S1-607352506	
S1-477781234	
S1-86393062	
S1-689490414	
S1-703370106	
S1-904911845	
S1-659438670	
S1-442686560	
S1-221348637	
S1-826666981	
S1-12094641	
S1-876916810	
S1-351591969	
S1-760587665	
S1-659543012	
S1-309795144	
S1-171308719	
S1-111226896	
S1-482267491	
S1-156334709	
S1-327275381	
S1-785125653	
S1-934868299	
S1-863032545	
S1-600828054	
S1-525694809	
S1-228953860	
S1-195584891	
S1-199637291	
S1-161317494	
S1-848872930	
S1-903461749	
S1-119545401	
S1-736612548	
S1-489531894	
S1-400372841	
S1-843127762	
S1-186364545	
S1-862192823	
S1-690642642	
S1-573188997	
S1-187914653	
S1-617905307	
S1-677633780	
S1-768759956	
S1-139320071	
S1-819018113	
S1-702321433	
S1-777299102	
S1-134295442	
S1-474383478	
S1-494550340	
S1-510827119	
S1-519333625	
S1-627543210	
S1-176779895	
S1-128137563	
S1-786423094	
S1-49798843	
S1-188283751	
S1-652268297	
S1-291432079	
S1-85664659	
S1-671731581	
S1-496491080	
S1-485464396	
S1-352139308	
S1-931655298	
S1-704910423	
S1-751815830	
S1-805815468	
S1-660364513	
S1-82764105	
S1-871567661	
S1-266501471	
S1-758614735	
S1-753819368	
S1-795832321	
S1-922525763	
S1-222347515	
S1-949056506	
S1-231704349	
S1-945729585	
S1-815285897	
S1-299572204	
S1-102473141	
S1-109126413	
S1-573535306	
S1-241311748	
S1-767375198	
S1-963792495	
S1-414778570	
S1-988824983	
S1-428381382	
S1-409454317	
S1-717230787	
S1-146441474	
S1-584399150	
S1-272676397	
S1-568632554	
S1-677436016	
S1-461402017	
S1-830715002	
S1-243069645	
S1-944893186	
S1-68685500	
S1-472833555	
S1-585090040	
S1-54071392	
S1-463735236	
S1-893190553	
S1-996435627	
S1-208102058	
S1-466301306	
S1-688512548	
S1-87097346	
S1-615023349	
S1-455924990	
S1-945493127	
S1-445973044	
S1-779625211	
S1-396777762	
S1-138334172	
S1-685224666	
S1-801435896	
S1-882055719	
S1-30797050	
S1-756315258	
S1-820837816	
S1-173007747	
S1-583129148	
S1-681856885	
S1-922384249	
S1-589977188	
S1-33123077	
S1-67321262	
S1-814461771	
S1-168403394	
S1-371511497	
S1-657983991	
S1-772532707	
S1-447935915	
S1-236122445	
S1-700489518	
S1-580356671	
S1-552073609	
S1-501028688	
S1-256093921	
S1-719896670	
S1-447298539	
S1-327691072	
S1-314776616	
S1-961825086	
S1-91292611	
S1-353471907	
S1-814786668	
S1-198784776	
S1-670289577	
S1-756943023	
S1-942504355	
S1-310947038	
S1-774105429	
S1-608561656	
S1-246565786	
S1-97426209	
S1-470836086	
S1-219653709	
S1-864179931	
S1-798038464	
S1-793847145	
S1-180315018	
S1-354541817	
S1-547293083	
S1-283285443	
S1-114808225	
S1-703980052	
S1-157116785	
S1-818644172	
S1-451761453	
S1-590681594	
S1-454921261	
S1-242755340	
S1-565597167	
S1-814969174	
S1-464912663	
S1-600432491	
S1-984954205	
S1-168299892	
S1-498825020	
S1-232526774	
S1-918165216	
S1-857857330	
S1-800331685	
S1-214490337	
S1-429184178	
S1-881931906	
S1-174667403	
S1-761742632	
S1-887132366	
S1-157120097	
S1-182803722	
S1-326284963	
S1-439448320	
S1-491959022	
S1-226746417	
S1-663268018	
S1-698634928	
S1-984624270	
S1-235417382	
S1-353828399	
S1-553917063	
S1-800788618	
S1-354611200	
S1-442632042	
S1-821069609	
S1-457751399	
S1-554689575	
S1-331051574	
S1-404482451	
S1-508702604	
S1-486229288	
S1-477996110	
S1-161856741	
S1-828096766	
S1-772096773	
S1-563755806	
S1-500009215	
S1-165825981	
S1-460244049	
S1-572744212	
S1-817173492	
S1-48206309	
S1-777241864	
S1-960920333	
S1-275663940	
S1-211655552	
S1-330856852	
S1-393910724	
S1-551398183	
S1-579450947	
S1-282120934	
S1-916934765	
S1-838259110	
S1-634564218	
S1-807770610	
S1-706270980	
S1-115424906	
S1-711057434	
S1-93860122	
S1-934063614	
S1-562968980	
S1-827680941	
S1-556200428	
S1-785313585	
S1-908732529	
S1-87265764	
S1-970526001	
S1-974034568	
S1-738689685	
S1-160402980	
S1-666401063	
S1-951440595	
S1-138540696	
S1-476843299	
S1-619365025	
S1-91997499	
S1-496767170	
S1-836105638	
S1-292727628	
S1-372906488	
S1-59936664	
S1-633330169	
S1-80541073	
S1-649544539	
S1-897711061	
S1-768992678	
S1-362385937	
S1-955783831	
S1-680011655	
S1-564615277	
S1-106369154	
S1-97111797	
S1-51759709	
S1-686459218	
S1-677360043	
S1-745594584	
S1-595623769	
S1-837342341	
S1-639769222	
S1-170641135	
S1-566771894	
S1-753022716	
S1-243376902	
S1-222052850	
S1-84739933	
S1-723350318	
S1-819432839	
S1-407344255	
S1-616265585	
S1-74890405	
S1-804992856	
S1-574201065	
S1-842236658	
S1-290048696	
S1-300482527	
S1-898399202	
S1-764218753	
S1-846070324	
S1-727424111	
S1-97664418	
S1-102816401	
S1-556361430	
S1-168645472	
S1-883922298	
S1-779134415	
S1-67216390	
S1-422875213	
S1-777528747	
S1-939754716	
S1-628532520	
S1-833938484	
S1-773421743	
S1-244809860	
S1-421115021	
S1-541805638	
S1-419486753	
S1-838394984	
S1-130722666	
S1-667706790	
S1-743013152	
S1-272137165	
S1-666517798	
S1-483420764	
S1-848802826	
S1-810649079	
S1-763302843	
S1-630513553	
S1-854323818	
S1-606182154	
S1-284520181	
S1-575579686	
S1-686401419	
S1-244202931	
S1-586502393	
S1-7030231	
S1-262337360	
S1-824819115	
S1-713083431	
S1-149315707	
S1-262786033	
S1-374811234	
S1-306268085	
S1-974331878	
S1-872689415	
S1-523061776	
S1-477248436	
S1-71823293	
S1-789468726	
S1-116953800	
S1-72290367	
S1-243245225	
S1-542592646	
S1-901690978	
S1-198248738	
S1-408973213	
S1-802089365	
S1-143588735	
S1-430841804	
S1-842117381	
S1-158046513	
S1-645011844	
S1-128750220	
S1-917414799	
S1-149276409	
S1-139260566	
S1-834247461	
S1-728986856	
S1-947728683	
S1-955603324	
S1-814765415	
S1-442847955	
S1-294761655	
S1-758393109	
S1-800625511	
S1-551110762	
S1-51562386	
S1-140534655	
S1-708692905	
S1-816057113	
S1-345009165	
S1-849635043	
S1-895075960	
S1-177789737	
S1-237569303	
S1-835625750	
S1-480317243	
S1-219182075	
S1-179106378	
S1-518163691	
S1-241246224	
S1-577768834	
S1-413256246	
S1-280133474	
S1-722365411	
S1-104422253	
S1-4348062	
S1-265917695	
S1-841692468	
S1-867434801	
S1-89296478	
S1-239783167	
S1-210172436	
S1-682793345	
S1-402964132	
S1-827799296	
S1-527079363	
S1-815635797	
S1-678311324	
S1-604527796	
S1-532191617	
S1-755229133	
S1-45261040	
S1-973200420	
S1-42368343	
S1-47977165	
S1-846420852	
S1-956132476	
S1-868005082	
S1-102798252	
S1-670357208	
S1-865863280	
S1-867550791	
S1-465644142	
S1-381871301	
S1-900666637	
S1-170267088	
S1-154375941	
S1-786572061	
S1-344423884	
S1-418685176	
S1-782780168	
S1-116684339	
S1-605256248	
S1-329315145	
S1-840700848	
S1-855865688	
S1-832289812	
S1-711996371	
S1-770838982	
S1-535630172	
S1-749875943	
S1-264055324	
S1-858070524	
S1-947892408	
S1-16206619	
S1-780514479	
S1-30277510	
S1-63670301	
S1-313976828	
S1-476310226	
S1-481234952	
S1-284262599	
S1-3477781	
S1-646814454	
S1-328849945	
S1-246584638	
S1-249271020	
S1-774972659	
S1-352653672	
S1-348255638	
S1-538742680	
S1-338839617	
S1-713204218	
S1-244963186	
S1-368774703	
S1-134933296	
S1-952846637	
S1-932479828	
S1-117327157	
S1-672288042	
S1-419324674	
S1-704036551	
S1-582623058	
S1-203373502	
S1-502365507	
S1-113094851	
S1-852250889	
S1-220638624	
S1-528846099	
S1-946690438	
S1-87243988	
S1-384846652	
S1-472276677	
S1-837405247	
S1-540438136	
S1-154366904	
S1-274721192	
S1-279950035	
S1-873436641	
S1-761541614	
S1-998054002	
S1-647299190	
S1-774020110	
S1-548066661	
S1-12981662	
S1-801807828	
S1-7440180	
S1-817617516	
S1-383635247	
S1-76810798	
S1-201708361	
S1-540563558	
S1-609561145	
S1-468039371	
S1-865900861	
S1-361006512	
S1-473785841	
S1-167332856	
S1-381798888	
S1-842908188	
S1-575324473	
S1-858598223	
S1-59389755	
S1-738011738	
S1-142659529	
S1-518123174	
S1-146218276	
S1-368685800	
S1-36946688	
S1-828653822	
S1-225043216	
S1-706615760	
S1-970615273	
S1-227419931	
S1-734617514	
S1-676902723	
S1-643134344	
S1-964248701	
S1-30416888	
S1-640486224	
S1-79037260	
S1-30843804	
S1-44949315	
S1-18270715	
S1-452120880	
S1-985067416	
S1-314568293	
S1-606738581	
S1-914261447	
S1-86219976	
S1-243092872	
S1-751755317	
S1-345831430	
S1-465370791	
S1-367170072	
S1-693822306	
S1-587961430	
S1-700758285	
S1-726064103	
S1-976600290	
S1-733373475	
S1-900724071	
S1-688895187	
S1-932788242	
S1-616263847	
S1-441288372	
S1-858899394	
S1-766104986	
S1-685362994	
S1-70869648	
S1-225237895	
S1-215446773	
S1-753061838	
S1-576760744	
S1-813485527	
S1-410668181	
S1-363057466	
S1-979943191	
S1-59221669	
S1-255474626	
S1-770109581	
S1-851054673	
S1-961800975	
S1-829914880	
S1-987529230	
S1-499976174	
S1-862409481	
S1-974136743	
S1-37003682	
S1-762847590	
S1-125305371	
S1-220085364	
S1-727285338	
S1-72111926	
S1-774645299	
S1-477344510	
S1-685432813	
S1-966214920	
S1-790807915	
S1-14580011	
S1-115060972	
S1-207924045	
S1-50634967	
S1-761657566	
S1-835883142	
S1-199908472	
S1-354593249	
S1-308947037	
S1-703923406	
S1-25521901	
S1-511763847	
S1-414715494	
S1-890505731	
S1-285908073	
S1-304033351	
S1-25034602	
S1-862064880	
S1-719645161	
S1-558638514	
S1-958774009	
S1-259883662	
S1-147772274	
S1-580439672	
S1-66590945	
S1-529553394	
S1-440516854	
S1-595166945	
S1-823166196	
S1-389151477	
S1-552952204	
S1-539563150	
S1-6810603	
S1-132437481	
S1-842312876	
S1-89814581	
S1-449482237	
S1-329484824	
S1-410507563	
S1-457191730	
S1-610393063	
S1-970456061	
S1-885920370	
S1-959169276	
S1-617574221	
S1-521646727	
S1-149198618	
S1-9710790	
S1-339904057	
S1-918786571	
S1-704691657	
S1-275895498	
S1-180734797	
S1-321966426	
S1-509692976	
S1-852500926	
S1-315718437	
S1-735574607	
S1-237836392	
S1-933639501	
S1-198783277	
S1-174187754	
S1-403322725	
S1-449875933	
S1-913762175	
S1-80965989	
S1-569167652	
S1-491563331	
S1-911888459	
S1-742010133	
S1-251557806	
S1-126521589	
S1-953669987	
S1-663935882	
S1-490203095	
S1-81506630	
S1-701239138	
S1-301748562	
S1-887228448	
S1-13695399	
S1-150203400	
S1-57306434	
S1-371214063	
S1-91578452	
S1-247701630	
S1-450023705	
S1-262827938	
S1-143887449	
S1-928192911	
S1-715611390	
S1-443877267	
S1-676701936	
S1-910399264	
S1-371792235	
S1-374085520	
S1-70729366	
S1-875342592	
S1-434231811	
S1-846758853	
S1-679477768	
S1-640155222	
S1-977883840	
S1-841159685	
S1-637291278	
S1-624052649	
S1-315453273	
S1-989381418	
S1-156673467	
S1-560256660	
S1-159906126	
S1-970836046	
S1-228928698	
S1-550710073	
S1-24589418	
S1-699882562	
S1-883367500	
S1-621180928	
S1-319650731	
S1-831153482	
S1-91912417	
S1-828625815	
S1-174652831	
S1-919023499	
S1-948371686	
S1-783962054	
S1-388510703	
S1-240999860	
S1-197740909	
S1-860155221	
S1-476300320	
S1-400249060	
S1-281928728	
S1-807125719	
S1-581934428	
S1-394800678	
S1-579747602	
S1-258457670	
S1-834620376	
S1-705509653	
S1-710561163	
S1-291686950	
S1-937561405	
S1-945299276	
S1-117516983	
S1-644677707	
S1-226476501	
S1-485999253	
S1-538091672	
S1-870844153	
S1-58918150	
S1-657957916	
S1-964156708	
S1-456572319	
S1-118941892	
S1-147562936	
S1-424241084	
S1-646819164	
S1-210113672	
S1-464784750	
S1-127416874	
S1-497842191	
S1-286792280	
S1-991861541	
S1-193393631	
S1-805201911	
S1-17814568	
S1-132809141	
S1-641445625	
S1-916524694	
S1-311801009	
S1-777933953	
S1-769962072	
S1-288523684	
S1-433661303	
S1-835628661	
S1-788526907	
S1-904977078	
S1-753590464	
S1-455707178	
S1-431842088	
S1-141495545	
S1-95490220	
S1-87086152	
S1-544626210	
S1-426031352	
S1-499258866	
S1-250728967	
S1-454722946	
S1-881537016	
S1-340831857	
S1-27044416	
S1-448465601	
S1-729660828	
S1-761028830	
S1-314682126	
S1-463930979	
S1-672940623	
S1-162358349	
S1-989686802	
S1-89752838	
S1-446678482	
S1-436121309	
S1-749302735	
S1-828129049	
S1-970029891	
S1-198659005	
S1-526740899	
S1-410888789	
S1-88543644	
S1-931739278	
S1-179648366	
S1-937981801	
S1-897578929	
S1-152878376	
S1-732757225	
S1-864440993	
S1-681022761	
S1-777670489	
S1-633852711	
S1-358768474	
S1-815140389	
S1-491702652	
S1-100978628	
S1-376043705	
S1-536870600	
S1-487277788	
S1-931795825	
S1-160342836	
S1-667613111	
S1-958425669	
S1-411056803	
S1-506889144	
S1-380583380	
S1-367475221	
S1-57959444	
S1-705936310	
S1-229416120	
S1-181963191	
S1-793572281	
S1-182106053	
S1-295147100	
S1-514936143	
S1-617768344	
S1-458281389	
S1-964707735	
S1-73787861	
S1-88997834	
S1-337618955	
S1-362379909	
S1-86632762	
S1-358709289	
S1-445866047	
S1-287731285	
S1-959545356	
S1-750938247	
S1-635286863	
S1-308570664	
S1-542529443	
S1-936474279	
S1-553116208	
S1-50512330	
S1-923040423	
S1-645816108	
S1-349625894	
S1-241266743	
S1-453256186	
S1-194743498	
S1-394649656	
S1-691921389	
S1-496840600	
S1-661266836	
S1-696419177	
S1-891642750	
S1-790927921	
S1-649879939	
S1-201156953	
S1-908021466	
S1-993474896	
S1-154665376	
S1-381275253	
S1-472501879	
S1-65258304	
S1-230700895	
S1-348706586	
S1-874824085	
S1-6060266	
S1-756065580	
S1-39706501	
S1-226421551	
S1-907764054	
S1-753578073	
S1-11149714	
S1-248455559	
S1-262027526	
S1-997631364	
S1-733796639	
S1-483584181	
S1-73250829	
S1-142270136	
S1-561072945	
S1-319430811	
S1-509094829	
S1-615618089	
S1-908498320	
S1-802773481	
S1-642666800	
S1-775308792	
S1-567620855	
S1-30637205	
S1-679316971	
S1-68726693	
S1-498122577	
S1-717881522	
S1-125624831	
S1-893782361	
S1-549159670	
S1-343764965	
S1-81704402	
S1-300725907	
S1-692341965	
S1-533805885	
S1-292699211	
S1-728337855	
S1-993977850	
S1-798640278	
S1-897506987	
S1-6906347	
S1-779956324	
S1-129477670	
S1-903960705	
S1-428527214	
S1-240861202	
S1-490950256	
S1-770425277	
S1-162401857	
S1-170276081	
S1-513881010	
S1-246199773	
S1-314753046	
S1-452408680	
S1-212070010	
S1-602174762	
S1-766759757	
S1-974944059	
S1-539917162	
S1-236175887	
S1-49955065	
S1-981568551	
S1-905171216	
S1-25967035	
S1-218524556	
S1-161244927	
S1-624312678	
S1-968877372	
S1-296613498	
S1-350200288	
S1-780499468	
S1-855348147	
S1-757406164	
S1-408879236	
S1-110587875	
S1-657274169	
S1-100728814	
S1-601591486	
S1-371488148	
S1-64036389	
S1-169323442	
S1-844760668	
S1-810497506	
S1-22007091	
S1-896646019	
S1-363693322	
S1-591129947	
S1-65145991	
S1-463840581	
S1-124372779	
S1-227759692	
S1-74745457	
S1-589091113	
S1-227604851	
S1-426695088	
S1-300364061	
S1-141773859	
S1-797146671	
S1-119188587	
S1-914151484	
S1-737822448	
S1-558006314	
S1-541185987	
S1-817950629	
S1-28871261	
S1-735771848	
S1-809232894	
S1-618634735	
S1-118019872	
S1-841061877	
S1-480741991	
S1-450309398	
S1-819916713	
S1-935450155	
S1-389331680	
S1-93929658	
S1-704393156	
S1-970205751	
S1-568014561	
S1-185231607	
S1-720735108	
S1-721939282	
S1-953276349	
S1-906527704	
S1-931654202	
S1-713193331	
S1-151662717	
S1-468630095	
S1-422270090	
S1-403309636	
S1-218332494	
S1-445203377	
S1-190564392	
S1-505085258	
S1-895130088	
S1-596361740	
S1-643334909	
S1-793439663	
S1-503007031	
S1-240466604	
S1-868852791	
S1-17304279	
S1-57757822	
S1-203600601	
S1-205384080	
S1-297992395	
S1-9336905	
S1-724995058	
S1-744251753	
S1-300354733	
S1-636225468	
S1-279198937	
S1-851970303	
S1-850488980	
S1-630437581	
S1-387320272	
S1-739936534	
S1-756458628	
S1-8183704	
S1-54804957	
S1-644656929	
S1-191450745	
S1-884983238	
S1-700404699	
S1-124161210	
S1-588961851	
S1-55081385	
S1-286445065	
S1-500542907	
S1-169969427	
S1-409482250	
S1-991505225	
S1-396561945	
S1-121674191	
S1-885193217	
S1-31336613	
S1-241331522	
S1-320637106	
S1-83020048	
S1-32770022	
S1-115583957	
S1-999922988	
S1-86560001	
S1-174578193	
S1-218147545	
S1-984632259	
S1-537022477	
S1-139669964	
S1-647772430	
S1-602423592	
S1-463647773	
S1-584551353	
S1-782549003	
S1-387386556	
S1-311547245	
S1-934465703	
S1-338959160	
S1-20305512	
S1-282289575	
S1-270306415	
S1-27239722	
S1-424373905	
S1-468667156	
S1-996894929	
S1-26582733	
S1-163656769	
S1-516349205	
S1-907274615	
S1-854192707	
S1-954981810	
S1-508979490	
S1-67546942	
S1-894386516	
S1-486835838	
S1-997658317	
S1-387860650	
S1-33164081	
S1-902422930	
S1-539261372	
S1-405933262	
S1-43718983	
S1-812783964	
S1-519810371	
S1-532639520	
S1-501011594	
S1-310867391	
S1-958176699	
S1-663801707	
S1-909614395	
S1-136205501	
S1-891493915	
S1-796077970	
S1-497920644	
S1-397961959	
S1-459040736	
S1-646986128	
S1-978812810	
S1-146077675	
S1-888241327	
S1-901505171	
S1-843761153	
S1-220668670	
S1-777814365	
S1-244744540	
S1-982064062	
S1-236415008	
S1-180571724	
S1-775153987	
S1-972478890	
S1-2079549	
S1-531350277	
S1-686253137	
S1-176597130	
S1-280798618	
S1-116342892	
S1-542516583	
S1-901664696	
S1-243330822	
S1-153786687	
S1-561583605	
S1-700034862	
S1-706628281	
S1-204476551	
S1-939154059	
S1-854640792	
S1-574756543	
S1-108710248	
S1-161344028	
S1-533160166	
S1-489488010	
S1-339102549	
S1-103032191	
S1-418984032	
S1-944980240	
S1-227544561	
S1-172764277	
S1-18521565	
S1-286449264	
S1-623385016	
S1-855016850	
S1-9353662	
S1-910654906	
S1-319855795	
S1-744438989	
S1-320073515	
S1-852907615	
S1-858099253	
S1-821593015	
S1-636763557	
S1-444179230	
S1-566932116	
S1-696776533	
S1-220613746	
S1-421527029	
S1-57121349	
S1-111284156	
S1-638092728	
S1-653265989	
S1-684869898	
S1-730835175	
S1-164679788	
S1-49293971	
S1-415349553	
S1-62541319	
S1-92095273	
S1-887597179	
S1-32857862	
S1-842720145	
S1-512699519	
S1-706637371	
S1-542873708	
S1-196465115	
S1-684118633	
S1-910231078	
S1-948281818	
S1-72470146	
S1-130472015	
S1-92161821	
S1-704197529	
S1-31555088	
S1-759714776	
S1-664244212	
S1-446914395	
S1-309114398	
S1-357305454	
S1-4514451	
S1-374142877	
S1-936490989	
S1-480720663	
S1-885654767	
S1-206532553	
S1-157557766	
S1-44441676	
S1-67943497	
S1-202691061	
S1-158871197	
S1-295151227	
S1-447255821	
S1-286403864	
S1-798745311	
S1-552015998	
S1-518721017	
S1-624317453	
S1-840082624	
S1-597555124	
S1-148840588	
S1-539640026	
S1-869695465	
S1-372986052	
S1-959186175	
S1-959594931	
S1-367035806	
S1-964952775	
S1-929105876	
S1-16625219	
S1-474891533	
S1-778202164	
S1-430884353	
S1-297001673	
S1-895184157	
S1-460648160	
S1-142538368	
S1-389821786	
S1-463586865	
S1-675435645	
S1-35776646	
S1-756563166	
S1-759387079	
S1-55901519	
S1-640006221	
S1-89003098	
S1-114985695	
S1-712061474	
S1-3821991	
S1-570785752	
S1-866372336	
S1-305651730	
S1-410806321	
S1-143635516	
S1-417766927	
S1-464588962	
S1-217009336	
S1-21618684	
S1-803020738	
S1-53074839	
S1-88940167	
S1-33388467	
S1-188965203	
S1-938704650	
S1-893636707	
S1-377048866	
S1-983606106	
S1-657381860	
S1-459469713	
S1-640164636	
S1-120568503	
S1-690989558	
S1-407068202	
S1-143217935	
S1-29489051	
S1-257258146	
S1-689380562	
S1-585200537	
S1-53137121	
S1-85506098	
S1-260806884	
S1-436247714	
S1-271321842	
S1-298420984	
S1-942394557	
S1-739274047	
S1-5122606	
S1-923693518	
S1-883892007	
S1-19092458	
S1-594520395	
S1-120187175	
S1-859064119	
S1-494242148	
S1-893819740	
S1-313015560	
S1-612638915	
S1-472562222	
S1-753714720	
S1-191636321	
S1-790908905	
S1-416888495	
S1-747261633	
S1-46943997	
S1-829930596	
S1-718368851	
S1-451852938	
S1-603114922	
S1-687376899	
S1-65579960	
S1-182072611	
S1-89105818	
S1-636962518	
S1-953868014	
S1-345405851	
S1-683355578	
S1-505143348	
S1-154350864	
S1-444729589	
S1-398977810	
S1-122758047	
S1-563685056	
S1-557388418	
S1-867026940	
S1-572022703	
S1-529341735	
S1-855874396	
S1-762145338	
S1-93968785	
S1-329057093	
S1-714603257	
S1-194403632	
S1-67475314	
S1-608678591	
S1-92402944	
S1-230915907	
S1-491446504	
S1-585126758	
S1-717043184	
S1-773738786	
S1-752873095	
S1-339915078	
S1-786774335	
S1-176717637	
S1-856950074	
S1-282528736	
S1-82246406	
S1-975327273	
S1-987332556	
S1-526779407	
S1-441194320	
S1-394627795	
S1-251120494	
S1-849169382	
S1-822990120	
S1-993624643	
S1-755509215	
S1-614996916	
S1-597501057	
S1-620373793	
S1-472339133	
S1-19542538	
S1-290252776	
S1-425899846	
S1-81900775	
S1-866450847	
S1-989391803	
S1-789271185	
S1-349093402	
S1-450384386	
S1-70646525	
S1-581832196	
S1-501508512	
S1-583373015	
S1-201777689	
S1-722013210	
S1-87721155	
S1-300986519	
S1-613282127	
S1-162911727	
S1-118813506	
S1-563619556	
S1-56950357	
S1-402424586	
S1-739318859	
S1-885974247	
S1-806024660	
S1-131033507	
S1-538644975	
S1-807776205	
S1-421513240	
S1-614253987	
S1-51367064	
S1-169146235	
S1-987581305	
S1-45539436	
S1-394836562	
S1-808196916	
S1-609394937	
S1-38749536	
S1-322836423	
S1-741520593	
S1-401850208	
S1-969648099	
S1-774536095	
S1-780890074	
S1-295645788	
S1-781585570	
S1-716951812	
S1-792860773	
S1-748033594	
S1-475438897	
S1-86018205	
S1-109579590	
S1-142429060	
S1-968084872	
S1-959927187	
S1-147568946	
S1-776923282	
S1-863918350	
S1-341512441	
S1-524035700	
S1-430893745	
S1-472560925	
S1-654900690	
S1-250677846	
S1-392147187	
S1-697079829	
S1-852968918	
S1-928534012	
S1-588504633	
S1-753224098	
S1-525916411	
S1-470883401	
S1-553597853	
S1-871271304	
S1-168523491	
S1-521695570	
S1-746217003	
S1-288460253	
S1-664716110	
S1-784873912	
S1-247062481	
S1-211032651	
S1-109624832	
S1-528542953	
S1-856535942	
S1-688208354	
S1-68824366	
S1-732206664	
S1-479649742	
S1-763361871	
S1-286719734	
S1-158667567	
S1-937227174	
S1-317065515	
S1-857839601	
S1-929410507	
S1-476613913	
S1-787908716	
S1-620188347	
S1-726471705	
S1-343535098	
S1-407808690	
S1-204202191	
S1-909986025	
S1-356583238	
S1-591960433	
S1-155904527	
S1-53106892	
S1-189254812	
S1-170137660	
S1-52092827	
S1-510150155	
S1-285966775	
S1-131524141	
S1-626216319	
S1-765255985	
S1-466685962	
S1-363394094	
S1-257255070	
S1-726626208	
S1-232287269	
S1-348012167	
S1-621145666	
S1-208245623	
S1-364491393	
S1-192000692	
S1-153914397	
S1-305135021	
S1-686552735	
S1-17014021	
S1-730903503	
S1-153190487	
S1-850751023	
S1-589973056	
S1-506196887	
S1-509640815	
S1-812203285	
S1-41651258	
S1-489026170	
S1-805619748	
S1-669711508	
S1-665342482	
S1-163781557	
S1-694955949	
S1-32437263	
S1-636110595	
S1-826310085	
S1-910315718	
S1-3214632	
S1-591575131	
S1-333588895	
S1-329520449	
S1-479457701	
S1-930132173	
S1-807613958	
S1-954504648	
S1-731107472	
S1-725505847	
S1-455024781	
S1-247582448	
S1-72663606	
S1-922998096	
S1-729827328	
S1-367452309	
S1-523433708	
S1-305291453	
S1-461511489	
S1-936589385	
S1-391674010	
S1-359824484	
S1-199671262	
S1-924234884	
S1-772969184	
S1-316378986	
S1-689319487	
S1-346301804	
S1-847177937	
S1-811025144	
S1-966884798	
S1-57812356	
S1-834733561	
S1-780916469	
S1-57886252	
S1-293023793	
S1-524468038	
S1-347964055	
S1-214125956	
S1-458157810	
S1-314949212	
S1-410047771	
S1-500897618	
S1-958530176	
S1-824104897	
S1-538358855	
S1-925221984	
S1-196391768	
S1-580172342	
S1-39540039	
S1-345615778	
S1-130971962	
S1-351732638	
S1-864194774	
S1-134403894	
S1-580432001	
S1-276305669	
S1-459652694	
S1-306567998	
S1-949859774	
S1-762206327	
S1-579195714	
S1-499887272	
S1-232793271	
S1-984856787	
S1-204204802	
S1-806193659	
S1-684965138	
S1-366722737	
S1-975088028	
S1-840705545	
S1-956811405	
S1-204350436	
S1-970217702	
S1-26403526	
S1-242629138	
S1-520395317	
S1-16909274	
S1-537425624	
S1-261109603	
S1-827191526	
S1-666865606	
S1-274028077	
S1-804346024	
S1-149000770	
S1-891105113	
S1-344141853	
S1-917178393	
S1-743309793	
S1-599865173	
S1-495242506	
S1-223108178	
S1-905965124	
S1-942386714	
S1-344418975	
S1-116917920	
S1-533024711	
S1-796737254	
S1-980834560	
S1-554108022	
S1-678660448	
S1-899971330	
S1-457459519	
S1-857055514	
S1-890925624	
S1-605096238	
S1-390090420	
S1-302013524	
S1-14323166	
S1-806047841	
S1-218048899	
S1-683647627	
S1-769791671	
S1-391248994	
S1-109890308	
S1-456944558	
S1-695122223	
S1-937657659	
S1-17600535	
S1-696678308	
S1-543223236	
S1-745556148	
S1-291002392	
S1-848005733	
S1-955514212	
S1-478306439	
S1-574916080	
S1-605800085	
S1-51108650	
S1-39179464	
S1-694443245	
S1-876080850	
S1-961130863	
S1-864884435	
S1-653862011	
S1-800201980	
S1-810521118	
S1-360911188	
S1-903189255	
S1-272953040	
S1-834087593	
S1-489004417	
S1-525378857	
S1-604222370	
S1-382128587	
S1-420082384	
S1-21296321	
S1-211551609	
S1-343098859	
S1-951252674	
S1-367147109	
S1-10622287	
S1-887273315	
S1-928628913	
S1-804423445	
S1-222506444	
S1-983139108	
S1-771910494	
S1-732348866	
S1-690826928	
S1-841413534	
S1-380320526	
S1-607682204	
S1-510762034	
S1-636323287	
S1-857535626	
S1-43925576	
S1-52732704	
S1-757664969	
S1-591221208	
S1-176770646	
S1-100007104	
S1-168950943	
S1-931247930	
S1-544238037	
S1-247915987	
S1-91034750	
S1-898426270	
S1-78848741	
S1-401440648	
S1-58533293	
S1-648150395	
S1-588579374	
S1-438294566	
S1-13072862	
S1-276970863	
S1-751490102	
S1-494173468	
S1-478096861	
S1-316650266	
S1-371551353	
S1-254362428	
S1-777731377	
S1-246489364	
S1-795927862	
S1-900477277	
S1-717431362	
S1-50873217	
S1-983464792	
S1-83865684	
S1-970974665	
S1-651458958	
S1-564649232	
S1-783749934	
S1-454805732	
S1-647607273	
S1-99286805	
S1-990994665	
S1-147985132	
S1-25957644	
S1-301427607	
S1-339768093	
S1-41421565	
S1-597725172	
S1-833253164	
S1-536835076	
S1-137381241	
S1-140952070	
S1-92744156	
S1-769184591	
S1-598332145	
S1-574108805	
S1-747442617	
S1-382113991	
S1-714579334	
S1-36553890	
S1-374836080	
S1-251233817	
S1-984176902	
S1-444057994	
S1-573510104	
S1-534223666	
S1-232935367	
S1-400517770	
S1-576350264	
S1-829958134	
S1-392536497	
S1-817351431	
S1-755489770	
S1-829443189	
S1-65528851	
S1-934966835	
S1-731920278	
S1-838724443	
S1-427205455	
S1-877311129	
S1-210029384	
S1-65000167	
S1-570629862	
S1-194864560	
S1-775047137	
S1-27258197	
S1-811698102	
S1-859209	
S1-134798332	
S1-155705588	
S1-922589753	
S1-666173366	
S1-895257506	
S1-777655637	
S1-313058485	
S1-195144012	
S1-719206258	
S1-49161631	
S1-418313447	
S1-707222569	
S1-768514558	
S1-871777969	
S1-711902875	
S1-556858190	
S1-905901119	
S1-448655639	
S1-529564287	
S1-710012197	
S1-601452352	
S1-336592611	
S1-169730324	
S1-542706948	
S1-466887416	
S1-761059840	
S1-916532880	
S1-159120849	
S1-606022088	
S1-675006309	
S1-811163433	
S1-707460591	
S1-598414450	
S1-246617503	
S1-32993207	
S1-464609752	
S1-315159056	
S1-891639371	
S1-620254243	
S1-267150057	
S1-373963677	
S1-940539636	
S1-681337390	
S1-24018032	
S1-1306789	
S1-701404702	
S1-234017027	
S1-483910526	
S1-547349117	
S1-939019401	
S1-218106652	
S1-368661441	
S1-152354979	
S1-953502868	
S1-843160853	
S1-910904807	
S1-186942061	
S1-752568559	
S1-658505793	
S1-247635095	
S1-31739018	
S1-48485298	
S1-392102630	
S1-352049943	
S1-335178485	
S1-694520031	
S1-282044991	
S1-719115453	
S1-185478088	
S1-103391682	
S1-347481648	
S1-835524632	
S1-901785806	
S1-989309925	
S1-466228835	
S1-580696374	
S1-872262202	
S1-978316114	
S1-684653044	
S1-636326623	
S1-413511457	
S1-712516222	
S1-261329954	
S1-764301479	
S1-163060449	
S1-560720135	
S1-591330506	
S1-178976353	
S1-239878265	
S1-887016910	
S1-465585001	
S1-440122828	
S1-942741012	
S1-120628520	
S1-993074265	
S1-823029316	
S1-793140588	
S1-991104801	
S1-299365251	
S1-317068591	
S1-268161505	
S1-558644011	
S1-14179414	
S1-900395805	
S1-260176416	
S1-595740312	
S1-839307370	
S1-653324047	
S1-3864378	
S1-226896034	
S1-792179281	
S1-221176010	
S1-867891348	
S1-237311132	
S1-787544632	
S1-423897660	
S1-530660477	
S1-994963223	
S1-253997855	
S1-395917510	
S1-863171199	
S1-161100860	
S1-342599480	
S1-392721430	
S1-833548648	
S1-854894998	
S1-362037545	
S1-150877407	
S1-976781515	
S1-279844119	
S1-628703586	
S1-757628825	
S1-637909902	
S1-347852831	
S1-112101001	
S1-284940457	
S1-96088187	
S1-177858767	
S1-196917015	
S1-451971767	
S1-878041377	
S1-298342923	
S1-342809979	
S1-646169489	
S1-569450548	
S1-166888194	
S1-868914903	
S1-531356217	
S1-644091536	
S1-604981765	
S1-45264559	
S1-638345261	
S1-33536655	
S1-566442257	
S1-607196361	
S1-856972161	
S1-694782984	
S1-793592885	
S1-40479989	
S1-137624452	
S1-254248941	
S1-649396866	
S1-770991449	
S1-48409901	
S1-405260088	
S1-941413182	
S1-772297673	
S1-43471259	
S1-54832498	
S1-158828275	
S1-908389208	
S1-566146140	
S1-950375074	
S1-720941396	
S1-156181339	
S1-633162225	
S1-869360534	
S1-796467172	
S1-220056389	
S1-912593281	
S1-923500134	
S1-715947143	
S1-120792738	
S1-819474535	
S1-917729498	
S1-336162735	
S1-285579528	
S1-16606135	
S1-982636052	
S1-488261215	
S1-632470215	
S1-622453974	
S1-868335394	
S1-442256154	
S1-13134665	
S1-344096583	
S1-157153247	
S1-803265664	
S1-982736847	
S1-958191365	
S1-552885231	
S1-975452578	
S1-93303394	
S1-453627395	
S1-95496963	
S1-958339701	
S1-416917509	
S1-802762786	
S1-344629612	
S1-781358988	
S1-206110582	
S1-656077333	
S1-423211010	
S1-113513698	
S1-736785411	
S1-302219105	
S1-25156108	
S1-590958642	
S1-581635410	
S1-617481248	
S1-379582196	
S1-311337667	
S1-582896847	
S1-946769432	
S1-806981549	
S1-82976516	
S1-600460886	
S1-292968866	
S1-326430771	
S1-932978751	
S1-951988939	
S1-718973363	
S1-372386936	
S1-816599566	
S1-489981863	
S1-575996625	
S1-162185846	
S1-157945583	
S1-76308060	
S1-991724314	
S1-422085599	
S1-456709533	
S1-361263438	
S1-822378651	
S1-57032080	
S1-558780497	
S1-777989559	
S1-830488735	
S1-830817574	
S1-539693880	
S1-551190339	
S1-624912839	
S1-629041396	
S1-172767374	
S1-676472572	
S1-98499854	
S1-26263614	
S1-826412296	
S1-161762683	
S1-618186018	
S1-937329943	
S1-714741551	
S1-8685813	
S1-232177424	
S1-585470257	
S1-388925626	
S1-627907482	
S1-702156688	
S1-492066948	
S1-493308781	
S1-205657178	
S1-233109599	
S1-152761394	
S1-960799397	
S1-983193885	
S1-832273729	
S1-17021203	
S1-670969895	
S1-118843895	
S1-79282723	
S1-409778560	
S1-19765758	
S1-955435265	
S1-285435883	
S1-856883839	
S1-414531563	
S1-405392716	
S1-834898810	
S1-821037025	
S1-287560716	
S1-30900221	
S1-62407501	
S1-272788544	
S1-162012421	
S1-313014795	
S1-840861819	
S1-744195090	
S1-96681925	
S1-725066923	
S1-164312292	
S1-105959318	
S1-301646066	
S1-448072944	
S1-317275191	
S1-362499366	
S1-181633342	
S1-694655970	
S1-958087392	
S1-486975411	
S1-648585597	
S1-482684554	
S1-780810377	
S1-883602326	
